skill,job_count,demand_percentage
sql,1306,8.24
analytics,904,5.71
python,844,5.33
finance,756,4.77
java,732,4.62
machine learning,654,4.13
sas,638,4.03
business analysis,633,4.0
data analysis,618,3.9
digital marketing,566,3.57
javascript,537,3.39
project management,505,3.19
seo,498,3.14
data analytics,412,2.6
sales,404,2.55
excel,403,2.54
accounting,376,2.37
outsourcing,360,2.27
marketing,326,2.06
html,311,1.96
hadoop,300,1.89
spark,284,1.79
business process,280,1.77
data science,271,1.71
big data,263,1.66
business development,254,1.6
auditing,247,1.56
financial analysis,245,1.55
c++,243,1.53
market research,234,1.48
css,232,1.46
google analytics,225,1.42
data mining,225,1.42
operations,221,1.4
budgeting,220,1.39
sem,218,1.38
jquery,203,1.28
analytical,200,1.26
hive,199,1.26
consulting,189,1.19
product management,179,1.13
nosql,178,1.12
business intelligence,177,1.12
c#,175,1.1
hr,169,1.07
banking,168,1.06
linux,164,1.04
algorithms,163,1.03
recruitment,162,1.02
core java,161,1.02
xml,160,1.01
social media,158,1.0
tableau,157,0.99
deep learning,155,0.98
forecasting,150,0.95
oracle,149,0.94
strategy,148,0.93
predictive modeling,146,0.92
j2ee,144,0.91
analytics...,144,0.91
nlp,143,0.9
mis,142,0.9
data modeling,142,0.9
business analyst,141,0.89
etl,141,0.89
operations...,139,0.88
rest,139,0.88
net,139,0.88
online marketing,137,0.86
scala,136,0.86
software development,135,0.85
advanced excel,133,0.84
google adwords,128,0.81
data warehousing,128,0.81
data management,128,0.81
communication skills,127,0.8
json,126,0.8
predictive analytics,124,0.78
php,123,0.78
web technologies,123,0.78
financial planning,123,0.78
html5,121,0.76
financial modelling,120,0.76
risk management,119,0.75
customer service,119,0.75
agile,119,0.75
sap,114,0.72
data analytics...,114,0.72
data structures,113,0.71
ppc,113,0.71
bpo,112,0.71
networking,110,0.69
web services,108,0.68
angularjs,107,0.68
taxation,106,0.67
quality analysis,105,0.66
credit risk,104,0.66
data analysis...,103,0.65
android,102,0.64
unix,100,0.63
hibernate,99,0.62
coding,99,0.62
statistics,98,0.62
python...,98,0.62
research analysis,97,0.61
technical support,97,0.61
business analysis...,97,0.61
statistical modeling,96,0.61
sas sql,95,0.6
sql...,95,0.6
marketing analytics,95,0.6
machine learning...,95,0.6
internal audit,92,0.58
data entry,91,0.57
web analytics,91,0.57
part time,90,0.57
business analytics,90,0.57
research,89,0.56
sales management,89,0.56
mongodb,89,0.56
automation,88,0.56
spring,88,0.56
ms office,88,0.56
mvc,88,0.56
ssis,87,0.55
vba,87,0.55
team management,86,0.54
outsourcing...,85,0.54
model development,84,0.53
power bi,84,0.53
analytical skills,84,0.53
cassandra,84,0.53
financial services,84,0.53
team leading,83,0.52
data visualization,83,0.52
linear regression,83,0.52
text mining,83,0.52
mapreduce,81,0.51
presales,81,0.51
salesforce,80,0.51
test cases,80,0.51
mis reporting,80,0.51
aws,80,0.51
ajax,80,0.51
freelancing,79,0.5
crm,79,0.5
sas...,79,0.5
node.js,78,0.49
marketing campaigns,78,0.49
sql queries,78,0.49
data scientist,78,0.49
social media marketing,77,0.49
procurement,77,0.49
segmentation,77,0.49
lead generation,77,0.49
program management,76,0.48
advanced analytics,75,0.47
software engineering,74,0.47
gap analysis,73,0.46
hbase,73,0.46
logistic regression,73,0.46
problem solving,72,0.45
asp.net,72,0.45
matlab,72,0.45
ios,72,0.45
statistical analysis,71,0.45
seo analysis,71,0.45
git,70,0.44
project management...,70,0.44
iim,70,0.44
investment banking,69,0.44
pig,69,0.44
automation testing,69,0.44
artificial intelligence,68,0.43
keyword research,68,0.43
supply chain,68,0.43
business development management,67,0.42
financial reporting,67,0.42
hiring,67,0.42
link building,66,0.42
market analysis,66,0.42
work from home...,66,0.42
present job,66,0.42
data mining...,66,0.42
secondary research,65,0.41
application support,65,0.41
qa,65,0.41
r...,64,0.4
credit analysis,64,0.4
kpo,64,0.4
data analyst,64,0.4
international bpo,64,0.4
search engine marketing,63,0.4
content writing,63,0.4
macros,63,0.4
computer science,63,0.4
product development,61,0.39
data quality,61,0.39
manual testing,61,0.39
hdfs,61,0.39
corporate finance,61,0.39
neural networks,61,0.39
variance analysis,61,0.39
software development...,61,0.39
smo,61,0.39
soap,60,0.38
sdlc,60,0.38
training,59,0.37
natural language processing,59,0.37
google analytics...,59,0.37
windows,58,0.37
search engine optimization,58,0.37
ux,58,0.37
requirement gathering,58,0.37
advertising,57,0.36
troubleshooting,57,0.36
design patterns,57,0.36
risk analytics,57,0.36
display advertising,57,0.36
analytical...,57,0.36
web development,56,0.35
insurance analytics,56,0.35
fresher,56,0.35
quality analyst,56,0.35
web technologies...,56,0.35
financial analysis...,56,0.35
valuation,56,0.35
budgeting...,55,0.35
oracle sql,55,0.35
finance...,55,0.35
spss,55,0.35
monitoring,55,0.35
product marketing,54,0.34
us healthcare,54,0.34
healthcare,54,0.34
sourcing,54,0.34
change management,54,0.34
business research,54,0.34
microsoft,53,0.33
forecasting...,53,0.33
informatica,53,0.33
user stories,53,0.33
wcf,53,0.33
reporting,53,0.33
talent acquisition,53,0.33
programming,52,0.33
mba finance,52,0.33
statistical modeling...,52,0.33
application development,52,0.33
scrum,51,0.32
selenium,51,0.32
use cases,51,0.32
market research...,51,0.32
azure,51,0.32
ms sql server,51,0.32
sqoop,51,0.32
ssrs,51,0.32
uat,51,0.32
photoshop,50,0.32
qlikview,50,0.32
ar calling,50,0.32
django,50,0.32
social media...,50,0.32
strategy...,50,0.32
sem...,49,0.31
business process...,49,0.31
customer support,49,0.31
hr analytics,49,0.31
medical coding,49,0.31
model validation,49,0.31
data integration,49,0.31
bi,49,0.31
stakeholder management,48,0.3
non voice,48,0.3
big data analytics,48,0.3
customer analytics,47,0.3
medical billing,46,0.29
business strategy,46,0.29
internet marketing,46,0.29
data management...,46,0.29
adwords,46,0.29
quality assurance,46,0.29
digital marketing...,46,0.29
design,46,0.29
production support,45,0.28
accounts payable,45,0.28
market intelligence,45,0.28
marketing automation,45,0.28
redis,45,0.28
campaigns,45,0.28
business finance,45,0.28
sales strategy,45,0.28
requirement analysis,44,0.28
excel powerpoint,44,0.28
accounts receivable,44,0.28
equity research,44,0.28
operations management,43,0.27
data extraction,43,0.27
product strategy,43,0.27
objective c,43,0.27
email marketing,43,0.27
ansible,43,0.27
mba,43,0.27
backend,43,0.27
retail analytics,43,0.27
debugging,42,0.27
high frequency trading,42,0.27
voice process,42,0.27
adobe analytics,42,0.27
customer experience,42,0.27
rfp,42,0.27
big data...,42,0.27
equity,42,0.27
process improvement,41,0.26
logistics,41,0.26
flume,41,0.26
analytical skills...,41,0.26
project planning,41,0.26
events,41,0.26
hplc,40,0.25
front end,40,0.25
auditing...,40,0.25
strategic planning,40,0.25
business planning,39,0.25
promotions,39,0.25
financial planning...,39,0.25
chaid,39,0.25
business development...,39,0.25
product management...,39,0.25
inside sales,39,0.25
ruby,39,0.25
oozie,39,0.25
plsql,39,0.25
perl,39,0.25
risk management...,38,0.24
data...,38,0.24
primary research,38,0.24
screening,38,0.24
call center,38,0.24
ssas,38,0.24
training need analysis,38,0.24
night shift,38,0.24
feedback,38,0.24
bootstrap,38,0.24
stored procedures,38,0.24
information security,38,0.24
open source,37,0.23
unit testing,37,0.23
impala,37,0.23
balance sheet,37,0.23
consulting...,37,0.23
campaign management,37,0.23
financial modelling...,37,0.23
predictive analytics...,37,0.23
marketing...,37,0.23
analyst,37,0.23
algorithms...,37,0.23
project delivery,37,0.23
fmcg,37,0.23
computer vision,37,0.23
user experience,37,0.23
quantitative analysis,37,0.23
client servicing,37,0.23
siem,36,0.23
credit,36,0.23
analysis,36,0.23
content marketing,36,0.23
docker,36,0.23
purchase,36,0.23
product manager,36,0.23
excel...,36,0.23
people management,36,0.23
base sas,35,0.22
quality control,35,0.22
cold calling,35,0.22
planning,35,0.22
insurance,35,0.22
ccar,35,0.22
pmp,35,0.22
ca,35,0.22
scope,34,0.21
quality management,34,0.21
api,34,0.21
multithreading,34,0.21
facebook,34,0.21
design development,34,0.21
devops,34,0.21
lead generation...,34,0.21
trading,34,0.21
compliance,34,0.21
pay per click,34,0.21
lan,34,0.21
data collection,34,0.21
financial management,34,0.21
tableau...,34,0.21
life insurance,33,0.21
solr,33,0.21
itil,33,0.21
impact analysis,33,0.21
relationship management,33,0.21
account management,33,0.21
sales planning,33,0.21
business analyst...,33,0.21
financial accounting,33,0.21
gc,33,0.21
marketing management,33,0.21
technical support...,32,0.2
sales support,32,0.2
test scripts,32,0.2
problem solving...,32,0.2
client management,32,0.2
learning,32,0.2
react.js,32,0.2
payroll,32,0.2
communication skills...,32,0.2
solution design,32,0.2
qc,32,0.2
team management...,32,0.2
swift,32,0.2
branding,32,0.2
compensation,32,0.2
cloudera,32,0.2
ms access,31,0.2
illustrator,31,0.2
performance management,31,0.2
cost accounting,31,0.2
software testing,31,0.2
campaign analytics,31,0.2
hr operations,31,0.2
administration,31,0.2
employee engagement,31,0.2
sales analysis,31,0.2
jsp,31,0.2
ifrs,31,0.2
shell scripting,30,0.19
word,30,0.19
erp,30,0.19
competitive analysis,30,0.19
business analytics...,30,0.19
sql database,30,0.19
workflow,30,0.19
scheduling,30,0.19
image processing,30,0.19
sql development,30,0.19
non voice process,30,0.19
cash flow,30,0.19
sales process,30,0.19
inbound,30,0.19
variance analysis...,30,0.19
jdbc,30,0.19
flex,30,0.19
rdbms,29,0.18
oops,29,0.18
predictive modeling...,29,0.18
risk analysis,29,0.18
olap,29,0.18
benefits,29,0.18
blogs,29,0.18
smm,29,0.18
onboarding,29,0.18
anova,29,0.18
strong analytical skills,29,0.18
research analyst,29,0.18
ms office...,29,0.18
ar,29,0.18
mis reporting...,29,0.18
time series,29,0.18
back office,29,0.18
costing,28,0.18
social media marketing...,28,0.18
sales...,28,0.18
postgresql,28,0.18
mis analyst,28,0.18
b2b sales,28,0.18
research analysis...,28,0.18
jms,28,0.18
soc,28,0.18
dw,28,0.18
front end...,28,0.18
accounting standards,28,0.18
spring mvc,28,0.18
financial reporting...,28,0.18
statistics...,28,0.18
database,27,0.17
sales analytics,27,0.17
google adwords...,27,0.17
private equity,27,0.17
real estate,27,0.17
cloud,27,0.17
technical analysis,27,0.17
vendor management,27,0.17
statistical programming,27,0.17
brd,27,0.17
production,27,0.17
network security,27,0.17
sap hana,27,0.17
sap fico,27,0.17
presales...,27,0.17
credit risk...,27,0.17
data science...,27,0.17
market risk,26,0.16
e - commerce,26,0.16
interviewing,26,0.16
java...,26,0.16
bidding,26,0.16
software engineering...,26,0.16
javascript...,26,0.16
uv,26,0.16
testing,26,0.16
capital market,26,0.16
b2b,26,0.16
competitor analysis,26,0.16
online marketing...,26,0.16
pricing,26,0.16
maintenance,26,0.16
financial...,26,0.16
outbound,26,0.16
business intelligence...,26,0.16
vlookup,25,0.16
general ledger,25,0.16
senior management,25,0.16
pharma,25,0.16
sas programming,25,0.16
test engineering,25,0.16
underwriting,25,0.16
project delivery...,25,0.16
derivatives,25,0.16
management reporting,25,0.16
msbi,25,0.16
operations research,25,0.16
powerpoint,25,0.16
root cause analysis,25,0.16
spring boot,25,0.16
asp.net mvc,25,0.16
wordpress,25,0.16
banking analytics,25,0.16
product design,25,0.16
junit,25,0.16
manager quality assurance,25,0.16
ar analyst,25,0.16
solution architecture,25,0.16
mis executive,25,0.16
wfm,24,0.15
system analysis,24,0.15
customer segmentation,24,0.15
sales operations,24,0.15
credit appraisal,24,0.15
visual studio,24,0.15
relationship management...,24,0.15
analytics head,24,0.15
call monitoring,24,0.15
credit cards,24,0.15
rfi,24,0.15
reconciliation,24,0.15
jpa,24,0.15
brand management,24,0.15
agile development...,24,0.15
lean six sigma,24,0.15
chartered accountant,23,0.15
product sales,23,0.15
spring framework,23,0.15
hadoop...,23,0.15
consumer insights,23,0.15
rcm,23,0.15
data governance,23,0.15
marketing analysis,23,0.15
retail banking,23,0.15
retail,23,0.15
digital media,23,0.15
development,23,0.15
c#.net,23,0.15
omniture,23,0.15
talent management,23,0.15
people management skills,23,0.15
t - sql,23,0.15
vba...,23,0.15
company profiling,23,0.15
elastic search,23,0.15
quantitative research,23,0.15
scala...,23,0.15
system analyst,22,0.14
functional testing,22,0.14
credit policy,22,0.14
sap abap,22,0.14
microsoft azure,22,0.14
wpf,22,0.14
credit management,22,0.14
sales forecasting...,22,0.14
ppc...,22,0.14
asset management,22,0.14
opencv,22,0.14
data structures...,22,0.14
web services...,22,0.14
saas,22,0.14
data warehousing...,22,0.14
data migration,22,0.14
marketing strategy,22,0.14
communication,22,0.14
income tax,22,0.14
competitive intelligence,22,0.14
web analytics...,22,0.14
performance tuning,22,0.14
sales executive activities,22,0.14
product development...,22,0.14
regression testing,22,0.14
design patterns...,22,0.14
supply chain...,22,0.14
service delivery,22,0.14
jira,22,0.14
information retrieval,22,0.14
data modeling...,22,0.14
digital analytics,22,0.14
rabbitmq,22,0.14
btl,22,0.14
senior analyst,22,0.14
content development,22,0.14
alteryx,22,0.14
financial statements,22,0.14
accounting...,22,0.14
physical design,21,0.13
credit analyst,21,0.13
medical coder,21,0.13
unix shell scripting,21,0.13
market analysis...,21,0.13
calling,21,0.13
enterprise risk management,21,0.13
banking...,21,0.13
credit underwriting,21,0.13
data processing,21,0.13
corporate strategy,21,0.13
actuarial,21,0.13
management consulting,21,0.13
data architecture,21,0.13
struts,21,0.13
seo...,21,0.13
ui development,21,0.13
jenkins,21,0.13
agile...,21,0.13
investment banking...,21,0.13
seo executive,21,0.13
wealth management,21,0.13
reporting tools,21,0.13
requirements management,21,0.13
finance control,21,0.13
due diligence,21,0.13
inventory management,21,0.13
iot,21,0.13
spark...,21,0.13
risk modeling,21,0.13
dashboards,21,0.13
life sciences...,21,0.13
correlation,21,0.13
business...,20,0.13
assurance,20,0.13
spss...,20,0.13
basel,20,0.13
qa analysis,20,0.13
laravel,20,0.13
maven,20,0.13
bloomberg,20,0.13
telecom,20,0.13
solutioning,20,0.13
technical architecture,20,0.13
test case execution,20,0.13
nlp...,20,0.13
networking...,20,0.13
splunk,20,0.13
articles,20,0.13
process improvement...,20,0.13
css3,20,0.13
user experience...,20,0.13
it recruitment,20,0.13
key account management,20,0.13
sdtm,20,0.13
fixed income,20,0.13
business consulting,20,0.13
information technology,20,0.13
kyc,20,0.13
uml,20,0.13
kafka,20,0.13
twitter,20,0.13
mcom,20,0.13
general insurance,19,0.12
xcode,19,0.12
data quality...,19,0.12
customer management,19,0.12
risk assessment,19,0.12
aws...,19,0.12
ites,19,0.12
linux...,19,0.12
typing,19,0.12
user research,19,0.12
estimation,19,0.12
hypermesh,19,0.12
corporate sales,19,0.12
mutual funds,19,0.12
demand planning,19,0.12
teradata,19,0.12
supply chain management,19,0.12
test analysis,19,0.12
atl,19,0.12
marketing budget,19,0.12
marketing campaigns...,19,0.12
test planning,19,0.12
mysql...,19,0.12
data entry operation,19,0.12
cognos,19,0.12
stakeholder management...,19,0.12
android sdk,19,0.12
database design,19,0.12
accounts,19,0.12
business solutions,19,0.12
business operations,19,0.12
statistical analysis...,19,0.12
ad sales,19,0.12
adam,19,0.12
visio,19,0.12
team handling,19,0.12
asp,19,0.12
statistical software,18,0.11
search engine optimization...,18,0.11
credit research,18,0.11
induction,18,0.11
bcom,18,0.11
abap,18,0.11
data visualization...,18,0.11
pmo,18,0.11
crm...,18,0.11
automation testing...,18,0.11
magento,18,0.11
sta,18,0.11
six sigma,18,0.11
client management...,18,0.11
distribution,18,0.11
econometrics,18,0.11
python developer,18,0.11
clustering,18,0.11
audit,18,0.11
team leading...,18,0.11
segmentation...,18,0.11
financial control,18,0.11
revenue cycle management...,18,0.11
customer service...,18,0.11
root cause analysis...,18,0.11
portfolio management,18,0.11
rf,18,0.11
user acceptance testing,18,0.11
revenue generation,18,0.11
regional sales,18,0.11
timing closure,18,0.11
nosql...,18,0.11
development testing,18,0.11
data reporting,17,0.11
hana,17,0.11
credit risk management,17,0.11
graphic designing,17,0.11
business objects,17,0.11
dbms,17,0.11
new product development,17,0.11
on - page optimization,17,0.11
order management,17,0.11
mongodb...,17,0.11
bi...,17,0.11
billing,17,0.11
project planning...,17,0.11
training delivery,17,0.11
legal,17,0.11
lgd,17,0.11
analysis...,17,0.11
outbound sales,17,0.11
cpg,17,0.11
ap,17,0.11
marketing analytics...,17,0.11
software design,17,0.11
soa,17,0.11
puppet,17,0.11
report preparation,17,0.11
unix...,17,0.11
research...,17,0.11
itsm,17,0.11
agile methodology,17,0.11
selling,17,0.11
aem,17,0.11
postgres,17,0.11
regression,17,0.11
advanced analytics...,17,0.11
vb.net,17,0.11
adobe,17,0.11
internal control,17,0.11
pivot table,17,0.11
sales forecasting,17,0.11
vb,17,0.11
call quality,17,0.11
fp&a,17,0.11
fraud analytics,17,0.11
ba,17,0.11
xslt,17,0.11
gst,16,0.1
business strategy...,16,0.1
co,16,0.1
management,16,0.1
ts,16,0.1
aml,16,0.1
pitch books,16,0.1
android development,16,0.1
drafting,16,0.1
marketing communication,16,0.1
qtp,16,0.1
keyword research...,16,0.1
seo analyst,16,0.1
direct sales,16,0.1
documentation,16,0.1
microservices,16,0.1
project execution,16,0.1
fea,16,0.1
senior management...,16,0.1
http,16,0.1
web designing,16,0.1
inventory optimization,16,0.1
financial analyst,16,0.1
solution design...,16,0.1
contact center,16,0.1
continuous integration,16,0.1
interpersonal skills,16,0.1
vc++,16,0.1
internet marketing...,16,0.1
financial services...,16,0.1
product costing,16,0.1
contract management,16,0.1
new business,16,0.1
process training,16,0.1
internal audit...,16,0.1
security operations,16,0.1
data manipulation,16,0.1
financial research,16,0.1
talend,16,0.1
data validation,16,0.1
bash,16,0.1
oracle...,16,0.1
os,16,0.1
email marketing...,16,0.1
sfdc,16,0.1
customer care,16,0.1
performance testing,16,0.1
scrum master,16,0.1
frm,15,0.09
entity framework,15,0.09
credit analysis...,15,0.09
finished products,15,0.09
db2,15,0.09
system administration,15,0.09
taleo,15,0.09
dcf,15,0.09
solution sales,15,0.09
natural language processing...,15,0.09
content editing,15,0.09
design engineering,15,0.09
artificial intelligence...,15,0.09
tech support,15,0.09
new business development,15,0.09
product support,15,0.09
strategic planning...,15,0.09
var,15,0.09
strategy consulting,15,0.09
apache,15,0.09
research associate,15,0.09
collections,15,0.09
uk shift,15,0.09
jboss,15,0.09
us gaap,15,0.09
project finance,15,0.09
competitor analysis...,15,0.09
mobile marketing,15,0.09
test cases...,15,0.09
company profiling...,15,0.09
paas,15,0.09
sap bw,15,0.09
hr reporting,15,0.09
mathematics,15,0.09
domestic bpo,15,0.09
ci,15,0.09
market data,15,0.09
leadership,15,0.09
service desk,15,0.09
health insurance,15,0.09
account management...,15,0.09
google...,15,0.09
credit rating,15,0.09
quality audit,15,0.09
cms,15,0.09
net framework,14,0.09
sqlite,14,0.09
risk analytics...,14,0.09
delivery management,14,0.09
online sales,14,0.09
international bpo...,14,0.09
bfsi,14,0.09
notepad,14,0.09
architecture,14,0.09
technical design...,14,0.09
core banking,14,0.09
indesign,14,0.09
prince2,14,0.09
cost analysis...,14,0.09
operations research...,14,0.09
business case,14,0.09
tdd,14,0.09
design analysis,14,0.09
facebook...,14,0.09
tendering,14,0.09
ansys,14,0.09
us shift,14,0.09
key accounts,14,0.09
etl tool,14,0.09
design...,14,0.09
advanced excel...,14,0.09
fico,14,0.09
text analytics,14,0.09
quality,14,0.09
third party,14,0.09
ips,14,0.09
model development...,14,0.09
compliance...,14,0.09
technology solutions,14,0.09
pr,14,0.09
management accounting,14,0.09
trading head,14,0.09
analytics reporting,14,0.09
gis,14,0.09
scm,14,0.09
credit manager,14,0.09
servicenow,14,0.09
service delivery...,14,0.09
patents,14,0.09
quality analyst...,14,0.09
quality assurance engineering,14,0.09
human resource management,14,0.09
fresher...,14,0.09
qualitative,14,0.09
business accounting,13,0.08
page,13,0.08
customer acquisition,13,0.08
programming...,13,0.08
affiliate marketing,13,0.08
msc,13,0.08
ospf,13,0.08
big data analytics...,13,0.08
profitability analysis...,13,0.08
finance function,13,0.08
ssl,13,0.08
tax returns,13,0.08
technical design,13,0.08
process design,13,0.08
team leader,13,0.08
supervision,13,0.08
penetration testing,13,0.08
gap analysis...,13,0.08
system integration,13,0.08
salesforce.com,13,0.08
formulas,13,0.08
primary,13,0.08
visualization,13,0.08
web...,13,0.08
customer experience...,13,0.08
portfolio analysis,13,0.08
enterprise architecture,13,0.08
switching,13,0.08
options,13,0.08
training management,13,0.08
english,13,0.08
link building...,13,0.08
business modeling,13,0.08
credit risk analytics,13,0.08
cross selling,13,0.08
written communication,13,0.08
fundamental research,13,0.08
clinical research,13,0.08
civil engineering,13,0.08
employee relations,13,0.08
lookup,13,0.08
languages,13,0.08
triggers,13,0.08
staad pro,13,0.08
customer retention,13,0.08
sap ecc,13,0.08
time series...,13,0.08
cae,13,0.08
json...,13,0.08
apex,13,0.08
modeling,13,0.08
ms project,13,0.08
proof reading,13,0.08
revenue cycle management,13,0.08
revenue management,13,0.08
project sales,13,0.08
etl...,13,0.08
electricals,13,0.08
accounts receivable...,13,0.08
purchase management,13,0.08
qlik sense,13,0.08
itil solving...,13,0.08
execution,13,0.08
display advertising...,13,0.08
mis...,13,0.08
international voice process,13,0.08
production planning,13,0.08
internship,13,0.08
investment research,13,0.08
ux...,13,0.08
semi voice,13,0.08
master data management,13,0.08
channel sales,13,0.08
software sales,13,0.08
database...,13,0.08
verbal communication,13,0.08
css...,12,0.08
hris,12,0.08
general management,12,0.08
pl,12,0.08
graphics,12,0.08
data analyst...,12,0.08
hlookup,12,0.08
workforce management,12,0.08
business operations...,12,0.08
training needs,12,0.08
linq,12,0.08
sharepoint,12,0.08
abaqus,12,0.08
logistic regression...,12,0.08
data mapping,12,0.08
pricing strategy,12,0.08
presentation skills,12,0.08
sales coordination,12,0.08
capacity planning,12,0.08
visualforce,12,0.08
off - page optimization,12,0.08
data collection...,12,0.08
data cleansing,12,0.08
people management skills...,12,0.08
autosys,12,0.08
techno functional,12,0.08
program management...,12,0.08
invoice processing,12,0.08
consultant,12,0.08
root cause,12,0.08
visual design,12,0.08
obiee,12,0.08
content strategy,12,0.08
process excellence,12,0.08
bd,12,0.08
content marketing...,12,0.08
nagios,12,0.08
financial statement analysis,12,0.08
business services...,12,0.08
fixed income securities,12,0.08
indirect taxation,12,0.08
data research,12,0.08
asset accounting,12,0.08
integrated marketing,12,0.08
html5...,12,0.08
industry research,12,0.08
mis preparation,12,0.08
it,12,0.08
project scheduling,12,0.08
structural engineering,12,0.08
category management,12,0.08
ccna,12,0.08
data,12,0.08
smo...,12,0.08
e - commerce...,12,0.08
marketing initiatives,12,0.08
chat,12,0.08
rest...,12,0.08
marketing programs,12,0.08
project documentation,12,0.08
agile development,12,0.08
service management,12,0.08
junit...,12,0.08
karma,12,0.08
time series analysis,12,0.08
android studio,12,0.08
fpa,12,0.08
business generation,12,0.08
bmc remedy,12,0.08
cluster analysis,12,0.08
report writing,12,0.08
report generation,12,0.08
stress testing,12,0.08
customer relationship,12,0.08
sap consulting,12,0.08
market intelligence...,12,0.08
eclipse,12,0.08
manager - analytics,12,0.08
cloud computing,12,0.08
tools,12,0.08
email,12,0.08
life sciences,12,0.08
recruitment...,12,0.08
general accounting,12,0.08
growth strategy,12,0.08
scada,11,0.07
scalability,11,0.07
client interaction,11,0.07
grunt,11,0.07
webtrends,11,0.07
hive...,11,0.07
test execution,11,0.07
media management,11,0.07
change management...,11,0.07
bsc,11,0.07
client engagement...,11,0.07
ratio analysis,11,0.07
client relationship,11,0.07
email support,11,0.07
lending,11,0.07
cisco,11,0.07
clustering...,11,0.07
rate analysis,11,0.07
legal process outsourcing,11,0.07
training...,11,0.07
law,11,0.07
cobol,11,0.07
market sizing,11,0.07
tomcat,11,0.07
hr...,11,0.07
pega,11,0.07
sap security,11,0.07
sdlc...,11,0.07
hr policies,11,0.07
website analysis,11,0.07
sap...,11,0.07
search engine,11,0.07
people management...,11,0.07
call audit,11,0.07
power bi...,11,0.07
structural analysis,11,0.07
pentaho...,11,0.07
sas analytics,11,0.07
ooad,11,0.07
corporate accounting,11,0.07
sales enablement,11,0.07
sales management...,11,0.07
detailing,11,0.07
tds,11,0.07
new product...,11,0.07
content management,11,0.07
teaching,11,0.07
modeler,11,0.07
production support...,11,0.07
technical recruitment,11,0.07
salary,11,0.07
user training,11,0.07
rfq,11,0.07
technical writing,11,0.07
test driven development,11,0.07
apple,11,0.07
mobile applications,11,0.07
ccnp,11,0.07
negotiation,11,0.07
ms sql...,11,0.07
microstrategy,11,0.07
computer science...,11,0.07
java ee,11,0.07
exit formalities,11,0.07
mis coordinator,11,0.07
journalism,11,0.07
marketing research,11,0.07
journal entries,11,0.07
biotechnology,11,0.07
medical,11,0.07
spring security,11,0.07
iaas,11,0.07
floor planning,11,0.07
basel ii,11,0.07
cyber security,11,0.07
cpc,11,0.07
sql server...,11,0.07
action request system,11,0.07
openstack,11,0.07
firmware,11,0.07
corporate strategy...,11,0.07
perl...,11,0.07
fsd,11,0.07
quality analysis...,10,0.06
timing analysis,10,0.06
maximo,10,0.06
mechanical engineering,10,0.06
jee,10,0.06
equity research...,10,0.06
cfo,10,0.06
soap...,10,0.06
qms,10,0.06
qt,10,0.06
key account management...,10,0.06
qa...,10,0.06
qa testing,10,0.06
marketing automation...,10,0.06
trade finance,10,0.06
manager,10,0.06
quant trader,10,0.06
quantitative analysis...,10,0.06
client servicing...,10,0.06
work from home,10,0.06
business planning...,10,0.06
windows server,10,0.06
poc,10,0.06
b.tech,10,0.06
bpo...,10,0.06
client engagement,10,0.06
real time analysis,10,0.06
learning...,10,0.06
trend analysis,10,0.06
gl accounting,10,0.06
xml...,10,0.06
groovy,10,0.06
gl,10,0.06
cold calling...,10,0.06
editing,10,0.06
sitecatalyst,10,0.06
quality check,10,0.06
cluster analysis...,10,0.06
quality tools,10,0.06
requirements,10,0.06
typing speed,10,0.06
lap,10,0.06
requirement analysis...,10,0.06
cissp,10,0.06
brand awareness,10,0.06
management consulting...,10,0.06
technology consulting,10,0.06
soft skills,10,0.06
social media optimization,10,0.06
j2ee...,10,0.06
ceh,10,0.06
arcsight,10,0.06
content writer,10,0.06
selenium...,10,0.06
visual basic,10,0.06
product quality,10,0.06
financial modeling,10,0.06
international sales,10,0.06
rwa,10,0.06
sox 404,10,0.06
continuous improvement...,10,0.06
content writing...,10,0.06
technical documentation,10,0.06
solution selling,10,0.06
net...,10,0.06
technical leadership,10,0.06
technical skills,10,0.06
development management,10,0.06
program delivery,10,0.06
project coordination,10,0.06
software testing...,10,0.06
investment management...,10,0.06
root cause...,10,0.06
ip,10,0.06
marketing strategy...,10,0.06
memory management,10,0.06
rewards,10,0.06
user acceptance testing...,10,0.06
project development,10,0.06
bug reporting,10,0.06
user experience design,10,0.06
user interface designing,10,0.06
core java...,10,0.06
bank reconciliation,10,0.06
incident management,10,0.06
structural design,10,0.06
page...,10,0.06
tamil,10,0.06
bba,10,0.06
industry reports,10,0.06
information security...,10,0.06
cost analysis,10,0.06
ado.net,10,0.06
database administration,10,0.06
firewall,10,0.06
voice process...,10,0.06
voice,10,0.06
data verification,10,0.06
data profiling,10,0.06
core data,10,0.06
performance management...,10,0.06
fpna,10,0.06
sap bi,10,0.06
icwa,10,0.06
successfactors,10,0.06
data architecture...,10,0.06
strategy development...,10,0.06
strategic sourcing,10,0.06
sap bo,10,0.06
portfolio management...,10,0.06
portfolio risk reporting...,10,0.06
website,10,0.06
policies,10,0.06
head hunting,10,0.06
yarn,10,0.06
youtube,9,0.06
fixed assets,9,0.06
mvc...,9,0.06
business reporting,9,0.06
qualitative...,9,0.06
due diligence...,9,0.06
testng,9,0.06
outbound calling,9,0.06
ls - dyna,9,0.06
social networking...,9,0.06
purchase order,9,0.06
customer relationship...,9,0.06
strategy consulting...,9,0.06
sap hcm,9,0.06
sap mm,9,0.06
brand strategy,9,0.06
coordination,9,0.06
life cycle,9,0.06
field sales,9,0.06
release management,9,0.06
sourcing...,9,0.06
bgp,9,0.06
dhtml,9,0.06
coding...,9,0.06
cmmi,9,0.06
coaching,9,0.06
search engine marketing...,9,0.06
ar caller,9,0.06
qa management,9,0.06
sox,9,0.06
o2c,9,0.06
linear regression...,9,0.06
regression analysis,9,0.06
regression testing...,9,0.06
microcontroller,9,0.06
method development,9,0.06
cost benefit analysis,9,0.06
cost estimation,9,0.06
test scripts...,9,0.06
unit testing...,9,0.06
uat...,9,0.06
ui,9,0.06
amazon redshift,9,0.06
business management,9,0.06
instructional design,9,0.06
communication...,9,0.06
quality control...,9,0.06
seo expert,9,0.06
online advertising,9,0.06
talent management...,9,0.06
tally,9,0.06
cfa,9,0.06
content...,9,0.06
continuous improvement,9,0.06
brand marketing,9,0.06
active directory,9,0.06
analytics head...,9,0.06
trade marketing,9,0.06
ejb,9,0.06
sales strategy...,9,0.06
data entry...,9,0.06
international call center,9,0.06
international voice,9,0.06
appium,9,0.06
web api,9,0.06
rest apis,9,0.06
problem management,9,0.06
ir,9,0.06
sql azure,9,0.06
it projects,9,0.06
ftir,9,0.06
css3...,9,0.06
security analysis,9,0.06
prototype,9,0.06
voice support,9,0.06
front office,9,0.06
front...,9,0.06
tna,9,0.06
issue resolution...,9,0.06
factor analysis,9,0.06
preventive maintenance,9,0.06
treasury,9,0.06
professor,9,0.06
engagement management,9,0.06
night shift...,9,0.06
bid management,9,0.06
recovery,9,0.06
system software,9,0.06
it project management,9,0.06
arima,9,0.06
captivate,9,0.06
statutory audit,9,0.06
test data,9,0.06
monitoring...,9,0.06
search marketing,9,0.06
vendor development,9,0.06
verilog,9,0.06
post sales,9,0.06
open source...,9,0.06
operational excellence,9,0.06
dom,9,0.06
networking protocols,9,0.06
new business...,9,0.06
digital strategy,9,0.06
java developer,9,0.06
execution...,9,0.06
executive assistant,9,0.06
jcl,9,0.06
enterprise sales,9,0.06
fund raising,9,0.06
r2r,9,0.06
bootstrap...,9,0.06
project leading,9,0.06
technology solutions...,9,0.06
digital transformation,9,0.06
client relationship...,9,0.06
media strategy,9,0.06
mdm,9,0.06
semi voice process,9,0.06
cash flow...,9,0.06
case studies...,9,0.06
software product development,9,0.06
waterfall,9,0.06
risk advisory...,9,0.06
credit risk analysis,9,0.06
b2c,9,0.06
back office operations...,9,0.06
management skills...,9,0.06
netweaver,9,0.06
mba fresher,9,0.06
warehouse management,9,0.06
marketing planning,9,0.06
automotive,9,0.06
stress testing...,9,0.06
hardware,9,0.06
adwords...,9,0.06
tax,9,0.06
web marketing,9,0.06
distribution...,9,0.06
dlp,9,0.06
writing skills,9,0.06
business research...,9,0.06
gradle,9,0.06
automation framework,8,0.05
data architect,8,0.05
go - to - market strategy,8,0.05
git...,8,0.05
time series analysis...,8,0.05
frd,8,0.05
accounts payable...,8,0.05
reporting analyst,8,0.05
qradar,8,0.05
commercial management,8,0.05
scalability...,8,0.05
bw,8,0.05
gas,8,0.05
keyword analysis,8,0.05
cognos...,8,0.05
quality assurance...,8,0.05
warehouse,8,0.05
wan,8,0.05
mvvm,8,0.05
network engineering,8,0.05
management...,8,0.05
management reporting...,8,0.05
modelling,8,0.05
business architecture...,8,0.05
usability,8,0.05
operations management...,8,0.05
risk analysis...,8,0.05
iex,8,0.05
bigdata,8,0.05
routing,8,0.05
cassandra...,8,0.05
mean stack,8,0.05
system architecture,8,0.05
pmp...,8,0.05
rate analysis...,8,0.05
quantitative research...,8,0.05
cloud solutions,8,0.05
project implementation,8,0.05
denial management,8,0.05
functional consultancy,8,0.05
hft,8,0.05
statistical...,8,0.05
extjs,8,0.05
operating systems...,8,0.05
servlets,8,0.05
service tax,8,0.05
verbal communication...,8,0.05
vendor management...,8,0.05
performance tuning...,8,0.05
salesforce...,8,0.05
internal auditor,8,0.05
intellectual property,8,0.05
architect,8,0.05
design development...,8,0.05
drupal,8,0.05
php...,8,0.05
phonegap,8,0.05
pharmacovigilance,8,0.05
capacity planning...,8,0.05
internal control...,8,0.05
rca,8,0.05
failure analysis...,8,0.05
build,8,0.05
team lead,8,0.05
node.js...,8,0.05
product...,8,0.05
deep learning...,8,0.05
new product development...,8,0.05
mnc,8,0.05
media marketing,8,0.05
recruiter,8,0.05
claims processing,8,0.05
cd,8,0.05
base...,8,0.05
sql queries...,8,0.05
full stack developer,8,0.05
ms dynamics crm,8,0.05
social media optimization...,8,0.05
prospecting,8,0.05
proposals...,8,0.05
software development life cycle,8,0.05
software design...,8,0.05
ms office tools,8,0.05
hbase...,8,0.05
data modelling,8,0.05
cucumber,8,0.05
jquery...,8,0.05
us gaap...,8,0.05
hiring...,8,0.05
senior seo executive,8,0.05
web apps,8,0.05
edi,8,0.05
international business development,8,0.05
financial operations,8,0.05
test scenarios,8,0.05
oracle pl,8,0.05
mass communication,8,0.05
angular2,8,0.05
customer care...,8,0.05
lcv,8,0.05
twitter...,8,0.05
sales presentations,8,0.05
campaigns...,8,0.05
analytics manager,8,0.05
deal structuring,8,0.05
brand management...,8,0.05
resource management,8,0.05
eclipse ide,8,0.05
ead,8,0.05
process compliance,8,0.05
talent development,8,0.05
accounting operations,8,0.05
ms visio,8,0.05
compensation...,8,0.05
provider,8,0.05
payroll...,8,0.05
data integration...,8,0.05
epc,8,0.05
sap fi,8,0.05
primary...,8,0.05
merchandising,8,0.05
test case design...,8,0.05
hr generalist,8,0.05
hr executive,8,0.05
microbiology,8,0.05
training needs...,8,0.05
m&a,8,0.05
customer satisfaction...,8,0.05
gaap,8,0.05
book keeping,8,0.05
cloud...,8,0.05
quality standards,8,0.05
quality management...,8,0.05
cocoa touch,8,0.05
code review,8,0.05
sow,8,0.05
product life cycle...,8,0.05
product engineering,8,0.05
linux administration,8,0.05
spotfire,8,0.05
oltp,8,0.05
process mapping,8,0.05
core php,8,0.05
offline,8,0.05
middleware,8,0.05
remote support,8,0.05
vat,8,0.05
otc,8,0.05
data engineer,8,0.05
national sales,8,0.05
nastran,8,0.05
loyalty programs,8,0.05
trader,8,0.05
database testing,8,0.05
docker...,8,0.05
metrics,8,0.05
tfs,8,0.05
testing...,8,0.05
e - tendering,8,0.05
structured products...,8,0.05
equity derivatives,8,0.05
customer...,8,0.05
paas...,8,0.05
d3.js,8,0.05
quality assurance analyst,8,0.05
ab initio...,8,0.05
working capital,8,0.05
scorecard,8,0.05
gt,7,0.04
general trade,7,0.04
l2,7,0.04
cyber security...,7,0.04
p&l,7,0.04
vpn,7,0.04
qualitative research,7,0.04
qlik,7,0.04
multivariate analysis,7,0.04
general insurance...,7,0.04
subject matter expertise,7,0.04
html...,7,0.04
report writing...,7,0.04
service,7,0.04
object oriented design,7,0.04
interviewing...,7,0.04
service now,7,0.04
chemistry,7,0.04
distribution channel,7,0.04
interview scheduling,7,0.04
interpersonal skills...,7,0.04
product life cycle,7,0.04
analytical chemistry,7,0.04
analytic...,7,0.04
analyst...,7,0.04
ecommerce,7,0.04
manager technology,7,0.04
relationship building,7,0.04
datastage,7,0.04
life cycle...,7,0.04
oil,7,0.04
spark - gurgaon,7,0.04
copa,7,0.04
tcp,7,0.04
mining,7,0.04
method validation,7,0.04
channel partners,7,0.04
seo specialist...,7,0.04
chat process,7,0.04
chartered accountant...,7,0.04
requirement gathering...,7,0.04
cism,7,0.04
training coordination,7,0.04
dealer network,7,0.04
content management...,7,0.04
content editor,7,0.04
certified black belt,7,0.04
api testing,7,0.04
process audit,7,0.04
sql database...,7,0.04
talent acquisition...,7,0.04
online,7,0.04
onesource,7,0.04
accounting software,7,0.04
primetime,7,0.04
cost center accounting,7,0.04
iot...,7,0.04
corporate taxation,7,0.04
corporate planning,7,0.04
web application,7,0.04
freelancer...,7,0.04
ed,7,0.04
category management...,7,0.04
oop,7,0.04
legal documentation,7,0.04
cpa,7,0.04
predictive modelling,7,0.04
webi,7,0.04
full stack,7,0.04
home base,7,0.04
rfps,7,0.04
backend...,7,0.04
it management,7,0.04
factor analysis...,7,0.04
system testing,7,0.04
senior analytics analyst bigdata,7,0.04
record to report,7,0.04
region,7,0.04
refinery,7,0.04
emr,7,0.04
direct marketing,7,0.04
media planning,7,0.04
backend developer,7,0.04
it support,7,0.04
operational risk,7,0.04
balance sheet...,7,0.04
startup,7,0.04
postgresql...,7,0.04
statistical analyst,7,0.04
real world data,7,0.04
production management,7,0.04
production engineering,7,0.04
internal orders,7,0.04
ariba...,7,0.04
fpga,7,0.04
human resource,7,0.04
mdx,7,0.04
associate professor,7,0.04
operational support,7,0.04
credit control,7,0.04
credit card domain...,7,0.04
pmi,7,0.04
raw material,7,0.04
shell,7,0.04
digital...,7,0.04
team...,7,0.04
demand forecasting,7,0.04
consolidation,7,0.04
capital market...,7,0.04
safety audit,7,0.04
rwe,7,0.04
selenium webdriver,7,0.04
back office operations,7,0.04
us healthcare...,7,0.04
planning...,7,0.04
risk assurance,7,0.04
formulation,7,0.04
iis,7,0.04
ifc,7,0.04
identity management,7,0.04
project execution...,7,0.04
siem...,7,0.04
ranking...,7,0.04
heor,7,0.04
lean,7,0.04
leadership hiring,7,0.04
leadership development,7,0.04
executive search,7,0.04
mbbs,7,0.04
test lead,7,0.04
clinical trials,7,0.04
r programming,7,0.04
financial products,7,0.04
integration services,7,0.04
architectural design,7,0.04
ms access...,7,0.04
mpls,7,0.04
mortgage,7,0.04
monthly reports,7,0.04
matlab...,7,0.04
health economics,7,0.04
capital iq...,7,0.04
stl,7,0.04
pharmaceutical,7,0.04
pf,7,0.04
synthesis...,7,0.04
synopsys,7,0.04
application development...,7,0.04
quantity surveyor,7,0.04
quantitative...,7,0.04
cloud foundry,7,0.04
simulink,7,0.04
need analysis,7,0.04
prototyping,7,0.04
business consultant...,7,0.04
san,7,0.04
troubleshooting skills...,7,0.04
events...,7,0.04
event marketing,7,0.04
jmeter,7,0.04
b2b...,7,0.04
apache tomcat,7,0.04
secondary research...,7,0.04
sebi,7,0.04
search engine...,7,0.04
azure...,7,0.04
performance appraisal,7,0.04
typescript,7,0.04
actuarial analyst,7,0.04
admn,7,0.04
vmware,7,0.04
vlookup...,7,0.04
compensation benchmarking,7,0.04
customer retention...,7,0.04
ui developer,7,0.04
oracle financials,7,0.04
oracle apps,7,0.04
supply chain operations,7,0.04
customer interaction,7,0.04
b com fresher,7,0.04
samza,7,0.04
sap crm,7,0.04
business hr,7,0.04
test scenarios...,7,0.04
anti money laundering,7,0.04
test management,7,0.04
data loader,7,0.04
payments,7,0.04
marketo,7,0.04
technical support executive...,7,0.04
electrical engineering,7,0.04
incident management...,7,0.04
c++...,7,0.04
sap implementation,7,0.04
sap grc,7,0.04
customer service operations,7,0.04
patent analysis,7,0.04
erp functional,7,0.04
structured finance,7,0.04
orm,7,0.04
organic chemistry,7,0.04
scrum...,7,0.04
communication protocols...,7,0.04
purchase order...,7,0.04
analytical method development,7,0.04
analytical instruments,7,0.04
black box testing,7,0.04
design review,7,0.04
sap fiori,7,0.04
c#...,7,0.04
wireless,7,0.04
wireframing,7,0.04
kpi,7,0.04
erp implementation,7,0.04
marketing operations,7,0.04
dw...,7,0.04
windows services,7,0.04
application support...,7,0.04
techno functional...,7,0.04
vpn...,7,0.04
technical leadership...,7,0.04
development testing...,7,0.04
mvc architecture,7,0.04
informatica...,7,0.04
industry analysis,7,0.04
youtube...,7,0.04
super stockist model...,7,0.04
outbound...,7,0.04
xhtml,7,0.04
global sourcing,6,0.04
32 bit microcontrollers...,6,0.04
scope...,6,0.04
lan...,6,0.04
kvm,6,0.04
p&c analytics,6,0.04
hadoop developer,6,0.04
scripting,6,0.04
business process analysis,6,0.04
developer,6,0.04
industrial engineering...,6,0.04
bo,6,0.04
sme,6,0.04
commercial,6,0.04
dfmea,6,0.04
workers compensation...,6,0.04
automation...,6,0.04
patent,6,0.04
equity...,6,0.04
marketing management...,6,0.04
dwbi,6,0.04
sap upgrade,6,0.04
inprocess,6,0.04
technical sales,6,0.04
vulnerability assessment,6,0.04
techno commmercial,6,0.04
mvp,6,0.04
patent research,6,0.04
data center,6,0.04
business intelligence reporting,6,0.04
cad,6,0.04
sap basis...,6,0.04
test planning...,6,0.04
data governance...,6,0.04
oracle support,6,0.04
payroll processing,6,0.04
payroll management...,6,0.04
pay per click...,6,0.04
pattern recognition,6,0.04
customer service delivery,6,0.04
test strategy,6,0.04
business growth,6,0.04
machine learning scientist,6,0.04
fmcg sales,6,0.04
force.com,6,0.04
company law,6,0.04
analytical research,6,0.04
analytical method development...,6,0.04
business finance...,6,0.04
customer research...,6,0.04
customer engagement,6,0.04
data integrity...,6,0.04
data integrity,6,0.04
oracle database...,6,0.04
social media manager,6,0.04
competitive analysis...,6,0.04
skill matrix,6,0.04
quality improvement...,6,0.04
codeigniter,6,0.04
strategic hr,6,0.04
alliances,6,0.04
strategic analytics,6,0.04
stp,6,0.04
sales training,6,0.04
angular js,6,0.04
market survey,6,0.04
ea,6,0.04
storage,6,0.04
laravel...,6,0.04
capital iq,6,0.04
sales promotion,6,0.04
native,6,0.04
proposals,6,0.04
competitive intelligence...,6,0.04
software engineer,6,0.04
software architecture...,6,0.04
management information system,6,0.04
activemq,6,0.04
quant analytics,6,0.04
troubleshooting...,6,0.04
data mapping...,6,0.04
cube,6,0.04
jsf,6,0.04
jquery mobile,6,0.04
joining formalities,6,0.04
excel powerpoint...,6,0.04
csr,6,0.04
financial statement analysis...,6,0.04
interface builder,6,0.04
finite element analysis,6,0.04
financial statements...,6,0.04
promotional campaigns...,6,0.04
technical architecture...,6,0.04
technical analysis...,6,0.04
nessus,6,0.04
simulation,6,0.04
jira...,6,0.04
akka,6,0.04
personal care,6,0.04
drc,6,0.04
mathematics...,6,0.04
materials,6,0.04
healthcare...,6,0.04
modern trade,6,0.04
educational qualification,6,0.04
end user,6,0.04
network analysis,6,0.04
project...,6,0.04
adobe analytics...,6,0.04
interfaces,6,0.04
secretarial activities,6,0.04
ph.d,6,0.04
synthesis,6,0.04
svn,6,0.04
transaction processing,6,0.04
rtos,6,0.04
career advisor,6,0.04
high level design...,6,0.04
software solution sales,6,0.04
big4...,6,0.04
denial management...,6,0.04
logistics...,6,0.04
clojure,6,0.04
technology leadership,6,0.04
high frequency trading...,6,0.04
fund accounting,6,0.04
functional testing...,6,0.04
leadership skills,6,0.04
executive search...,6,0.04
mca,6,0.04
test engineering...,6,0.04
selection,6,0.04
new product,6,0.04
derivatives...,6,0.04
configuration management,6,0.04
construction,6,0.04
consolidation...,6,0.04
project accounting,6,0.04
editorial,6,0.04
settlements...,6,0.04
warehouse operations,6,0.04
usability testing...,6,0.04
aicte,6,0.04
agreements,6,0.04
optimization,6,0.04
routing protocols,6,0.04
system design,6,0.04
credit card domain,6,0.04
po,6,0.04
credit operations...,6,0.04
media sales,6,0.04
media planning...,6,0.04
media buying,6,0.04
mechanical design,6,0.04
building material,6,0.04
selling...,6,0.04
icd - 10,6,0.04
iam,6,0.04
vhdl,6,0.04
version control,6,0.04
ariba,6,0.04
area sales manager,6,0.04
ratio analysis...,6,0.04
mobile testing,6,0.04
software...,6,0.04
consumer research,6,0.04
direct tax,6,0.04
mm,6,0.04
real estate...,6,0.04
risk control,6,0.04
it security,6,0.04
it sales,6,0.04
data services,6,0.04
data warehouse,6,0.04
assets,6,0.04
standard costing,6,0.04
staffing,6,0.04
home loans,6,0.04
hl,6,0.04
tl,6,0.04
medical...,6,0.04
hubspot,6,0.04
debt syndication,6,0.04
nlp engines,6,0.04
solution architecture...,6,0.04
content developer,6,0.04
product pricing,6,0.04
llb,6,0.04
failure analysis,6,0.04
rfis,6,0.04
senior business analyst,6,0.04
senior analyst...,6,0.04
revenue generation...,6,0.04
cement marketing,6,0.04
database administration...,6,0.04
sql scripting,6,0.04
banking portfolio...,6,0.04
banking operations...,6,0.04
counselling,6,0.04
financial auditing,6,0.04
internet,6,0.04
international calling,6,0.04
financial markets,6,0.04
recruitment management,6,0.04
cost reduction...,6,0.04
it helpdesk,6,0.04
user exits,6,0.04
android framework,6,0.04
cdh,6,0.04
retention,6,0.04
retail business,6,0.04
accounting system,6,0.04
accountant,6,0.04
seo executive...,6,0.04
cost optimization,6,0.04
cost control...,6,0.04
cost control,6,0.04
primary research...,6,0.04
pricing...,6,0.04
bca,6,0.04
iphone sdk,6,0.04
iphone,6,0.04
regulatory compliance,6,0.04
content optimization,6,0.04
continuous delivery,6,0.04
web content,6,0.04
acquisition strategy,6,0.04
acquisition,6,0.04
settlements,6,0.04
apparel,6,0.04
churn,6,0.04
telesales,6,0.04
telephonic,6,0.04
telemarketing,6,0.04
product launch...,6,0.04
product design...,6,0.04
manufacturing operations,6,0.04
relative valuation,6,0.04
process development...,6,0.04
sentiment analysis...,6,0.04
rest api stack...,6,0.04
resource planning,6,0.04
api...,6,0.04
problem...,6,0.04
online bidding,6,0.04
dns,6,0.04
metadata,6,0.04
brochures,6,0.04
product analysis,6,0.04
valuation...,6,0.04
valuation analysis,6,0.04
velocity,6,0.04
product,6,0.04
region...,6,0.04
cics,6,0.04
seo writing,6,0.04
chemical analysis,6,0.04
microsoft dynamics,6,0.04
microservices...,6,0.04
database management,6,0.04
database design...,6,0.04
process management,6,0.04
spend analysis,6,0.04
space selling,6,0.04
sox compliance,6,0.04
hrbp,6,0.04
web development...,6,0.04
office skills,6,0.04
english language,6,0.04
enterprise applications...,6,0.04
enterprise applications,6,0.04
after sales service...,6,0.04
investment analysis,6,0.04
cordova,6,0.04
strong...,6,0.04
strong communication skills,6,0.04
outbound sales...,6,0.04
autocad,6,0.04
gwt,6,0.04
business transformation,6,0.04
sas macros,6,0.04
text mining...,6,0.04
equity research analyst,6,0.04
go getter,6,0.04
gm,6,0.04
e - learning,6,0.04
marketing collaterals,6,0.04
angularjs...,6,0.04
workforce management...,5,0.03
graduate,5,0.03
gradle...,5,0.03
google webmaster tools,5,0.03
google,5,0.03
graphic designer,5,0.03
general ledger accounting,5,0.03
github,5,0.03
business research analysis,5,0.03
business rules...,5,0.03
business partnering,5,0.03
industrial sales,5,0.03
qfd,5,0.03
induction...,5,0.03
collections strategy,5,0.03
qm,5,0.03
dft,5,0.03
email process,5,0.03
eloqua,5,0.03
electronics engineering,5,0.03
owasp,5,0.03
structural analysis...,5,0.03
parsing,5,0.03
parser...,5,0.03
equity sales,5,0.03
knowledge management...,5,0.03
spring data...,5,0.03
spring core,5,0.03
bdm,5,0.03
ios...,5,0.03
fi,5,0.03
copy writing,5,0.03
process quality,5,0.03
process optimization,5,0.03
tcl,5,0.03
tax & compliance manager,5,0.03
mis development,5,0.03
chef,5,0.03
web hosting,5,0.03
off - page optimization...,5,0.03
fema,5,0.03
feedback...,5,0.03
broking,5,0.03
server security,5,0.03
object oriented design...,5,0.03
contracts,5,0.03
product costing...,5,0.03
inventory,5,0.03
contract abstraction,5,0.03
claim analytics manager,5,0.03
service level,5,0.03
breakdown analysis,5,0.03
brand strategy...,5,0.03
reporting...,5,0.03
chemical,5,0.03
microsoft dynamics navision,5,0.03
database development,5,0.03
onboarding...,5,0.03
corporate banking,5,0.03
process design...,5,0.03
corporate law,5,0.03
corporate hr,5,0.03
hr compliance,5,0.03
bss,5,0.03
channel partners...,5,0.03
documentation...,5,0.03
online sales...,5,0.03
database marketing,5,0.03
database management...,5,0.03
dms,5,0.03
channel distribution...,5,0.03
channel development,5,0.03
hr solutions,5,0.03
hr mis,5,0.03
web application development...,5,0.03
action plan,5,0.03
application architecture,5,0.03
tender preparation,5,0.03
chromatography,5,0.03
advanced java,5,0.03
financial due diligence,5,0.03
linkedin,5,0.03
analytical engines,5,0.03
manufacturing,5,0.03
manpower management,5,0.03
relational databases,5,0.03
spring...,5,0.03
correlation...,5,0.03
problem management...,5,0.03
corporate finance...,5,0.03
it consulting,5,0.03
it audit,5,0.03
it analyst,5,0.03
use cases...,5,0.03
issue resolution,5,0.03
presentable,5,0.03
market data...,5,0.03
android developer,5,0.03
private equity...,5,0.03
principal,5,0.03
iso 9001,5,0.03
iso,5,0.03
rejection analysis,5,0.03
cisa,5,0.03
regression analysis...,5,0.03
bhms,5,0.03
banking products,5,0.03
counselling...,5,0.03
couchdb,5,0.03
product portfolio...,5,0.03
internet research,5,0.03
international taxation,5,0.03
product portfolio,5,0.03
product planning,5,0.03
dcm,5,0.03
articulate storyline,5,0.03
service sales,5,0.03
brand building,5,0.03
claims,5,0.03
recruit...,5,0.03
costing...,5,0.03
it hiring,5,0.03
it procurement,5,0.03
it infrastructure...,5,0.03
it infrastructure,5,0.03
factset,5,0.03
ppap,5,0.03
powershell,5,0.03
senior manager,5,0.03
senior hr,5,0.03
ccie,5,0.03
revenue planning,5,0.03
revenue maximization,5,0.03
risk advisory,5,0.03
risk,5,0.03
enrollment executive,5,0.03
transportation,5,0.03
barclays,5,0.03
hni,5,0.03
hipaa,5,0.03
hindi,5,0.03
rfq...,5,0.03
medical coding jobs,5,0.03
reconciliation...,5,0.03
reference data,5,0.03
nodejs,5,0.03
content creation,5,0.03
content,5,0.03
product training,5,0.03
product service,5,0.03
product positioning,5,0.03
load runner,5,0.03
medical coding analyst,5,0.03
facebook marketing,5,0.03
client interaction...,5,0.03
self service,5,0.03
catalog,5,0.03
risk mitigation,5,0.03
backend operations,5,0.03
it...,5,0.03
it strategy,5,0.03
it services...,5,0.03
it services,5,0.03
it service desk,5,0.03
factiva,5,0.03
operational risk management,5,0.03
back office...,5,0.03
ssrs...,5,0.03
creative writing,5,0.03
static timing analysis,5,0.03
views,5,0.03
tech proposal,5,0.03
client delivery manager...,5,0.03
rca...,5,0.03
client relationship management,5,0.03
disaster recovery,5,0.03
engineer,5,0.03
linux system administration,5,0.03
nginx,5,0.03
profitability...,5,0.03
profitability analysis,5,0.03
profit,5,0.03
consumer insights...,5,0.03
mobile application development,5,0.03
tensorflow,5,0.03
rdbms...,5,0.03
statistical modelling,5,0.03
plm,5,0.03
planning engineering,5,0.03
rpo,5,0.03
rpa,5,0.03
rms,5,0.03
sem executive,5,0.03
data processing...,5,0.03
system analysis...,5,0.03
operational support...,5,0.03
policy,5,0.03
credit officer,5,0.03
business administration,5,0.03
business,5,0.03
fraud investigation,5,0.03
fraud control,5,0.03
usage,5,0.03
piping,5,0.03
pig...,5,0.03
mba fresher...,5,0.03
apache...,5,0.03
helpdesk,5,0.03
area sales,5,0.03
new client...,5,0.03
new client acquisition...,5,0.03
project documentation...,5,0.03
construction engineering,5,0.03
manager - seo,5,0.03
clinical development,5,0.03
security operations center...,5,0.03
ruby...,5,0.03
agriculture,5,0.03
rtl design,5,0.03
capex,5,0.03
sales account,5,0.03
functional analysis,5,0.03
ids,5,0.03
concept design,5,0.03
project review,5,0.03
software solutions...,5,0.03
software solutions,5,0.03
software qa,5,0.03
denial handling,5,0.03
bpm,5,0.03
client solutions...,5,0.03
query designer,5,0.03
leadership skills...,5,0.03
expense analysis,5,0.03
test design,5,0.03
dsp,5,0.03
access management,5,0.03
technology consulting...,5,0.03
educational qualification...,5,0.03
education,5,0.03
logistics management,5,0.03
network operations,5,0.03
project tracking,5,0.03
intern,5,0.03
adobe experience manager,5,0.03
visio...,5,0.03
sales development,5,0.03
crm sales,5,0.03
petrochemical,5,0.03
svm,5,0.03
data migration...,5,0.03
performance review,5,0.03
performance improvement,5,0.03
financial risk,5,0.03
integration,5,0.03
computer operating,5,0.03
ar...,5,0.03
quantity surveying,5,0.03
cloud security,5,0.03
design calculations,5,0.03
up,5,0.03
personal loans,5,0.03
physics,5,0.03
stlc,5,0.03
b.e,5,0.03
apache cordova,5,0.03
campus hiring,5,0.03
campaign management...,5,0.03
business consultant,5,0.03
neo4j,5,0.03
negotiation...,5,0.03
prototyping...,5,0.03
trade settlements,5,0.03
analytics reporting...,5,0.03
digital campaigns,5,0.03
wave analytics,5,0.03
quant,5,0.03
business case...,5,0.03
business banking,5,0.03
call audit...,5,0.03
ttt,5,0.03
trend analysis...,5,0.03
esic,5,0.03
escalation management,5,0.03
customer focus,5,0.03
secondary sales,5,0.03
business excellence,5,0.03
search engines optimization,5,0.03
stored procedures...,5,0.03
store operations,5,0.03
stock market,5,0.03
performance analysis,5,0.03
customer complaints,5,0.03
environmental monitoring,5,0.03
environment,5,0.03
lbo,5,0.03
capability building,5,0.03
capa,5,0.03
kannada,5,0.03
uk payroll,5,0.03
ucce,5,0.03
supply chain management...,5,0.03
software,5,0.03
administration work,5,0.03
company research,5,0.03
pyspark,5,0.03
pv,5,0.03
quality monitoring,5,0.03
ms project...,5,0.03
managed services,5,0.03
major,5,0.03
maintenance management,5,0.03
maintenance activities,5,0.03
strategic business planning,5,0.03
digital,5,0.03
quality coach,5,0.03
smartforms,5,0.03
fmcg marketing,5,0.03
indian gaap,5,0.03
companies act,5,0.03
lpo,5,0.03
analytical techniques,5,0.03
trading strategies,5,0.03
desktop support,5,0.03
futures,5,0.03
head - analytics,5,0.03
hcv...,5,0.03
hcm,5,0.03
business loan,5,0.03
pcie,5,0.03
c#.net...,5,0.03
stress analysis...,5,0.03
customer support...,5,0.03
patent drafting,5,0.03
data conversion,5,0.03
business intelligence reporting...,5,0.03
sd,5,0.03
sap ewm,5,0.03
data extraction...,5,0.03
payment systems,5,0.03
payables,5,0.03
customer service management,5,0.03
market penetration,5,0.03
market making,5,0.03
marketing support,5,0.03
business growth...,5,0.03
key skills,5,0.03
key accounts...,5,0.03
marketing planning...,5,0.03
marketing manager,5,0.03
blogging,5,0.03
soc...,5,0.03
fireworks,5,0.03
infrastructure security...,5,0.03
infrastructure security,5,0.03
information technology...,5,0.03
email...,5,0.03
lte,5,0.03
warehouse management...,5,0.03
vulnerability management,5,0.03
technical training,5,0.03
sap pp,5,0.03
schema,5,0.03
global marketing,5,0.03
graduate fresher,5,0.03
scope management,5,0.03
scm...,5,0.03
writing,5,0.03
working capital...,5,0.03
cvp,5,0.03
dashboard,5,0.03
daily operations...,5,0.03
p2p,5,0.03
sap finance,5,0.03
sas enterprise guide,5,0.03
hazard analysis,5,0.03
hardware networking,5,0.03
academic,5,0.03
ios development,5,0.03
on - page optimization...,5,0.03
lgd...,5,0.03
enterprise architecture...,5,0.03
investment strategies,5,0.03
user...,5,0.03
after sales service,5,0.03
user interface designing...,5,0.03
outlook,5,0.03
succession planning...,5,0.03
student advisor,5,0.03
business objects...,5,0.03
green belt,5,0.03
durability,5,0.03
testing tools,5,0.03
science,5,0.03
xsl,4,0.03
global sales,4,0.03
scheduling...,4,0.03
business services,4,0.03
business rules,4,0.03
graphite,4,0.03
abap objects,4,0.03
aa,4,0.03
zoology,4,0.03
sap fico...,4,0.03
c...,4,0.03
ca...,4,0.03
sap production planning,4,0.03
sap sd,4,0.03
dwh,4,0.03
marketing programs...,4,0.03
test reporting,4,0.03
business intelligence analyst,4,0.03
sap fi...,4,0.03
business management...,4,0.03
business modeling...,4,0.03
head - online marketing,4,0.03
head - trading,4,0.03
head hunting...,4,0.03
fundamental analysis,4,0.03
customer satisfaction,4,0.03
patran,4,0.03
payroll hr executive...,4,0.03
customer management...,4,0.03
data handling,4,0.03
otm,4,0.03
patent search,4,0.03
patent search...,4,0.03
strategy development,4,0.03
stress analysis,4,0.03
avp,4,0.03
strong analytical...,4,0.03
erp sales,4,0.03
erp systems analyst,4,0.03
knowledge management,4,0.03
paralegal,4,0.03
unica campaign,4,0.03
jsp servlets,4,0.03
strategic partnerships,4,0.03
supplier relationship management,4,0.03
supplier relationship management...,4,0.03
supply chain analyst,4,0.03
supply chain planning,4,0.03
oracle cpq,4,0.03
oracle database,4,0.03
data interpretation,4,0.03
ui developer...,4,0.03
amazon ec2...,4,0.03
amazon s3...,4,0.03
customer marketing,4,0.03
customer operations,4,0.03
customer complaints...,4,0.03
event sales,4,0.03
job posting,4,0.03
job safety analysis,4,0.03
evaluation,4,0.03
uk process,4,0.03
trillium,4,0.03
american express,4,0.03
customer centric,4,0.03
performance analysis...,4,0.03
stores,4,0.03
strategic alliances...,4,0.03
customer engagement...,4,0.03
customer handling,4,0.03
pega prpc,4,0.03
alliances...,4,0.03
underwriting...,4,0.03
export,4,0.03
jaxb,4,0.03
executive assistant...,4,0.03
jboss...,4,0.03
ldap...,4,0.03
enterprise software,4,0.03
enterprise...,4,0.03
data manipulation...,4,0.03
pharma formulation...,4,0.03
stock audit,4,0.03
cuic,4,0.03
jdbc...,4,0.03
unsecured loans,4,0.03
ale,4,0.03
algorithm,4,0.03
event management,4,0.03
pm,4,0.03
pmo...,4,0.03
credit monitoring,4,0.03
credit rating...,4,0.03
facilities...,4,0.03
operational risk...,4,0.03
assortment planning,4,0.03
system engineer,4,0.03
system engineering,4,0.03
data reporting...,4,0.03
epm,4,0.03
ldap,4,0.03
plant maintenance...,4,0.03
us inbound sales...,4,0.03
expect,4,0.03
expenses,4,0.03
positioning,4,0.03
postgres...,4,0.03
bams,4,0.03
system testing...,4,0.03
system verilog,4,0.03
system...,4,0.03
tableau developer,4,0.03
asset management...,4,0.03
opengl,4,0.03
data structure,4,0.03
data scientist...,4,0.03
it security...,4,0.03
external audit,4,0.03
external reporting,4,0.03
backbone.js,4,0.03
plsql...,4,0.03
srm,4,0.03
banking operations,4,0.03
sql development...,4,0.03
banking products...,4,0.03
oo abap,4,0.03
translation,4,0.03
travel,4,0.03
analysis services,4,0.03
analyst - broking,4,0.03
analyst programmer,4,0.03
legal management,4,0.03
legal services,4,0.03
power point presentation,4,0.03
it networking,4,0.03
it recruiter,4,0.03
stata...,4,0.03
fem,4,0.03
be,4,0.03
process associate,4,0.03
process documentation...,4,0.03
process efficiency,4,0.03
corporate business development,4,0.03
corporate credit,4,0.03
cost accountant,4,0.03
iot architect,4,0.03
ipv6,4,0.03
pricing strategy...,4,0.03
primavera,4,0.03
principal component analysis,4,0.03
printing,4,0.03
presentation skills...,4,0.03
agile methodology...,4,0.03
splunk analytics,4,0.03
process improvement initiatives,4,0.03
investment,4,0.03
aerospace,4,0.03
core hr,4,0.03
corel draw,4,0.03
process monitoring,4,0.03
enterprise architect,4,0.03
life insurance...,4,0.03
life...,4,0.03
ojt,4,0.03
datawarehousing,4,0.03
investor relations,4,0.03
invoice verification,4,0.03
field work,4,0.03
ioc,4,0.03
inventory management...,4,0.03
controllership,4,0.03
conversions,4,0.03
oauth,4,0.03
od...,4,0.03
odata,4,0.03
tax audit,4,0.03
tcc,4,0.03
asic design,4,0.03
tds...,4,0.03
process operations,4,0.03
process orientation...,4,0.03
copy editing,4,0.03
sox compliance...,4,0.03
behavioural training,4,0.03
spl,4,0.03
continuous integration...,4,0.03
content development...,4,0.03
bex,4,0.03
dealing...,4,0.03
transaction advisory services,4,0.03
linkedin...,4,0.03
linux kernel,4,0.03
o2c...,4,0.03
financial control...,4,0.03
financial controller,4,0.03
finance head,4,0.03
financial,4,0.03
vb script,4,0.03
advertising...,4,0.03
advisory services,4,0.03
inventory control,4,0.03
bid,4,0.03
bid management...,4,0.03
solution consulting,4,0.03
nism,4,0.03
debtors,4,0.03
debugging...,4,0.03
non it recruiter,4,0.03
team handling...,4,0.03
team leader...,4,0.03
numpy,4,0.03
dcf...,4,0.03
financial management...,4,0.03
financial markets...,4,0.03
international sales...,4,0.03
contract drafting,4,0.03
content strategy...,4,0.03
solution selling...,4,0.03
production manager,4,0.03
consumer behavior,4,0.03
consumer finance,4,0.03
profit...,4,0.03
profitability,4,0.03
programmer analyst,4,0.03
new...,4,0.03
lisp,4,0.03
litigation support,4,0.03
llm,4,0.03
lms,4,0.03
loan origination,4,0.03
product pricing...,4,0.03
contact center...,4,0.03
content analysis,4,0.03
construction finance,4,0.03
construction project management,4,0.03
construction projects...,4,0.03
construction supervision...,4,0.03
construction...,4,0.03
project development...,4,0.03
confirmit,4,0.03
neural networks...,4,0.03
area sales management,4,0.03
verification,4,0.03
adobe target,4,0.03
views...,4,0.03
virtualization,4,0.03
financial institutions...,4,0.03
solr...,4,0.03
solution architecting,4,0.03
financial projection,4,0.03
conducting interviews,4,0.03
conferences,4,0.03
configuration,4,0.03
net remoting,4,0.03
network design,4,0.03
encryption,4,0.03
endpoint security,4,0.03
loans,4,0.03
employee benefits,4,0.03
project finance...,4,0.03
software product management,4,0.03
project manager,4,0.03
project operations...,4,0.03
bi sales,4,0.03
project analysis...,4,0.03
software development methodologies,4,0.03
proposal preparation...,4,0.03
prospecting...,4,0.03
net developer,4,0.03
architectural design...,4,0.03
architecture...,4,0.03
technical hiring,4,0.03
projections...,4,0.03
promotions...,4,0.03
computer hardware,4,0.03
computer skills,4,0.03
insurance processing,4,0.03
insurance underwriting,4,0.03
adobe campaign,4,0.03
adobe campaign architect,4,0.03
financial planning & analysis,4,0.03
black belt,4,0.03
social media analyst...,4,0.03
trainee,4,0.03
analytical method validation,4,0.03
trainer,4,0.03
social...,4,0.03
purchase...,4,0.03
python developer...,4,0.03
python libraries...,4,0.03
python programmer,4,0.03
pytorch,4,0.03
qa analyst,4,0.03
adf,4,0.03
administration...,4,0.03
vp,4,0.03
bio statistician,4,0.03
flask,4,0.03
fixed asset accounting,4,0.03
flash,4,0.03
informatica power center...,4,0.03
information analysis...,4,0.03
mutual fund,4,0.03
mvc framework,4,0.03
technical lead,4,0.03
technical specifications,4,0.03
design engineering...,4,0.03
design verification,4,0.03
information architecture,4,0.03
information architecture...,4,0.03
information security management...,4,0.03
infrastructure management,4,0.03
soap ui,4,0.03
sip,4,0.03
site management,4,0.03
sitecore,4,0.03
application software...,4,0.03
multithreading...,4,0.03
device drivers,4,0.03
devops engineer,4,0.03
dfp,4,0.03
qs,4,0.03
sms...,4,0.03
snort,4,0.03
social media executive...,4,0.03
qc chemist,4,0.03
qc tools,4,0.03
qc...,4,0.03
informatica developer,4,0.03
six sigma...,4,0.03
sketching,4,0.03
foreign exchange,4,0.03
fmcg...,4,0.03
follow ups,4,0.03
food,4,0.03
mto,4,0.03
macro,4,0.03
elastic search...,4,0.03
malayalam,4,0.03
top management,4,0.03
technical...,4,0.03
vsam,4,0.03
ad operations,4,0.03
ad operations...,4,0.03
collateral management,4,0.03
ims,4,0.03
inbound sales...,4,0.03
shortlisting,4,0.03
shrinkage,4,0.03
siebel analytics,4,0.03
siebel configuration,4,0.03
siebel crm,4,0.03
digital analytics...,4,0.03
ehs,4,0.03
ms sql server...,4,0.03
ms visio...,4,0.03
cocoa,4,0.03
quality engineering,4,0.03
quality improvement,4,0.03
quality inspection,4,0.03
cma data,4,0.03
identity access management,4,0.03
boost...,4,0.03
boq,4,0.03
quantitative analyst,4,0.03
quantitative trading,4,0.03
technology marketing,4,0.03
application security,4,0.03
application security testing,4,0.03
monetization,4,0.03
month end reporting,4,0.03
monthly reports...,4,0.03
digital marketing manager,4,0.03
motor insurance,4,0.03
quant analyst,4,0.03
wcf...,4,0.03
web analysis,4,0.03
fp & a,4,0.03
shared services,4,0.03
bpo voice,4,0.03
branch banking...,4,0.03
management skills,4,0.03
manager - model development,4,0.03
manager - social media,4,0.03
editing...,4,0.03
quantity surveyor activities,4,0.03
query resolution,4,0.03
r12,4,0.03
rabbitmq...,4,0.03
ranking,4,0.03
client services,4,0.03
clinical data management,4,0.03
ict,4,0.03
hyperion,4,0.03
iata,4,0.03
icm,4,0.03
client interfacing,4,0.03
application design,4,0.03
mobile phones,4,0.03
mockito,4,0.03
digital sales,4,0.03
diploma,4,0.03
shell...,4,0.03
shipping,4,0.03
client satisfaction,4,0.03
rbi,4,0.03
client handling,4,0.03
human resource management...,4,0.03
idocs,4,0.03
regulatory affairs,4,0.03
cissp...,4,0.03
reject inference...,4,0.03
effective communication,4,0.03
manager quality control,4,0.03
manager technology...,4,0.03
manufacturing process...,4,0.03
telugu,4,0.03
web designing...,4,0.03
human capital,4,0.03
brand communication,4,0.03
brand communication...,4,0.03
franchising...,4,0.03
fraud analyst,4,0.03
fraud detection...,4,0.03
hybris,4,0.03
hsrp,4,0.03
fraud...,4,0.03
chat support,4,0.03
microsoft dynamics...,4,0.03
distribution management,4,0.03
distribution network,4,0.03
mis excel,4,0.03
mis executive...,4,0.03
mis operations,4,0.03
edw,4,0.03
report,4,0.03
report generation...,4,0.03
report preparation...,4,0.03
branding...,4,0.03
service now bsa...,4,0.03
service quality,4,0.03
frs,4,0.03
hr administration,4,0.03
hr analytics...,4,0.03
hr manager,4,0.03
hr officer,4,0.03
hr processes,4,0.03
change control...,4,0.03
merchant services,4,0.03
mergers...,4,0.03
requirements...,4,0.03
charge entry...,4,0.03
server side,4,0.03
research associate...,4,0.03
web research,4,0.03
web scraping,4,0.03
hse management system,4,0.03
retail...,4,0.03
retention...,4,0.03
toad,4,0.03
togaf...,4,0.03
mariadb,4,0.03
market maker...,4,0.03
document review,4,0.03
test analyst,4,0.03
api testing...,4,0.03
resource allocation,4,0.03
responsive web design,4,0.03
rest api,4,0.03
bse,4,0.03
budget,4,0.03
budget management,4,0.03
research executive,4,0.03
rtl coding,4,0.03
risk analyst,4,0.03
cataloguing,4,0.03
risk...,4,0.03
sem analyst,4,0.03
business advisory...,4,0.03
media analyst,4,0.03
domestic bpo...,4,0.03
medical coding job in chennai...,4,0.03
medical transcription,4,0.03
hni client handling,4,0.03
ccar modeling,4,0.03
ccsp,4,0.03
reverse engineering...,4,0.03
webapi,4,0.03
accounting entries,4,0.03
security operations...,4,0.03
security testing,4,0.03
business applications,4,0.03
safety analysis,4,0.03
safety management,4,0.03
test engineer,4,0.03
mba finance...,4,0.03
mcse,4,0.03
md,4,0.03
downstream,4,0.03
mechanical,4,0.03
robotics,4,0.03
roc,4,0.03
roi...,4,0.03
cashposting,4,0.03
rta,4,0.03
website development,4,0.03
wfm analyst,4,0.03
accent,4,0.03
windows form,4,0.03
healthcare bpo,4,0.03
healthcare operations,4,0.03
hedge funds,4,0.03
security,4,0.03
material procurement,4,0.03
material science,4,0.03
maths,4,0.03
driving,4,0.03
drools,4,0.03
apache spark,4,0.03
fund administration,4,0.03
helpdesk...,4,0.03
funding,4,0.03
sap basis,4,0.03
business generation...,4,0.03
market making...,4,0.03
market...,4,0.03
angular,4,0.03
master data,4,0.03
material analysis,4,0.03
material planning,4,0.03
business development executive,4,0.03
salesforce developer,4,0.03
security monitoring,4,0.03
business case development,4,0.03
campaign analytics...,4,0.03
sales process...,4,0.03
sales engineering,4,0.03
automation tools,4,0.03
workday,4,0.03
4 hana,4,0.03
e - sourcing,4,0.03
third party...,4,0.03
threading,4,0.03
business system analyst,4,0.03
grievance handling...,4,0.03
gtm,4,0.03
gui,4,0.03
scorm...,4,0.03
winforms,4,0.03
wordpress...,4,0.03
buyer activities,4,0.03
buying,4,0.03
sas di,4,0.03
partner management,4,0.03
pagemaker,4,0.03
pain management,4,0.03
pandas,4,0.03
kpo...,4,0.03
kra,4,0.03
kubernetes,4,0.03
l1,4,0.03
lamp,4,0.03
equity analysis,4,0.03
equity analysis...,4,0.03
supervision...,4,0.03
supplier management,4,0.03
outbound process,4,0.03
data access layer,4,0.03
strong interpersonal skills,4,0.03
graph algorithms,3,0.02
workflow analysis,3,0.02
workflow...,3,0.02
general ledger...,3,0.02
gui testing,3,0.02
gds,3,0.02
gst...,3,0.02
gsm,3,0.02
grn,3,0.02
grievance handling,3,0.02
greenplum,3,0.02
graphite...,3,0.02
general...,3,0.02
sas r,3,0.02
business writing...,3,0.02
business tools,3,0.02
business system,3,0.02
sas programmer...,3,0.02
sas programmer,3,0.02
buyer...,3,0.02
material testing,3,0.02
master data management...,3,0.02
time management...,3,0.02
ticketing,3,0.02
market segmentation,3,0.02
e learning,3,0.02
market risk management,3,0.02
market research analyst,3,0.02
market penetration...,3,0.02
tester...,3,0.02
ap...,3,0.02
test management...,3,0.02
test lead...,3,0.02
marketing initiatives...,3,0.02
dxl,3,0.02
ansa,3,0.02
ebs,3,0.02
tool design,3,0.02
togaf,3,0.02
tni,3,0.02
tm1,3,0.02
medical billing...,3,0.02
media strategy...,3,0.02
media buying...,3,0.02
media analytics,3,0.02
mechanical engineering...,3,0.02
measurement,3,0.02
mdm architect,3,0.02
mba...,3,0.02
apache camel,3,0.02
mba 2018...,3,0.02
matlab developer,3,0.02
tender analysis,3,0.02
mapping,3,0.02
map,3,0.02
manual testing...,3,0.02
manual functional testing,3,0.02
telecom bss,3,0.02
mining...,3,0.02
microsoft dynamics ax,3,0.02
microsoft azure...,3,0.02
method validation...,3,0.02
test case execution...,3,0.02
test case,3,0.02
app develop tech lead - informatica,3,0.02
apis,3,0.02
test analysis...,3,0.02
teradata dba,3,0.02
technology management,3,0.02
technology leadership...,3,0.02
molecular biology,3,0.02
manager financial planning analysis...,3,0.02
manager - revenue & pricing,3,0.02
manager - ccar modeling,3,0.02
management systems,3,0.02
digital strategy...,3,0.02
digital sales...,3,0.02
mobile development,3,0.02
mobile commerce,3,0.02
disaster recovery...,3,0.02
mobile applications...,3,0.02
mobile application testing,3,0.02
application architecture...,3,0.02
appdy,3,0.02
einstein,3,0.02
ehr,3,0.02
effort estimation...,3,0.02
trademark,3,0.02
trade operations,3,0.02
analytics engineer,3,0.02
analytics developer,3,0.02
trade analytics...,3,0.02
ms office suite,3,0.02
digital content...,3,0.02
ms office outlook,3,0.02
digital media...,3,0.02
tele sales qa...,3,0.02
application management,3,0.02
application lead,3,0.02
application engineering,3,0.02
technician activities,3,0.02
technical support executive,3,0.02
maintenance operations,3,0.02
electronics,3,0.02
electrical design,3,0.02
macros...,3,0.02
machine...,3,0.02
machine learning engineer,3,0.02
dialog programming,3,0.02
dialer management,3,0.02
mstr,3,0.02
mss,3,0.02
ms word,3,0.02
ms office word,3,0.02
ms office tools...,3,0.02
ms office suite...,3,0.02
mutual funds...,3,0.02
dfa,3,0.02
machine learning development,3,0.02
em,3,0.02
machine data...,3,0.02
ember.js,3,0.02
embedded software development,3,0.02
email ticket,3,0.02
email support...,3,0.02
m com,3,0.02
lvs,3,0.02
lucene,3,0.02
devops...,3,0.02
mule esb,3,0.02
applications engineer,3,0.02
technology,3,0.02
negotiation skills,3,0.02
nbfc,3,0.02
nav calculation,3,0.02
nas,3,0.02
lotus notes,3,0.02
analytical method validation...,3,0.02
loss,3,0.02
nand flash...,3,0.02
design studio,3,0.02
apqp,3,0.02
technical services,3,0.02
technical product configuration,3,0.02
technical process,3,0.02
naive bayes,3,0.02
mystery shopping,3,0.02
developing marketing strategies,3,0.02
delivery...,3,0.02
delivery management...,3,0.02
denials,3,0.02
logstash...,3,0.02
logistics planning,3,0.02
employer branding,3,0.02
employee relations...,3,0.02
emi,3,0.02
log4j,3,0.02
log analysis...,3,0.02
log analysis,3,0.02
loan servicing,3,0.02
demo,3,0.02
netcool omnibus,3,0.02
archiving...,3,0.02
technical analyst,3,0.02
non bpo,3,0.02
no sql,3,0.02
nmr,3,0.02
defect logging,3,0.02
load balancing,3,0.02
load,3,0.02
llb...,3,0.02
litigation...,3,0.02
engine design,3,0.02
newsletters,3,0.02
technical,3,0.02
tech transfer,3,0.02
arm,3,0.02
argus,3,0.02
team training,3,0.02
demandware,3,0.02
office 365,3,0.02
od,3,0.02
object oriented programming,3,0.02
object oriented analysis,3,0.02
oaf,3,0.02
linux development,3,0.02
analyst relations,3,0.02
training analysis,3,0.02
training & development,3,0.02
nsdl,3,0.02
npv,3,0.02
team management skills,3,0.02
artificial...,3,0.02
team building...,3,0.02
non technical...,3,0.02
decipher,3,0.02
oim,3,0.02
english writing,3,0.02
engineering manager,3,0.02
lims,3,0.02
life enforcenment,3,0.02
lending...,3,0.02
enterprise architect...,3,0.02
offshore,3,0.02
offline teaching,3,0.02
offline lecturer,3,0.02
offline faculty...,3,0.02
asp net c,3,0.02
asic,3,0.02
tax...,3,0.02
office coordinator...,3,0.02
office assistance,3,0.02
systems analyst,3,0.02
dataanalyst,3,0.02
legal issues,3,0.02
treasury operations,3,0.02
transition,3,0.02
transformation,3,0.02
transfer pricing,3,0.02
online...,3,0.02
online research,3,0.02
tally...,3,0.02
assay,3,0.02
asp.net mvc...,3,0.02
tally erp,3,0.02
talent engagement,3,0.02
online marketing analyst,3,0.02
olap...,3,0.02
transaction analysis,3,0.02
leave management...,3,0.02
entrepreneurship...,3,0.02
leaflets,3,0.02
operations manager,3,0.02
system programming,3,0.02
system integration...,3,0.02
system implementation,3,0.02
system analyst...,3,0.02
operational excellence...,3,0.02
data security,3,0.02
operating systems,3,0.02
data steward,3,0.02
data stage administrator...,3,0.02
asset finance,3,0.02
ta,3,0.02
survey programming,3,0.02
survey programmer,3,0.02
supply planning...,3,0.02
supply chain solutions...,3,0.02
supply chain planning...,3,0.02
oracle 10g,3,0.02
options...,3,0.02
type measurement,3,0.02
analysing,3,0.02
atpg,3,0.02
atg commerce,3,0.02
sybase...,3,0.02
swot analysis...,3,0.02
swift...,3,0.02
swaps...,3,0.02
svn...,3,0.02
structured products,3,0.02
structured finance...,3,0.02
lamp...,3,0.02
lab analyst,3,0.02
kyc analyst,3,0.02
structural engineering...,3,0.02
osi...,3,0.02
osi,3,0.02
oscp,3,0.02
data dictionary,3,0.02
organization design,3,0.02
organic farming,3,0.02
oracle sql...,3,0.02
oracle rac,3,0.02
oracle dba,3,0.02
oracle bi,3,0.02
pareto analysis,3,0.02
equity settlements...,3,0.02
kf,3,0.02
esb,3,0.02
erwin,3,0.02
erp...,3,0.02
para legal,3,0.02
cvs,3,0.02
panda,3,0.02
paid search,3,0.02
dashboards...,3,0.02
p2p...,3,0.02
automation framework...,3,0.02
automation anywhere,3,0.02
strong interpersonal skills...,3,0.02
authorization...,3,0.02
karl fischer,3,0.02
amadeus,3,0.02
ui automation,3,0.02
uat testing...,3,0.02
kam,3,0.02
kaizen,3,0.02
payroll processing...,3,0.02
payment processing,3,0.02
payment gateways,3,0.02
pattern recognition...,3,0.02
avro...,3,0.02
automotive infotainment,3,0.02
customer relationships,3,0.02
patent searching,3,0.02
patent law...,3,0.02
partnerships,3,0.02
azure data factory,3,0.02
axure,3,0.02
strategic management...,3,0.02
kafka...,3,0.02
juniper,3,0.02
ess,3,0.02
esri,3,0.02
unica,3,0.02
undergraduate,3,0.02
uml...,3,0.02
uk shift...,3,0.02
pdms,3,0.02
pdf,3,0.02
pd,3,0.02
pcb designing,3,0.02
customer quality,3,0.02
performance measurement...,3,0.02
performance marketing,3,0.02
jquey,3,0.02
etom,3,0.02
journalism...,3,0.02
journal entries...,3,0.02
strategic alliances,3,0.02
b com,3,0.02
store management,3,0.02
stock...,3,0.02
stock broking...,3,0.02
performance engineering,3,0.02
pentaho,3,0.02
strategies,3,0.02
strategic...,3,0.02
strategic thinking,3,0.02
photoshop...,3,0.02
phd researcher,3,0.02
pharmacy,3,0.02
pgdm,3,0.02
jenkins...,3,0.02
algorithm development,3,0.02
aix,3,0.02
unix administration,3,0.02
jee...,3,0.02
jd edwards,3,0.02
csm,3,0.02
personality development,3,0.02
personal secretary,3,0.02
personal assistance,3,0.02
curriculum development,3,0.02
cuda,3,0.02
plant accounting,3,0.02
credit...,3,0.02
pl...,3,0.02
piping stress analysis,3,0.02
piping layout,3,0.02
piping engineering,3,0.02
java web services,3,0.02
exhibitions,3,0.02
physical security,3,0.02
stock broking,3,0.02
b2b marketing,3,0.02
b.a,3,0.02
statutory...,3,0.02
statutory compliance,3,0.02
cro,3,0.02
crm strategy,3,0.02
back office processing,3,0.02
back office executive,3,0.02
b2c...,3,0.02
usability testing,3,0.02
ai...,3,0.02
us tax,3,0.02
us recruitment,3,0.02
us mortgage,3,0.02
us market,3,0.02
us it recruitment,3,0.02
itm,3,0.02
itil...,3,0.02
play framework,3,0.02
platforms,3,0.02
plant operations,3,0.02
credit risk modeling,3,0.02
backup,3,0.02
background verification,3,0.02
backend ninja,3,0.02
export sales,3,0.02
facilities,3,0.02
portfolio analytics,3,0.02
portal,3,0.02
credit control...,3,0.02
credit collection,3,0.02
credit cards...,3,0.02
credit assessment...,3,0.02
credit assessment,3,0.02
statistician,3,0.02
statistical programming...,3,0.02
statistical programmer...,3,0.02
statistical models...,3,0.02
predictive...,3,0.02
predictive maintenance,3,0.02
cq5,3,0.02
cpg analytics,3,0.02
pre sales,3,0.02
pre - sales,3,0.02
it product management,3,0.02
it operations...,3,0.02
farm management,3,0.02
power point,3,0.02
power electronics,3,0.02
bank accounting,3,0.02
banca,3,0.02
balance sheet analysis,3,0.02
post trade analytics,3,0.02
static timing analysis...,3,0.02
pricing research analyst...,3,0.02
pricing analyst,3,0.02
pricing analysis,3,0.02
istqb,3,0.02
agile project management,3,0.02
user documentation,3,0.02
user acceptance,3,0.02
usage...,3,0.02
presentation,3,0.02
sql server development,3,0.02
sql server administration,3,0.02
sql developer,3,0.02
sr business analyst,3,0.02
sqoop...,3,0.02
country management,3,0.02
premier,3,0.02
bcom 2018,3,0.02
basic,3,0.02
basel...,3,0.02
basel iii,3,0.02
isometrics,3,0.02
isoc,3,0.02
iso 27001,3,0.02
fea...,3,0.02
ir...,3,0.02
ip networking,3,0.02
iot r&d analytics research,3,0.02
iot firmware,3,0.02
cosmos,3,0.02
prior art search,3,0.02
primavera p6,3,0.02
cost reduction,3,0.02
sponsorship sales,3,0.02
ios developer,3,0.02
field marketing,3,0.02
field instrumentation,3,0.02
invoicing,3,0.02
investor relation,3,0.02
corporate governance,3,0.02
corporate actions,3,0.02
process engineering,3,0.02
process efficiency...,3,0.02
process consulting,3,0.02
corporate marketing...,3,0.02
corporate marketing,3,0.02
process analysis...,3,0.02
process analysis,3,0.02
procedures,3,0.02
process optimization...,3,0.02
investment...,3,0.02
investment products,3,0.02
investment management,3,0.02
usfda,3,0.02
user training...,3,0.02
affiliate marketing...,3,0.02
user stories...,3,0.02
investment analyst,3,0.02
process inspection,3,0.02
process flow,3,0.02
spring mvc...,3,0.02
bde,3,0.02
bd...,3,0.02
bcom...,3,0.02
spring batch,3,0.02
product data management,3,0.02
inventory valuation,3,0.02
inventory analysis,3,0.02
intrusion detection,3,0.02
variance...,3,0.02
value engineering...,3,0.02
valuation analysis...,3,0.02
spend management,3,0.02
speech scientist,3,0.02
behavioural training...,3,0.02
behavioral training,3,0.02
process trainer,3,0.02
copy editor,3,0.02
process safety,3,0.02
process re - engineering...,3,0.02
process re - engineering,3,0.02
content writer...,3,0.02
content optimization...,3,0.02
contractor billing,3,0.02
contract negotiations,3,0.02
contract management...,3,0.02
vb...,3,0.02
interpersonal communication...,3,0.02
interpersonal communication,3,0.02
internship...,3,0.02
financial analytics,3,0.02
financial auditing...,3,0.02
contract,3,0.02
product marketing...,3,0.02
product launch,3,0.02
convergys,3,0.02
contracts...,3,0.02
product testing...,3,0.02
product support...,3,0.02
product specialist,3,0.02
product sales...,3,0.02
product positioning...,3,0.02
international clients,3,0.02
financial modeling...,3,0.02
financial model,3,0.02
content editor...,3,0.02
bi apps,3,0.02
bi analyst...,3,0.02
bhms...,3,0.02
bg,3,0.02
bfsi...,3,0.02
sourcing strategy,3,0.02
content editing...,3,0.02
big data modeling,3,0.02
big data engineer,3,0.02
big data developer,3,0.02
solution analyst,3,0.02
vertica,3,0.02
vendor...,3,0.02
solar,3,0.02
professional services...,3,0.02
professional services,3,0.02
production supervising,3,0.02
contact center operations,3,0.02
consumer research...,3,0.02
consumer durables,3,0.02
solution management,3,0.02
bidding...,3,0.02
product training...,3,0.02
concurrent audit,3,0.02
internal communication,3,0.02
financial projections,3,0.02
internal auditing,3,0.02
adobe dtm,3,0.02
visual merchandising...,3,0.02
project life cycle...,3,0.02
big...,3,0.02
big data stack,3,0.02
software services...,3,0.02
software quality...,3,0.02
project life cycle,3,0.02
confluence,3,0.02
confirm it,3,0.02
project analysis,3,0.02
bi developer,3,0.02
proof reading...,3,0.02
software developer,3,0.02
biochemistry,3,0.02
billing engineering,3,0.02
software architecture,3,0.02
soft skills training,3,0.02
intercompany,3,0.02
interaction design,3,0.02
intellij,3,0.02
integration php,3,0.02
insurance...,3,0.02
insurance broking,3,0.02
computer system validation,3,0.02
computer,3,0.02
promotional strategies...,3,0.02
promotional events,3,0.02
social media listening,3,0.02
public relations...,3,0.02
public accounting,3,0.02
ptp,3,0.02
insurance analytics...,3,0.02
instrumentation...,3,0.02
instrumentation,3,0.02
voice...,3,0.02
administrative support,3,0.02
administration management,3,0.02
adl,3,0.02
protocols,3,0.02
compliance management...,3,0.02
competitive market analysis...,3,0.02
proposal writing,3,0.02
property,3,0.02
firmware architecture,3,0.02
firmware architect,3,0.02
infrastructure services,3,0.02
infrastructure,3,0.02
information security management,3,0.02
information security analyst,3,0.02
information research,3,0.02
commercial vehicle,3,0.02
qa audit,3,0.02
purchase requisition,3,0.02
publishing,3,0.02
sod,3,0.02
bist,3,0.02
biotech,3,0.02
biostatistics,3,0.02
biomedical,3,0.02
qos,3,0.02
qlikview...,3,0.02
qlikview consultant,3,0.02
commercial lending,3,0.02
commercial banking,3,0.02
commerce,3,0.02
information analysis,3,0.02
flyway,3,0.02
fluentd,3,0.02
floor planning...,3,0.02
infopath,3,0.02
qc tools...,3,0.02
social bookmarking...,3,0.02
social bookmarking,3,0.02
blockchain,3,0.02
snow,3,0.02
wan...,3,0.02
ad tags,3,0.02
w3c,3,0.02
induction training,3,0.02
qualitative research...,3,0.02
smtp,3,0.02
smo executive...,3,0.02
board conference,3,0.02
blue pumpkin,3,0.02
blogs...,3,0.02
smarty,3,0.02
qualitative analysis,3,0.02
college,3,0.02
collections...,3,0.02
collections strategy...,3,0.02
collection management,3,0.02
quality control management,3,0.02
quality auditor...,3,0.02
quality auditor,3,0.02
indirect taxation...,3,0.02
focus,3,0.02
fna,3,0.02
fmcd,3,0.02
indirect tax,3,0.02
incentives,3,0.02
forex,3,0.02
sla...,3,0.02
boost,3,0.02
board meeting,3,0.02
six...,3,0.02
site catalyst,3,0.02
site analysis,3,0.02
quant...,3,0.02
inbound qa,3,0.02
inbound marketing,3,0.02
implementation,3,0.02
web - chat...,3,0.02
wcf services,3,0.02
ad,3,0.02
actuarial analyst...,3,0.02
waterfall...,3,0.02
cloudera...,3,0.02
quality evaluator,3,0.02
quality engineer,3,0.02
cmbs,3,0.02
cognos developer,3,0.02
cognos bi,3,0.02
coder,3,0.02
clinical development...,3,0.02
impact analysis...,3,0.02
iim...,3,0.02
identity access management...,3,0.02
clinical data management...,3,0.02
client...,3,0.02
client solutions,3,0.02
r&d,3,0.02
closure,3,0.02
clinical trials...,3,0.02
query optimization...,3,0.02
query optimization,3,0.02
quantity surveying...,3,0.02
cloud security...,3,0.02
cloud computing...,3,0.02
simulation...,3,0.02
rcm...,3,0.02
hyperion financial management,3,0.02
hvac,3,0.02
human resource analytics,3,0.02
client development,3,0.02
client communication,3,0.02
client billing,3,0.02
client requirement specialist,3,0.02
client relationship management...,3,0.02
client presentations,3,0.02
client mgt,3,0.02
shopify,3,0.02
shell scripting...,3,0.02
branch management,3,0.02
bpo qa,3,0.02
sharepoint development,3,0.02
regression modeling...,3,0.02
regression modeling,3,0.02
civil engineering...,3,0.02
hubspot...,3,0.02
activation,3,0.02
acoustic,3,0.02
french,3,0.02
redhat linux,3,0.02
brand positioning,3,0.02
brand planning,3,0.02
brand campaigns...,3,0.02
brand awareness...,3,0.02
claims analytics...,3,0.02
recruit,3,0.02
react native,3,0.02
rcsa,3,0.02
requirements management...,3,0.02
chemical analysis...,3,0.02
chatbots...,3,0.02
reporting tools...,3,0.02
hrss...,3,0.02
hrm,3,0.02
accounts executive,3,0.02
hr transformation,3,0.02
reporting services,3,0.02
service operations management,3,0.02
brd...,3,0.02
brand promotion,3,0.02
brand positioning...,3,0.02
release management...,3,0.02
circuit designing...,3,0.02
regulatory reporting,3,0.02
residential,3,0.02
channel...,3,0.02
hr shared services,3,0.02
freshers,3,0.02
hr consulting,3,0.02
hr business partner,3,0.02
hr analyst,3,0.02
researcher,3,0.02
research scientist,3,0.02
service delivery management,3,0.02
server...,3,0.02
server,3,0.02
seo strategy,3,0.02
seo manager,3,0.02
charts,3,0.02
charge posting,3,0.02
retail banking...,3,0.02
frontend,3,0.02
frm...,3,0.02
webservices,3,0.02
webgl,3,0.02
webdynpro abap...,3,0.02
web tools,3,0.02
hp quality center,3,0.02
retail analytics...,3,0.02
restaurant,3,0.02
budget development,3,0.02
budget analysis,3,0.02
seo analysis...,3,0.02
chaid...,3,0.02
resource planning...,3,0.02
resource management...,3,0.02
risk control...,3,0.02
risk compliance,3,0.02
category manager,3,0.02
fscm,3,0.02
hospitality,3,0.02
hortonworks,3,0.02
holiday packages,3,0.02
functional consultant,3,0.02
category,3,0.02
rfps...,3,0.02
senior level...,3,0.02
senior data scientist...,3,0.02
budget management...,3,0.02
semiconductor...,3,0.02
catia,3,0.02
returns,3,0.02
capital markets,3,0.02
functional consultancy...,3,0.02
high level design,3,0.02
fund management,3,0.02
hedge funds...,3,0.02
safety,3,0.02
saas...,3,0.02
security...,3,0.02
rural finance,3,0.02
case studies,3,0.02
cart...,3,0.02
rsa envision,3,0.02
rpg,3,0.02
root...,3,0.02
roi,3,0.02
rmbs,3,0.02
sales head,3,0.02
security operations center,3,0.02
business consulting...,3,0.02
security audit,3,0.02
security analyst,3,0.02
windows os,3,0.02
acca,3,0.02
wicket,3,0.02
who,3,0.02
white box testing...,3,0.02
wfm executive,3,0.02
sales executive activities...,3,0.02
sales coordinator,3,0.02
sales consulting,3,0.02
sales analysis...,3,0.02
sales achievement,3,0.02
galileo,3,0.02
funding...,3,0.02
fund raising...,3,0.02
head of product,3,0.02
hcv,3,0.02
sap application...,3,0.02
call center...,3,0.02
sanction,3,0.02
salesforce developer...,3,0.02
secondary...,3,0.02
business development operations,3,0.02
business development management...,3,0.02
sales support...,3,0.02
cam,3,0.02
campaign planning,3,0.02
campaign analytics engineer,3,0.02
hardware support,3,0.02
academic research,3,0.02
abs,3,0.02
woocommerce,3,0.02
windows...,3,0.02
sap pp module,3,0.02
c&b,3,0.02
sap hr,3,0.02
sdk,3,0.02
sdet,3,0.02
scrum master...,3,0.02
sap erp,3,0.02
sap ecc...,3,0.02
business forecasting,3,0.02
search analyst,3,0.02
sap ariba,3,0.02
global sourcing...,3,0.02
grails,3,0.02
google tag manager,3,0.02
google maps,3,0.02
google cloud,3,0.02
xpath,3,0.02
global shared services,3,0.02
business process modeling...,3,0.02
business process mapping,3,0.02
business process management,3,0.02
scm analytics...,3,0.02
business solutions...,3,0.02
scripting...,3,0.02
scorecard...,3,0.02
sas stat,3,0.02
sas r...,3,0.02
thermal engineering,3,0.02
thermal analysis,3,0.02
e - learning...,3,0.02
marketing coordinator,3,0.02
marketing consulting...,3,0.02
tivoli,3,0.02
angular4,3,0.02
xsd,3,0.02
4g,3,0.02
3pl,3,0.02
3g,3,0.02
wso2,3,0.02
written communication...,3,0.02
writing skills...,3,0.02
go getter...,3,0.02
gimp,3,0.02
zonal...,2,0.01
xml schema,2,0.01
xamarin,2,0.01
802.11,2,0.01
global delivery,2,0.01
zend php,2,0.01
zend lamp,2,0.01
zend,2,0.01
zabbix,2,0.01
yield management...,2,0.01
yarn...,2,0.01
yahoo,2,0.01
writing test cases,2,0.01
aas,2,0.01
aam...,2,0.01
aam,2,0.01
8d...,2,0.01
wricef...,2,0.01
github...,2,0.01
gis analyst,2,0.01
global procurement,2,0.01
global operations,2,0.01
wpf...,2,0.01
worldspan,2,0.01
working capital management,2,0.01
wordnet,2,0.01
word...,2,0.01
academic writing,2,0.01
abt...,2,0.01
abc analysis,2,0.01
abap...,2,0.01
womens wear,2,0.01
women...,2,0.01
good communication...,2,0.01
good analytical and programming skills,2,0.01
good analytical,2,0.01
good,2,0.01
golang...,2,0.01
golang,2,0.01
go to market,2,0.01
go - to - market strategy...,2,0.01
gmp,2,0.01
glp...,2,0.01
wm...,2,0.01
wlan,2,0.01
wireshark,2,0.01
windows forms,2,0.01
windows communication foundation,2,0.01
windows active directory,2,0.01
accessibility,2,0.01
access,2,0.01
wholesale banking,2,0.01
white box testing,2,0.01
white box,2,0.01
wet lab,2,0.01
weka...,2,0.01
webtrends...,2,0.01
websphere,2,0.01
website traffic...,2,0.01
website audit,2,0.01
webmethods,2,0.01
weblogic,2,0.01
webi...,2,0.01
accounting firm manager...,2,0.01
accountancy,2,0.01
account...,2,0.01
webdynpro abap,2,0.01
webdynpro,2,0.01
gpu,2,0.01
accounts officer...,2,0.01
accounts finalisation...,2,0.01
web promotion,2,0.01
web metrics and analysis...,2,0.01
web marketing...,2,0.01
web intelligence,2,0.01
web crawling,2,0.01
web application...,2,0.01
web application development,2,0.01
action...,2,0.01
accrual accounting,2,0.01
web analysis...,2,0.01
wealth management...,2,0.01
ad agency,2,0.01
actuary,2,0.01
graduates,2,0.01
gi...,2,0.01
geographical information system,2,0.01
genre,2,0.01
genpact...,2,0.01
actuarial...,2,0.01
actuarial analysis,2,0.01
wave,2,0.01
water analysis,2,0.01
warranty analysis...,2,0.01
warranty analysis,2,0.01
warehouse management system,2,0.01
wan connectivity,2,0.01
adc,2,0.01
genesys,2,0.01
general trade...,2,0.01
general management...,2,0.01
graphics...,2,0.01
graphical designs,2,0.01
adaptability...,2,0.01
ad trafficking,2,0.01
ad server...,2,0.01
ad network marketing analyst,2,0.01
vulnerability assessment...,2,0.01
vtk,2,0.01
vsts,2,0.01
vs,2,0.01
vpm,2,0.01
vp...,2,0.01
voip,2,0.01
gui developer,2,0.01
growth hacker,2,0.01
group policy,2,0.01
group planning,2,0.01
grocery,2,0.01
greenplum...,2,0.01
admission counselling,2,0.01
addressing,2,0.01
voice gateways,2,0.01
vmware esxi,2,0.01
vlan,2,0.01
adobe creative suite,2,0.01
adobe cq,2,0.01
adobe analytics aka omniture,2,0.01
adobe acrobat,2,0.01
visualiser,2,0.01
visual studio...,2,0.01
gdb,2,0.01
gc analysis,2,0.01
gc - ms,2,0.01
gather requirements,2,0.01
visual merchandising,2,0.01
visual design...,2,0.01
visual basics,2,0.01
visual analytics...,2,0.01
virtualization...,2,0.01
vibration,2,0.01
vhdl...,2,0.01
advanced access,2,0.01
advance excel with macros,2,0.01
ads...,2,0.01
vetting contracts,2,0.01
hadoop developer...,2,0.01
hadoop analytis...,2,0.01
haccp,2,0.01
h323,2,0.01
h2o,2,0.01
h1b,2,0.01
gxt,2,0.01
vertica...,2,0.01
veritas...,2,0.01
verbatim,2,0.01
vendor selection,2,0.01
vendor reconciliation...,2,0.01
vendor payments...,2,0.01
vendor contracts...,2,0.01
vendor analysis,2,0.01
advisor,2,0.01
adviser,2,0.01
advanced macros,2,0.01
vehicle forecast,2,0.01
hardware...,2,0.01
hardware troubleshooting,2,0.01
hana...,2,0.01
hana architecture...,2,0.01
vba macro,2,0.01
variable reduction...,2,0.01
value stream mapping...,2,0.01
aem6.1,2,0.01
aem6.0,2,0.01
advocate,2,0.01
advocacy...,2,0.01
advisory...,2,0.01
valuations...,2,0.01
gartner,2,0.01
garments...,2,0.01
garment export,2,0.01
gaming,2,0.01
games,2,0.01
validation,2,0.01
uttar pradesh,2,0.01
ushc,2,0.01
user xperience,2,0.01
affiliate marketing executive,2,0.01
affidavits,2,0.01
aeronautical,2,0.01
user experience design...,2,0.01
agile - scrum...,2,0.01
agency,2,0.01
head - hr shared services,2,0.01
head - hr,2,0.01
head - enterprise sales,2,0.01
hdfs...,2,0.01
hcm cloud,2,0.01
agrochemical...,2,0.01
agri loans,2,0.01
agri credit...,2,0.01
us...,2,0.01
us shift...,2,0.01
us process,2,0.01
us payroll,2,0.01
us health claim,2,0.01
us accounting,2,0.01
upselling...,2,0.01
ajax ...,2,0.01
aisc,2,0.01
airport,2,0.01
airlines,2,0.01
up - sell,2,0.01
unsecured loans...,2,0.01
headhunting,2,0.01
head...,2,0.01
unix shell scripts,2,0.01
unix scripting,2,0.01
universities...,2,0.01
unity,2,0.01
unified contact center enterprise...,2,0.01
unica campaign...,2,0.01
alternate sourcing,2,0.01
alt text writer,2,0.01
alt text,2,0.01
hedge fund,2,0.01
heavy engineering,2,0.01
healthcare analytics,2,0.01
health insurance analytics,2,0.01
uikit,2,0.01
ui5,2,0.01
amdocs...,2,0.01
amazon,2,0.01
ui...,2,0.01
ui ux designer,2,0.01
uds,2,0.01
udf,2,0.01
uddi...,2,0.01
ubuntu...,2,0.01
typography...,2,0.01
analyse,2,0.01
analog layout,2,0.01
analog design,2,0.01
analog,2,0.01
amr,2,0.01
tsr,2,0.01
hfm,2,0.01
fund flow,2,0.01
fund,2,0.01
help desk,2,0.01
hedging,2,0.01
troubleshooting skills,2,0.01
trouble shoot...,2,0.01
tripwire,2,0.01
trial balance,2,0.01
treasury...,2,0.01
analyst - salesforce crm,2,0.01
travel arrangements...,2,0.01
travel arrangement,2,0.01
functional decomposition...,2,0.01
functional analyst...,2,0.01
functional analyst,2,0.01
functional analysis...,2,0.01
functional,2,0.01
high availability...,2,0.01
high availability,2,0.01
hibernate...,2,0.01
hfr,2,0.01
transport management,2,0.01
transmission planning,2,0.01
transmission,2,0.01
transactional quality,2,0.01
transaction...,2,0.01
home finance,2,0.01
hni client handling...,2,0.01
hl7,2,0.01
hiring managers,2,0.01
hira,2,0.01
hil...,2,0.01
hil,2,0.01
highway bridges...,2,0.01
highway,2,0.01
transaction monitoring,2,0.01
analytical development,2,0.01
analytical chemistry...,2,0.01
analytical chemist,2,0.01
analytical ability,2,0.01
analytic tools...,2,0.01
training delivery...,2,0.01
hotel management,2,0.01
hotel costing,2,0.01
hotel contracting,2,0.01
hospitality management...,2,0.01
hospitality management,2,0.01
hospital,2,0.01
hoovers...,2,0.01
analytical testing,2,0.01
analytical instruments...,2,0.01
train the trainer,2,0.01
analytics intermediate analyst,2,0.01
analytics hiring,2,0.01
analytics consultant,2,0.01
tracking conversion rates,2,0.01
tracking,2,0.01
tpm,2,0.01
full stack java developer,2,0.01
full stack developer...,2,0.01
ftp,2,0.01
housing finance...,2,0.01
housing finance,2,0.01
toxicology,2,0.01
tour plans...,2,0.01
top management...,2,0.01
tools...,2,0.01
tom.net,2,0.01
android development...,2,0.01
android application,2,0.01
analyze design & dev customize apps,2,0.01
time...,2,0.01
time study,2,0.01
angular5...,2,0.01
front end developer,2,0.01
front - end,2,0.01
hpqc,2,0.01
hp software,2,0.01
angular 5...,2,0.01
android...,2,0.01
ansible...,2,0.01
animation...,2,0.01
animation,2,0.01
tfl,2,0.01
text analytics...,2,0.01
tester,2,0.01
test...,2,0.01
test preparation,2,0.01
antivirus,2,0.01
anti fraud...,2,0.01
ant,2,0.01
test plan,2,0.01
test management tool...,2,0.01
test management tool,2,0.01
test execution...,2,0.01
hr generalist activities,2,0.01
hr business associate...,2,0.01
apache tomcat...,2,0.01
apache pig,2,0.01
apache maven,2,0.01
apache flume,2,0.01
apache camel...,2,0.01
test driven development...,2,0.01
test data...,2,0.01
app,2,0.01
apm monitoring,2,0.01
apm,2,0.01
api manufacturing,2,0.01
tesco,2,0.01
territory sales management,2,0.01
territory management,2,0.01
territory growth,2,0.01
french...,2,0.01
french language expert,2,0.01
hr operations...,2,0.01
hr multiple locations,2,0.01
application designing,2,0.01
appkit,2,0.01
appdynamics...,2,0.01
tender evaluation,2,0.01
temenos,2,0.01
telerik controls,2,0.01
telematics,2,0.01
telecommunication...,2,0.01
telecom oss...,2,0.01
hrms,2,0.01
hrd,2,0.01
hr strategy,2,0.01
hr solutions...,2,0.01
hr recruiter,2,0.01
telecalling,2,0.01
application lead...,2,0.01
application integration,2,0.01
application engineering...,2,0.01
application development framework,2,0.01
technology scouting...,2,0.01
technology research,2,0.01
technology landscaping,2,0.01
approvals,2,0.01
application...,2,0.01
application testing...,2,0.01
application software,2,0.01
http...,2,0.01
freelancer,2,0.01
frd....,2,0.01
ar follow - up,2,0.01
ar executive,2,0.01
ar analyst...,2,0.01
technical sales representative...,2,0.01
technical recruiter,2,0.01
technical product management...,2,0.01
technical operations,2,0.01
technical marketing,2,0.01
technical manager,2,0.01
technical management...,2,0.01
technical helpdesk,2,0.01
technical documentation...,2,0.01
fraud risk assessment,2,0.01
fraud report,2,0.01
fraud management,2,0.01
human resource planning...,2,0.01
architecture analyst .net,2,0.01
architecture analyst - hyderabad,2,0.01
tech operations analyst,2,0.01
ariba buyer,2,0.01
ard,2,0.01
teamleadar,2,0.01
team skills,2,0.01
team size,2,0.01
team motivation...,2,0.01
hyperion planning,2,0.01
hyderabad multiple locations,2,0.01
hybrisandmarketing,2,0.01
hybrid,2,0.01
team motivation,2,0.01
ascribe,2,0.01
articulate storyline...,2,0.01
articles...,2,0.01
team leader seo,2,0.01
team leader it,2,0.01
tds return,2,0.01
tds calculation,2,0.01
tcl...,2,0.01
asis,2,0.01
taxation...,2,0.01
tax returns...,2,0.01
tat...,2,0.01
target...,2,0.01
target achievement...,2,0.01
target achievement,2,0.01
target,2,0.01
icg misg business analytics...,2,0.01
icd,2,0.01
ic,2,0.01
ibm rational,2,0.01
ibm daksh...,2,0.01
ibm cognos controller,2,0.01
ibm cognos,2,0.01
ibatis,2,0.01
tandem,2,0.01
assessment...,2,0.01
asr9k,2,0.01
asr 9k,2,0.01
asp.net...,2,0.01
asp.net ajax,2,0.01
taleo recruiting,2,0.01
talent sourcing,2,0.01
icwa...,2,0.01
ict reports,2,0.01
icp - ms...,2,0.01
icp,2,0.01
ich - gcp guidelines,2,0.01
talent development...,2,0.01
tal,2,0.01
assistant manager - accounting - hyderabad,2,0.01
assistant category manager,2,0.01
asset protection,2,0.01
tagging,2,0.01
tacl,2,0.01
tableau software engineer,2,0.01
tableau programmer,2,0.01
tableau 10.3,2,0.01
tableau 10,2,0.01
tableau - delhi ncr,2,0.01
systems analysis,2,0.01
framework...,2,0.01
fracture mechanics,2,0.01
fpga...,2,0.01
fpa...,2,0.01
system troubleshooting,2,0.01
system integration testing,2,0.01
system architect,2,0.01
assura,2,0.01
associate technical support analyst - desktop support - hyderabad,2,0.01
associate team leader,2,0.01
ilt,2,0.01
iit,2,0.01
igmp,2,0.01
igaap,2,0.01
idoc,2,0.01
associate professor...,2,0.01
associate group leader...,2,0.01
associate data analyst - hyderabad,2,0.01
assistant professor...,2,0.01
system administration...,2,0.01
symfony,2,0.01
attention to detail,2,0.01
attendance,2,0.01
atdd,2,0.01
sybase,2,0.01
fp&a...,2,0.01
forum posting,2,0.01
fortran,2,0.01
fortinet,2,0.01
formulas...,2,0.01
image management,2,0.01
image editor...,2,0.01
image editing,2,0.01
svg,2,0.01
survey,2,0.01
support services...,2,0.01
support,2,0.01
supply network planning...,2,0.01
audit...,2,0.01
audit report,2,0.01
audit management,2,0.01
audit compliance,2,0.01
ims data,2,0.01
import,2,0.01
imperva,2,0.01
image processing...,2,0.01
supply chain consulting...,2,0.01
supplier quality,2,0.01
auto industry,2,0.01
australia,2,0.01
auditor,2,0.01
subject matter specialist...,2,0.01
subject matter expertise...,2,0.01
subject matter expert...,2,0.01
subject matter expert,2,0.01
study abroad,2,0.01
struts...,2,0.01
struts 2.0,2,0.01
forensic...,2,0.01
forcasting,2,0.01
food safety,2,0.01
inbound sales,2,0.01
inbound process,2,0.01
automobile,2,0.01
automated meter reading,2,0.01
automated energy meter reading,2,0.01
structural,2,0.01
structual analysis,2,0.01
strong analytical skills...,2,0.01
autosar,2,0.01
automotive braking system,2,0.01
strategy mktg,2,0.01
strategy management,2,0.01
follow up,2,0.01
focus...,2,0.01
indexing,2,0.01
income tax...,2,0.01
inbound...,2,0.01
strategy consultant...,2,0.01
strategy consultant,2,0.01
strategy assistant,2,0.01
strategy & customer...,2,0.01
strategic thinking...,2,0.01
strategic sourcing...,2,0.01
strategic partnerships...,2,0.01
azure cloud,2,0.01
azure ad,2,0.01
azkaban...,2,0.01
strategic consulting,2,0.01
strategic business planning...,2,0.01
storyboard...,2,0.01
industry mapping,2,0.01
industry analysis...,2,0.01
industrial selling...,2,0.01
industrial marketing,2,0.01
industrial iot,2,0.01
b...,2,0.01
b tech fresher,2,0.01
b com fresher...,2,0.01
azure sql database...,2,0.01
azure factory...,2,0.01
stored...,2,0.01
store management...,2,0.01
stock taking...,2,0.01
stock market...,2,0.01
stock analysis,2,0.01
flow cytometry,2,0.01
flow cytometer,2,0.01
flexcube,2,0.01
fleet management,2,0.01
informatica power center,2,0.01
infographics,2,0.01
industry research...,2,0.01
b2b sales...,2,0.01
b.com,2,0.01
stitching,2,0.01
steel structures...,2,0.01
steel structures,2,0.01
statutory compliance...,2,0.01
statutory accounting...,2,0.01
statistical models,2,0.01
back office support,2,0.01
back office assistant...,2,0.01
information technology management,2,0.01
information security operations...,2,0.01
information retrieval...,2,0.01
fixed...,2,0.01
fixed income...,2,0.01
fixed income derivatives,2,0.01
statistical modelling...,2,0.01
statistical modeler,2,0.01
back testing,2,0.01
balance sheet finalisation,2,0.01
badi...,2,0.01
badi,2,0.01
stash...,2,0.01
standard operating procedures,2,0.01
stability...,2,0.01
sta methodology,2,0.01
inner and outer joins...,2,0.01
infringement analysis,2,0.01
infrastructure security analyst,2,0.01
infrastructure management...,2,0.01
ssas tabular,2,0.01
bank reconciliation...,2,0.01
bank loan,2,0.01
sre engineer,2,0.01
sr. designer,2,0.01
sr ba,2,0.01
sqlite...,2,0.01
sql server dba,2,0.01
base24,2,0.01
bar bending schedule...,2,0.01
bapi,2,0.01
banners,2,0.01
sql scripting for procedures,2,0.01
sql programming,2,0.01
institutional equity research analyst,2,0.01
institutional broking,2,0.01
institute,2,0.01
installshield,2,0.01
install base...,2,0.01
bca...,2,0.01
bba fresher,2,0.01
bash scripting...,2,0.01
spring integration,2,0.01
beautifulsoup,2,0.01
be...,2,0.01
bds,2,0.01
bde...,2,0.01
bdd,2,0.01
spot fire...,2,0.01
firewalls,2,0.01
firewall...,2,0.01
institutional sales,2,0.01
sponsorship,2,0.01
splunkjs,2,0.01
splunk...,2,0.01
spi,2,0.01
speech recognition scientist...,2,0.01
speech recognition researcher,2,0.01
bench management...,2,0.01
behavioural scientist,2,0.01
specification...,2,0.01
specialized analytics analyst,2,0.01
fiori ui,2,0.01
financial transformation,2,0.01
insurance operations,2,0.01
instruments,2,0.01
specialist - data science,2,0.01
spc,2,0.01
sp3d,2,0.01
sox...,2,0.01
sow...,2,0.01
bi analytics,2,0.01
bex analyzer,2,0.01
sourcefire,2,0.01
sor,2,0.01
sop preparation,2,0.01
sop,2,0.01
solutioning...,2,0.01
solution sales...,2,0.01
solution integration...,2,0.01
solution integration & implementation manager,2,0.01
solution development,2,0.01
solution delivery,2,0.01
intellimatch,2,0.01
intellectual...,2,0.01
integration testing,2,0.01
integration services...,2,0.01
insurance sales,2,0.01
insurance risk...,2,0.01
big data ecosystem,2,0.01
big data architect,2,0.01
big data analyst...,2,0.01
solution architect,2,0.01
solman,2,0.01
interface testing...,2,0.01
financial sector,2,0.01
financial risk management...,2,0.01
financial risk management,2,0.01
intercompany reconciliation,2,0.01
interaction design...,2,0.01
solidworks,2,0.01
solid works,2,0.01
solid mechanics,2,0.01
solarwinds...,2,0.01
software support...,2,0.01
software quality assurance,2,0.01
software implementation,2,0.01
software functionality...,2,0.01
software development life cycle...,2,0.01
software development engineer,2,0.01
software developer...,2,0.01
biology...,2,0.01
biology,2,0.01
financial planning financial reporting,2,0.01
financial planning and analysis...,2,0.01
financial planner,2,0.01
financial operations...,2,0.01
internal auditor...,2,0.01
intermediates,2,0.01
bing ads...,2,0.01
billings...,2,0.01
software asset management,2,0.01
soft...,2,0.01
soft services,2,0.01
biztalk server,2,0.01
socialmedia,2,0.01
financial models...,2,0.01
financial model...,2,0.01
internal process audit...,2,0.01
social site...,2,0.01
social networking,2,0.01
social media expert...,2,0.01
social media executive,2,0.01
social media associate,2,0.01
block chain,2,0.01
blended,2,0.01
blackberry,2,0.01
social,2,0.01
soc design,2,0.01
soc analyst,2,0.01
soa testing,2,0.01
snow solution architect...,2,0.01
snow lead,2,0.01
snow architect,2,0.01
smoke testing,2,0.01
bmw,2,0.01
international voice process...,2,0.01
international process,2,0.01
international marketing,2,0.01
international business,2,0.01
bloomberg...,2,0.01
smart factory,2,0.01
smart cities,2,0.01
small and medium,2,0.01
book keeping...,2,0.01
bocw,2,0.01
board design,2,0.01
skills,2,0.01
skill...,2,0.01
six sigma standards,2,0.01
finance manager...,2,0.01
financial impact,2,0.01
financial forecasting,2,0.01
financial consolidation,2,0.01
internet searching,2,0.01
site execution,2,0.01
sit,2,0.01
signal processing,2,0.01
signal integrity...,2,0.01
bpo operations,2,0.01
bpo non voice,2,0.01
bpc,2,0.01
bp0,2,0.01
boq...,2,0.01
boq preparation,2,0.01
signal integrity,2,0.01
siem - noida,2,0.01
siebel tools,2,0.01
siebel scripting...,2,0.01
inventory analysis...,2,0.01
inventory accounting,2,0.01
interview coordination,2,0.01
internship trainee,2,0.01
financial analyst...,2,0.01
siebel,2,0.01
shop floor control,2,0.01
shop floor,2,0.01
shift management...,2,0.01
branch credit manager,2,0.01
bpos,2,0.01
bpo sales,2,0.01
bpo operations...,2,0.01
sharepoint designer,2,0.01
finalisation,2,0.01
final audit...,2,0.01
finacle,2,0.01
fin...,2,0.01
inventory planning...,2,0.01
share market,2,0.01
sfe,2,0.01
servicenow developer,2,0.01
brand marketing...,2,0.01
brand development...,2,0.01
brand building...,2,0.01
service industry,2,0.01
service excellence...,2,0.01
brf+,2,0.01
investment planning,2,0.01
investment domain...,2,0.01
investment analysis...,2,0.01
investment advisory,2,0.01
investigation report,2,0.01
investigation,2,0.01
brd and frd,2,0.01
service excellence,2,0.01
service desk analyst...,2,0.01
service desk analyst,2,0.01
broadcast,2,0.01
britishairways,2,0.01
bridges,2,0.01
brfplus,2,0.01
server monitoring...,2,0.01
server automation,2,0.01
ionic framework,2,0.01
inward,2,0.01
fifo,2,0.01
field rewards,2,0.01
field operations...,2,0.01
invoicing...,2,0.01
serdes,2,0.01
sepa,2,0.01
seo writing...,2,0.01
seo team lead,2,0.01
seo specialist,2,0.01
seo lead...,2,0.01
seo analyst...,2,0.01
senior technical product manager,2,0.01
senior system analyst...,2,0.01
senior seo expert...,2,0.01
senior qa engineer,2,0.01
senior qa analyst,2,0.01
ios sdk,2,0.01
ios lead,2,0.01
ios app development,2,0.01
senior mis executive,2,0.01
senior medical writer,2,0.01
senior level,2,0.01
senior financial analyst - hyderabad,2,0.01
senior developer...,2,0.01
senior data scientist - hyderabad,2,0.01
senior data engineering analyst - big data - multiple locations,2,0.01
senior consultant,2,0.01
bug reporting...,2,0.01
budgetary control,2,0.01
senior business development executive...,2,0.01
senior business analyst...,2,0.01
senior business analyst - ie - noida,2,0.01
iphone development,2,0.01
ip routing,2,0.01
ip network,2,0.01
iot technology,2,0.01
ios tech lead,2,0.01
fiddler,2,0.01
senior ar associate...,2,0.01
senior application developer,2,0.01
senior,2,0.01
seminars,2,0.01
busgeting...,2,0.01
bulk hiring,2,0.01
build automation,2,0.01
selling skills,2,0.01
sell side,2,0.01
selenium test analyst,2,0.01
iseb,2,0.01
ipu,2,0.01
ipt,2,0.01
ipr...,2,0.01
business applications...,2,0.01
business analysts,2,0.01
business analyst sql,2,0.01
business analyst adm,2,0.01
security services,2,0.01
security pricing,2,0.01
security operations analyst,2,0.01
business continuity management...,2,0.01
business continuity management,2,0.01
business continuity,2,0.01
security operation analyst,2,0.01
security management,2,0.01
feasibility studies...,2,0.01
feanalysis,2,0.01
fe analysis,2,0.01
fdm,2,0.01
fatigue,2,0.01
isms,2,0.01
security engineer,2,0.01
security audit...,2,0.01
security analyst ids,2,0.01
security analysis...,2,0.01
securities market...,2,0.01
secured loan,2,0.01
secretary...,2,0.01
secretary,2,0.01
secretarial task,2,0.01
it asset management,2,0.01
it asset,2,0.01
secondary sales...,2,0.01
business excellence...,2,0.01
secondary reserch...,2,0.01
search...,2,0.01
business intelligence apps,2,0.01
business improvement...,2,0.01
search engine optimization executive...,2,0.01
search engine optimisation,2,0.01
search engine marketing writing,2,0.01
business model evaluation...,2,0.01
business mktg,2,0.01
business marketing,2,0.01
business management skills,2,0.01
sdl tridion expert,2,0.01
it infrastructure management,2,0.01
factory incharge,2,0.01
factory compliance...,2,0.01
factory,2,0.01
it engineer,2,0.01
business planner,2,0.01
business partners,2,0.01
business partnering...,2,0.01
business optimization,2,0.01
script,2,0.01
scratch,2,0.01
scp,2,0.01
scm solutions,2,0.01
business reporting...,2,0.01
business process re - engineering,2,0.01
business process modeling,2,0.01
business process mapping...,2,0.01
scm analytics,2,0.01
scikit...,2,0.01
it product architecture...,2,0.01
it operations delivery manager,2,0.01
it marketing,2,0.01
scientific writing,2,0.01
scientific medical writer,2,0.01
schemes management,2,0.01
schema...,2,0.01
sccm,2,0.01
scala sql,2,0.01
business requirement analysis,2,0.01
sas visual analytics,2,0.01
sas va,2,0.01
sas programming...,2,0.01
it roadmap,2,0.01
facility management...,2,0.01
facility management,2,0.01
it recruiter...,2,0.01
it projects...,2,0.01
it project...,2,0.01
business valuation,2,0.01
business technical analyst,2,0.01
business support,2,0.01
sas process,2,0.01
sas predictive modeling,2,0.01
sas model development,2,0.01
sas jmp,2,0.01
sas di studio,2,0.01
sas business rules manager,2,0.01
saql,2,0.01
ites...,2,0.01
it training,2,0.01
it support...,2,0.01
it strategy...,2,0.01
it solution sales...,2,0.01
it security analyst...,2,0.01
it sales manager,2,0.01
sap wm,2,0.01
bw4hana,2,0.01
bw consultant,2,0.01
bw analysis...,2,0.01
buyers credit,2,0.01
buyer,2,0.01
sap technical consultant,2,0.01
sap successfactors...,2,0.01
sap successfactors workforce analytics developer,2,0.01
sap successfactors consultant,2,0.01
itil v2,2,0.01
f&a,2,0.01
extractables,2,0.01
extractable,2,0.01
external communications,2,0.01
export house,2,0.01
sap slt...,2,0.01
sap scripts,2,0.01
sap quality management,2,0.01
sap pm,2,0.01
sap plm...,2,0.01
sap pi,2,0.01
sap isu,2,0.01
ca qualified...,2,0.01
ca inter,2,0.01
c++ developer,2,0.01
sap hana...,2,0.01
sap hana consultant,2,0.01
japanese,2,0.01
j2me,2,0.01
j2ee developer,2,0.01
j2ee architecture,2,0.01
ivr,2,0.01
itunes...,2,0.01
itom,2,0.01
itk,2,0.01
sap functional analyst,2,0.01
sap data services,2,0.01
sap crm...,2,0.01
cakephp,2,0.01
cake php,2,0.01
cake lamp,2,0.01
java enterprise,2,0.01
java development lead,2,0.01
java concurrency,2,0.01
java architect,2,0.01
jasmine,2,0.01
cae engineer,2,0.01
caas,2,0.01
sap bpc,2,0.01
call monitoring...,2,0.01
call center operations,2,0.01
call barging...,2,0.01
sap accounting,2,0.01
salesforce crm,2,0.01
sales training...,2,0.01
sales tax...,2,0.01
exploratory testing,2,0.01
executive secretary,2,0.01
java programmer,2,0.01
java multithreading,2,0.01
campaign - analytics,2,0.01
cam preparation...,2,0.01
calling...,2,0.01
call...,2,0.01
call quality...,2,0.01
sales presentations...,2,0.01
canoe,2,0.01
campaign manager...,2,0.01
campaign data model,2,0.01
sales marketing...,2,0.01
sales manager,2,0.01
sales lead generation,2,0.01
exchange server...,2,0.01
excellence analytics,2,0.01
jax - ws,2,0.01
sales initiatives,2,0.01
sales hr,2,0.01
sales force optimization...,2,0.01
sales force,2,0.01
capital advisors,2,0.01
capacity management,2,0.01
capacity enhancement...,2,0.01
sales analyst...,2,0.01
salary...,2,0.01
carbon black...,2,0.01
captive unit,2,0.01
capm...,2,0.01
capital...,2,0.01
capital management...,2,0.01
safety engineering,2,0.01
sacs,2,0.01
saccr...,2,0.01
jde,2,0.01
s2p,2,0.01
rtr,2,0.01
rtl compiler,2,0.01
cash equities,2,0.01
case analysis,2,0.01
cargo revenue accounting,2,0.01
rspec,2,0.01
rpostgresql,2,0.01
cash...,2,0.01
cash management...,2,0.01
cash management,2,0.01
cash flow statement,2,0.01
cash flow management...,2,0.01
cash flow management,2,0.01
cash flow analysis...,2,0.01
rotating equipment,2,0.01
job analysis...,2,0.01
exadata,2,0.01
event planning,2,0.01
event management...,2,0.01
jni,2,0.01
jndi,2,0.01
ror,2,0.01
road shows,2,0.01
road estimator,2,0.01
rman,2,0.01
rm,2,0.01
etrm...,2,0.01
etl tool...,2,0.01
etl testing,2,0.01
etl analyst,2,0.01
joomla,2,0.01
job scheduling,2,0.01
job posting...,2,0.01
risk segmentation,2,0.01
risk reporting,2,0.01
catastrophe,2,0.01
catalog management,2,0.01
cat modeling,2,0.01
risk modeling...,2,0.01
risk mitigation...,2,0.01
risk evaluation,2,0.01
risk control self assessment,2,0.01
risk compliance...,2,0.01
estimation engineering,2,0.01
esm,2,0.01
jsp servlets...,2,0.01
js...,2,0.01
js framework,2,0.01
catastrophe modeling,2,0.01
ring frame...,2,0.01
rhel,2,0.01
rhce,2,0.01
rfx,2,0.01
rfp...,2,0.01
rfi...,2,0.01
rf testing...,2,0.01
rewards...,2,0.01
review,2,0.01
kernel,2,0.01
kerberos,2,0.01
keras,2,0.01
kanban,2,0.01
k...,2,0.01
k - nn,2,0.01
ethical hacking,2,0.01
ethernet,2,0.01
cdd,2,0.01
ccsa,2,0.01
ccna security,2,0.01
cce,2,0.01
ccar...,2,0.01
cathodic protection,2,0.01
revenue manager,2,0.01
revenue collection...,2,0.01
erwin...,2,0.01
erp system,2,0.01
erp navision,2,0.01
erp implementation...,2,0.01
erp functional consultant...,2,0.01
kettle...,2,0.01
revenue assurance,2,0.01
revenue and retention planning,2,0.01
ceo,2,0.01
centralized analytical,2,0.01
center of excellence,2,0.01
cdo,2,0.01
cdma,2,0.01
cdm,2,0.01
revenue analyst,2,0.01
kn,2,0.01
keyword analysis...,2,0.01
revenue analysis,2,0.01
revenue accounting,2,0.01
revenue,2,0.01
reuters,2,0.01
retirement,2,0.01
retail sales management,2,0.01
retail sales apps,2,0.01
retail sales,2,0.01
retail pos,2,0.01
retail loan,2,0.01
retail distribution,2,0.01
restructuring...,2,0.01
cfd,2,0.01
cfa...,2,0.01
rest api stack,2,0.01
resource allocation...,2,0.01
equity strategy,2,0.01
kpi analysis,2,0.01
kotlin,2,0.01
resorts management,2,0.01
channel management,2,0.01
change...,2,0.01
research fellow...,2,0.01
research engineer,2,0.01
research development,2,0.01
charting,2,0.01
chartered...,2,0.01
charge entry,2,0.01
requirements gathering,2,0.01
reports,2,0.01
l2vpn,2,0.01
l1 - gurgaon,2,0.01
kyc specialist,2,0.01
kyc executive,2,0.01
chemical engineering,2,0.01
report studio,2,0.01
circuit design,2,0.01
chi - square,2,0.01
chemist,2,0.01
renewal collections,2,0.01
renewable energy,2,0.01
remote sensing,2,0.01
reliability engineering...,2,0.01
reliability engineering,2,0.01
release engineering...,2,0.01
relative valuation...,2,0.01
relationship manager,2,0.01
lab- chemicals,2,0.01
lab testing,2,0.01
l3,2,0.01
cisco...,2,0.01
cisco voip...,2,0.01
cisco switches,2,0.01
cisco ip telephony,2,0.01
cis,2,0.01
regulatory reporting...,2,0.01
regression...,2,0.01
civil project management,2,0.01
civil construction,2,0.01
civil,2,0.01
regex,2,0.01
equity raising,2,0.01
equity market,2,0.01
equity analyst,2,0.01
equipment maintenance,2,0.01
equipment layout,2,0.01
equipment calibration,2,0.01
epub,2,0.01
redux,2,0.01
recruitmentconsulting,2,0.01
recruitment partners,2,0.01
recruitment executive...,2,0.01
recruiter...,2,0.01
claim settlement,2,0.01
record keeping...,2,0.01
record keeping,2,0.01
receivable,2,0.01
layout design,2,0.01
layer 3,2,0.01
lawyer,2,0.01
laundry,2,0.01
react.js...,2,0.01
react native api,2,0.01
react js,2,0.01
react,2,0.01
rdd,2,0.01
rdbms architect,2,0.01
client handling...,2,0.01
client acquisition,2,0.01
client account management...,2,0.01
client account management,2,0.01
rcm expert,2,0.01
rcc,2,0.01
rational doors,2,0.01
rate...,2,0.01
client retention,2,0.01
client onboarding,2,0.01
epic experience,2,0.01
environment health safety,2,0.01
lcc calculation,2,0.01
lc,2,0.01
client interfacing...,2,0.01
clinical data,2,0.01
client support,2,0.01
range planning,2,0.01
rams analysis,2,0.01
radiology,2,0.01
r&d expert,2,0.01
r&d engineer,2,0.01
closing...,2,0.01
leadership training,2,0.01
lead operations,2,0.01
lead generation executive...,2,0.01
lead business analyst,2,0.01
leachable,2,0.01
closing and reporting,2,0.01
closing,2,0.01
cloid computing...,2,0.01
clo...,2,0.01
clinical research...,2,0.01
qunit,2,0.01
quick view,2,0.01
quick test view...,2,0.01
quick books,2,0.01
quantum,2,0.01
learning & development...,2,0.01
learning & development,2,0.01
quantitative modeling...,2,0.01
quantitative,2,0.01
quant trader...,2,0.01
qualys,2,0.01
cma...,2,0.01
cluster operations,2,0.01
cluster maintenance,2,0.01
quality...,2,0.01
quality tools...,2,0.01
quality standards...,2,0.01
quality specialist,2,0.01
quality management system,2,0.01
quality executive...,2,0.01
quality executive,2,0.01
co...,2,0.01
leave...,2,0.01
leave management,2,0.01
enterprise mobility,2,0.01
leave,2,0.01
leasing,2,0.01
cognos consultant,2,0.01
cognizant,2,0.01
quality control engineer,2,0.01
quality control analysis,2,0.01
collection analytics,2,0.01
collection,2,0.01
collaterals,2,0.01
cognos developer...,2,0.01
quality assurance manager,2,0.01
quality analyst lead,2,0.01
qualitative analysis...,2,0.01
qtp view,2,0.01
qsr,2,0.01
enterprise content...,2,0.01
enterprise alliances,2,0.01
legal research,2,0.01
legal drafting,2,0.01
ledger scrutiny,2,0.01
collibra,2,0.01
collections process...,2,0.01
collections process,2,0.01
collections manager,2,0.01
collection...,2,0.01
collection management...,2,0.01
qlikview developer,2,0.01
qlikview admin...,2,0.01
qliksense,2,0.01
lightning,2,0.01
licensing,2,0.01
library science,2,0.01
liaison,2,0.01
liabilities,2,0.01
lgd modeling...,2,0.01
lgd model development,2,0.01
letter drafting,2,0.01
legality...,2,0.01
legal...,2,0.01
commerce graduate,2,0.01
qlik apps,2,0.01
commodities,2,0.01
commercial real estate,2,0.01
commercial projects,2,0.01
english content,2,0.01
engineering services...,2,0.01
engineering services,2,0.01
engineering patent agent,2,0.01
engineering management,2,0.01
qa tools,2,0.01
qa manager,2,0.01
python testing,2,0.01
python test lead,2,0.01
python test engineer,2,0.01
python qa lead...,2,0.01
python model development,2,0.01
purchase vendor development,2,0.01
community manager...,2,0.01
community manager,2,0.01
community management,2,0.01
communication engineering,2,0.01
pune,2,0.01
linux server,2,0.01
linux cli,2,0.01
linux administration...,2,0.01
publishing...,2,0.01
public sector...,2,0.01
public relations,2,0.01
public health...,2,0.01
compensation philosophy...,2,0.01
compensation & benefits,2,0.01
company secretary,2,0.01
providing training,2,0.01
protractor,2,0.01
protocol designing,2,0.01
proposal,2,0.01
property acquisition,2,0.01
engineering design,2,0.01
engineering,2,0.01
engineer big data,2,0.01
engineer - devops,2,0.01
engine components...,2,0.01
energy efficiency...,2,0.01
computer vision...,2,0.01
computer operator,2,0.01
computer fundamentals,2,0.01
component selection,2,0.01
project server...,2,0.01
project server,2,0.01
configuration analyst,2,0.01
conferences...,2,0.01
conditional formatting,2,0.01
computer...,2,0.01
load testing...,2,0.01
lns...,2,0.01
llm...,2,0.01
lld,2,0.01
litigation,2,0.01
liquor,2,0.01
liquidity risk,2,0.01
project portfolio management,2,0.01
project operations,2,0.01
project methodology,2,0.01
project mangement,2,0.01
project manager...,2,0.01
project manager - seo,2,0.01
project leadership...,2,0.01
project governance...,2,0.01
project governance,2,0.01
en 50128...,2,0.01
en 50126,2,0.01
loan iq platform...,2,0.01
conflict management,2,0.01
configuration...,2,0.01
project estimation,2,0.01
project engineering,2,0.01
project costing...,2,0.01
project coordinator,2,0.01
project coordination...,2,0.01
consultant - advanced analytics,2,0.01
construction management...,2,0.01
construct 2,2,0.01
project control,2,0.01
project appraisal...,2,0.01
project appraisal,2,0.01
employee management,2,0.01
employee grievances,2,0.01
employee central...,2,0.01
employee benefits...,2,0.01
emea,2,0.01
logistic...,2,0.01
loans...,2,0.01
loans collection,2,0.01
consulting -...,2,0.01
consultant - sql,2,0.01
consultant - sas,2,0.01
program manager,2,0.01
profit centre,2,0.01
profit & loss...,2,0.01
production...,2,0.01
loyalty...,2,0.01
loyalty programs...,2,0.01
loss...,2,0.01
logo,2,0.01
production scheduling,2,0.01
contact center operations...,2,0.01
consumer goods...,2,0.01
consumer finance...,2,0.01
production planning control,2,0.01
production operations,2,0.01
production incharge,2,0.01
production engineering...,2,0.01
production engineer...,2,0.01
contact centre manager,2,0.01
contact centre,2,0.01
product roadmap,2,0.01
product quality...,2,0.01
product presentation...,2,0.01
product placement,2,0.01
content optimisation,2,0.01
content generation,2,0.01
lync,2,0.01
lumira,2,0.01
lubricants,2,0.01
lsmw,2,0.01
contract review,2,0.01
contract preparation,2,0.01
contract labour,2,0.01
contract administration...,2,0.01
product owner...,2,0.01
product experience optimization,2,0.01
product development manager,2,0.01
controllership...,2,0.01
m.pharma,2,0.01
emc,2,0.01
embroidery,2,0.01
embedded linux,2,0.01
control testing,2,0.01
control system,2,0.01
product control,2,0.01
product analysis...,2,0.01
procurement...,2,0.01
procurement officer...,2,0.01
procurement management...,2,0.01
procurement analyst,2,0.01
procure to pay,2,0.01
process...,2,0.01
copywriting,2,0.01
copywriter...,2,0.01
copyright,2,0.01
copy writing...,2,0.01
copa...,2,0.01
coolgen,2,0.01
process planning...,2,0.01
email application support,2,0.01
elk,2,0.01
machine design...,2,0.01
ma,2,0.01
m3 techno functional,2,0.01
m3 technical,2,0.01
m3 functional,2,0.01
corel draw...,2,0.01
core java programmer...,2,0.01
coral draw,2,0.01
process improvement initiatives...,2,0.01
process flow...,2,0.01
magento programmer...,2,0.01
magento developer,2,0.01
machine learning algorithms...,2,0.01
email support analyst...,2,0.01
email campaign...,2,0.01
email campaign,2,0.01
corporate banking...,2,0.01
corporate alliances,2,0.01
process enhancement,2,0.01
process engineer,2,0.01
process documentation,2,0.01
process costing,2,0.01
corporate social responsibility,2,0.01
corporate salary,2,0.01
corporate relations,2,0.01
process compliance...,2,0.01
process capability...,2,0.01
process automation,2,0.01
process associate...,2,0.01
electrical maintenance,2,0.01
maintenance activities...,2,0.01
process & analytics lead,2,0.01
cosmos...,2,0.01
corrosion inspector,2,0.01
corrective action...,2,0.01
corporate...,2,0.01
problem resolution,2,0.01
proactive...,2,0.01
pro - e,2,0.01
private label,2,0.01
prism,2,0.01
principal engineer,2,0.01
effective communication skills,2,0.01
malware analysis,2,0.01
maintenance...,2,0.01
cost management...,2,0.01
cost benefit analysis...,2,0.01
cost audit,2,0.01
primavera unifier,2,0.01
primavera tester...,2,0.01
primavera analytics,2,0.01
primary skills,2,0.01
primary sales,2,0.01
primary market research,2,0.01
cots...,2,0.01
cost saving,2,0.01
cost reduction initiatives,2,0.01
pricing strategies...,2,0.01
pricing security,2,0.01
manager - collection analytics,2,0.01
manager - catalogue & listings,2,0.01
management audit,2,0.01
eigrp,2,0.01
ehs...,2,0.01
ehr...,2,0.01
pricing model validation,2,0.01
pricing analysis...,2,0.01
prestashop,2,0.01
pressure handling,2,0.01
presales consultant,2,0.01
preparing reconciliation...,2,0.01
preparing invoices,2,0.01
manager - insurance analytics,2,0.01
manager - forensic,2,0.01
countif,2,0.01
counsellor,2,0.01
preferred banking,2,0.01
predictive models,2,0.01
cpt,2,0.01
cpg...,2,0.01
cpc certification,2,0.01
predictive analysis...,2,0.01
pre sales support,2,0.01
pre sales product specialist,2,0.01
pre sales executive...,2,0.01
pr...,2,0.01
pptp,2,0.01
ppt,2,0.01
ppc executive,2,0.01
manager - talent acquisition,2,0.01
manager - sas,2,0.01
manager - portfolio analytics,2,0.01
manager - operations,2,0.01
powerpoint presentation,2,0.01
power system,2,0.01
power point presentation...,2,0.01
power generation...,2,0.01
power analysis...,2,0.01
potentiometer,2,0.01
credit administration,2,0.01
creative writer...,2,0.01
creative direction...,2,0.01
creative,2,0.01
cre,2,0.01
manager mis reporting,2,0.01
edk,2,0.01
editorial...,2,0.01
editor skills...,2,0.01
editing and...,2,0.01
manager mis,2,0.01
manager internal audit,2,0.01
manager digital marketing,2,0.01
manager data science - hyderabad,2,0.01
portfolio,2,0.01
policy implementation,2,0.01
credit card analytics,2,0.01
policies...,2,0.01
polarimeter,2,0.01
pnr,2,0.01
credit officers,2,0.01
credit note,2,0.01
credit management...,2,0.01
pms,2,0.01
pmo management,2,0.01
pmo analyst,2,0.01
managerial...,2,0.01
manager...,2,0.01
manager ppc,2,0.01
manager mis...,2,0.01
plumbing,2,0.01
plc,2,0.01
platforms...,2,0.01
plant quality,2,0.01
plant management,2,0.01
plant maintenance,2,0.01
credit underwriting...,2,0.01
credit underwriter...,2,0.01
ecu,2,0.01
economics,2,0.01
econometrics...,2,0.01
credit risk modeller,2,0.01
credit research...,2,0.01
plant controlling...,2,0.01
planning mktg...,2,0.01
placement,2,0.01
place & route,2,0.01
place & floorplanning...,2,0.01
crm consulting...,2,0.01
crm analytics,2,0.01
crm administration,2,0.01
crm & drm lead,2,0.01
crisc,2,0.01
criminal cases,2,0.01
market assessment...,2,0.01
mapreduce...,2,0.01
map - reduce,2,0.01
pivot table...,2,0.01
piping fea...,2,0.01
pipeline management,2,0.01
pile foundation,2,0.01
pi,2,0.01
physical verification,2,0.01
crystal report,2,0.01
crucible...,2,0.01
cross selling...,2,0.01
cross functional coordination,2,0.01
cross - sell,2,0.01
crm sales...,2,0.01
eclipse...,2,0.01
ecl,2,0.01
ead...,2,0.01
market maker,2,0.01
php developer,2,0.01
photoshop designing,2,0.01
phd,2,0.01
pharmacology,2,0.01
pharmaceutical...,2,0.01
pharma...,2,0.01
pha,2,0.01
pf...,2,0.01
petty cash,2,0.01
cste,2,0.01
css.,2,0.01
css 3.0,2,0.01
personal loans...,2,0.01
personal assistant,2,0.01
performance...,2,0.01
performance testing...,2,0.01
e2e,2,0.01
e...,2,0.01
e -...,2,0.01
custody,2,0.01
cucm,2,0.01
cto,2,0.01
cti,2,0.01
performance review...,2,0.01
performance optimization,2,0.01
performance monitoring...,2,0.01
performance management system,2,0.01
performance evaluation,2,0.01
perforce,2,0.01
peoplesoft hcm,2,0.01
peoplesoft finance...,2,0.01
people...,2,0.01
people skills...,2,0.01
marketing concepts,2,0.01
marketing communication...,2,0.01
marketing cloud...,2,0.01
marketing budget management...,2,0.01
marketing analyst,2,0.01
marketing analysis...,2,0.01
market sizing...,2,0.01
market segmentation...,2,0.01
ea to md,2,0.01
ea to director,2,0.01
ea to cxo,2,0.01
ea to cfo,2,0.01
ea to ceo,2,0.01
durability...,2,0.01
e - discovery,2,0.01
dynatrace,2,0.01
marketing coordination,2,0.01
marketing consulting,2,0.01
customer behavior,2,0.01
customer analytics...,2,0.01
customer acquisition...,2,0.01
customer,2,0.01
people development...,2,0.01
pega...,2,0.01
pearl,2,0.01
customer interaction...,2,0.01
customer handling...,2,0.01
customer experience management,2,0.01
pds,2,0.01
pdf...,2,0.01
marketingandabap,2,0.01
marketing operations...,2,0.01
marketing intelligence...,2,0.01
marketing head,2,0.01
dxa,2,0.01
customer relation,2,0.01
customer reconciliation,2,0.01
customer loyalty,2,0.01
customer life cycle management...,2,0.01
payroll software...,2,0.01
payroll ops,2,0.01
payment posting,2,0.01
payables...,2,0.01
payable,2,0.01
patient care,2,0.01
customer reward,2,0.01
customer research,2,0.01
drug safety...,2,0.01
material approval,2,0.01
mastercard,2,0.01
marketo...,2,0.01
customer relationship management...,2,0.01
customer support executive,2,0.01
customer success,2,0.01
customer service orientation...,2,0.01
patentability,2,0.01
patent...,2,0.01
patent agent,2,0.01
patching...,2,0.01
mathcad,2,0.01
material specification...,2,0.01
dts,2,0.01
dtm...,2,0.01
dsr,2,0.01
dspace,2,0.01
dso...,2,0.01
pass,2,0.01
panels,2,0.01
cyber security analyst,2,0.01
cyber forensics,2,0.01
customs,2,0.01
paid marketing,2,0.01
paid advertising specialist,2,0.01
pa...,2,0.01
daily operations,2,0.01
da,2,0.01
p&c...,2,0.01
driveworks...,2,0.01
dreamweaver,2,0.01
drafting agreements,2,0.01
p&bm analyst,2,0.01
owasp...,2,0.01
owasp zap...,2,0.01
overseas education,2,0.01
overall understanding...,2,0.01
data analysis preparation,2,0.01
out - patient medical coding,2,0.01
ott qc,2,0.01
ott,2,0.01
oss,2,0.01
osgi,2,0.01
osbi,2,0.01
data designing,2,0.01
data conversion...,2,0.01
mcom...,2,0.01
mca...,2,0.01
mbbs doctor,2,0.01
data compliance,2,0.01
data center...,2,0.01
data center management,2,0.01
orientation,2,0.01
organizing,2,0.01
organizational effectiveness,2,0.01
organizational development,2,0.01
organization design...,2,0.01
organic synthesis,2,0.01
order to cash,2,0.01
doubleclick for publishers,2,0.01
dotnet,2,0.01
dot net manager...,2,0.01
dot net developer,2,0.01
dot net,2,0.01
donor acquisition...,2,0.01
domo...,2,0.01
orchestration,2,0.01
oracle scm,2,0.01
oracle retail...,2,0.01
oracle manufacturing,2,0.01
oracle forms,2,0.01
oracle enterprise manager,2,0.01
oracle e - business suite...,2,0.01
oracle e - business suite,2,0.01
oracle bi...,2,0.01
oracle bi cloud service,2,0.01
meddra,2,0.01
mechanical failure analysis,2,0.01
mechanical design...,2,0.01
mean stack...,2,0.01
mdt...,2,0.01
opportunity identification,2,0.01
operations planning...,2,0.01
data quality analyst,2,0.01
data profiling...,2,0.01
data privacy,2,0.01
operations analyst,2,0.01
operational projects,2,0.01
operational process,2,0.01
operational head,2,0.01
data sciences...,2,0.01
domestic ticketing...,2,0.01
domestic process,2,0.01
domain server,2,0.01
dom...,2,0.01
dojo,2,0.01
media manager,2,0.01
data science programming,2,0.01
data research...,2,0.01
operation support analyst,2,0.01
operation management,2,0.01
opentext,2,0.01
data validation...,2,0.01
opennlp,2,0.01
open ended coding...,2,0.01
oos,2,0.01
oops...,2,0.01
oop...,2,0.01
medical coding analyst...,2,0.01
medical billing officer...,2,0.01
media...,2,0.01
media research,2,0.01
media preparation,2,0.01
ood,2,0.01
ooa,2,0.01
online research...,2,0.01
online promotion,2,0.01
online media...,2,0.01
online media,2,0.01
database testing...,2,0.01
database engineer,2,0.01
database development...,2,0.01
oncology,2,0.01
omniture...,2,0.01
oltp...,2,0.01
meditech,2,0.01
medical transcriptionist,2,0.01
medical insurance...,2,0.01
medical devices,2,0.01
datawarehouse...,2,0.01
datastream...,2,0.01
datastream,2,0.01
dataguard,2,0.01
datacenter,2,0.01
oil analysis,2,0.01
ofsaa,2,0.01
offline marketing,2,0.01
office secretary...,2,0.01
office management,2,0.01
dbx,2,0.01
dbms...,2,0.01
dbase,2,0.01
memory management...,2,0.01
documentum,2,0.01
document specialist...,2,0.01
document management,2,0.01
document control...,2,0.01
office assistant,2,0.01
oec,2,0.01
odi,2,0.01
od interventions,2,0.01
object oriented...,2,0.01
object oriented programming...,2,0.01
object oriented analysis...,2,0.01
object - oriented design,2,0.01
obiee...,2,0.01
metadata...,2,0.01
mergers and acquisitions...,2,0.01
mergers and acquisitions,2,0.01
mergers,2,0.01
deal structuring...,2,0.01
deal origination...,2,0.01
nvh,2,0.01
numpy...,2,0.01
nse,2,0.01
npd,2,0.01
non life,2,0.01
non it recruitment,2,0.01
decision trees,2,0.01
decision forests...,2,0.01
debt syndication...,2,0.01
non call center,2,0.01
mhrd...,2,0.01
mgcp,2,0.01
metrics analysis,2,0.01
methods...,2,0.01
method transfer,2,0.01
method development...,2,0.01
metering,2,0.01
meteor,2,0.01
nn,2,0.01
nms,2,0.01
nltk...,2,0.01
nltk,2,0.01
nintex...,2,0.01
nielsen...,2,0.01
delay analysis,2,0.01
defect tracking,2,0.01
defect reporting...,2,0.01
defect management...,2,0.01
ngo,2,0.01
docketing,2,0.01
dms...,2,0.01
mhrm,2,0.01
new projects,2,0.01
new product launch...,2,0.01
new client acquisition,2,0.01
new business development...,2,0.01
delivery operations...,2,0.01
neural network,2,0.01
network security...,2,0.01
network protocols...,2,0.01
network planning,2,0.01
demat,2,0.01
network engineer...,2,0.01
microsoft power bi developer,2,0.01
microsoft power bi,2,0.01
microsoft office,2,0.01
microsoft dynamics navision...,2,0.01
microsoft dynamics navision finance consultant,2,0.01
microsoft applications...,2,0.01
microfinance,2,0.01
network,2,0.01
netflix,2,0.01
netezza,2,0.01
net framework...,2,0.01
design engineer,2,0.01
design analysis...,2,0.01
design & development...,2,0.01
design & development,2,0.01
need analysis...,2,0.01
nda,2,0.01
ncfm...,2,0.01
dlp and checkpoint or cisco or asa or fortigate,2,0.01
distribution system...,2,0.01
distribution sales,2,0.01
microsoft sql server...,2,0.01
navision technical consultant...,2,0.01
nav controller,2,0.01
native...,2,0.01
nat,2,0.01
detail design,2,0.01
design validation,2,0.01
nace,2,0.01
my sql,2,0.01
development manager,2,0.01
mis reports,2,0.01
mis preparation...,2,0.01
mis coordinator...,2,0.01
mvc framework...,2,0.01
mutual fund sales,2,0.01
multivariate analysis...,2,0.01
devops engineer...,2,0.01
devops architect,2,0.01
multisite,2,0.01
mttr,2,0.01
mtbf,2,0.01
mt,2,0.01
msw,2,0.01
diesel engines,2,0.01
diagnostics - biochemistry...,2,0.01
dgm,2,0.01
distributed systems,2,0.01
dissolution tester,2,0.01
dissolution,2,0.01
dispute resolution...,2,0.01
dispatch,2,0.01
discovery,2,0.01
discoverer,2,0.01
disbursment,2,0.01
mis reposting,2,0.01
msp,2,0.01
msme,2,0.01
msc...,2,0.01
msc freshers,2,0.01
ms...,2,0.01
ms sql server developer,2,0.01
ms sql developer...,2,0.01
ms sql developer,2,0.01
ms office powerpoint,2,0.01
digital formats,2,0.01
digital design,2,0.01
mlw,2,0.01
mixpanel...,2,0.01
mixed signal,2,0.01
mitigation...,2,0.01
digital campaigns...,2,0.01
digital analyst,2,0.01
ms excel...,2,0.01
ms crm,2,0.01
ms - sql,2,0.01
mr...,2,0.01
mqtt,2,0.01
mous,2,0.01
directory submission...,2,0.01
directory submission,2,0.01
director,2,0.01
direct law,2,0.01
mobile apps designer,2,0.01
mobile apps,2,0.01
digital planning,2,0.01
digital marketing excutive,2,0.01
mortgage...,2,0.01
month end...,2,0.01
money market,2,0.01
module pool,2,0.01
modellers,2,0.01
digital recruiter analyst,2,0.01
digital recruiter,2,0.01
model...,2,0.01
model validation...,2,0.01
model monitoring,2,0.01
mobility,2,0.01
mobile programmer...,2,0.01
mobile marketing...,2,0.01
mobile development...,2,0.01
mobile developer,2,0.01
mobile automation testing,2,0.01
disbursement,2,0.01
2016,2,0.01
wsus,2,0.01
,1,0.01
writing test cases...,1,0.01
wsad,1,0.01
zedo,1,0.01
yolo,1,0.01
yaml,1,0.01
xsodata,1,0.01
writing bug report...,1,0.01
ab initio,1,0.01
aa...,1,0.01
a...,1,0.01
a+,1,0.01
a r&d,1,0.01
8d analysis,1,0.01
8d,1,0.01
8448100705,1,0.01
write,1,0.01
gl close...,1,0.01
gitlab,1,0.01
mobile...,1,0.01
mobile phones...,1,0.01
mobile digital analytics,1,0.01
mobile device management...,1,0.01
mobile banking,1,0.01
xso,1,0.01
3d - modeling,1,0.01
3 - 5 years experience in fmcg,1,0.01
2g,1,0.01
2d animation,1,0.01
24x7,1,0.01
21 cfr...,1,0.01
2012 t-sql coding,1,0.01
2008,1,0.01
16 bit...,1,0.01
11g,1,0.01
modeling python,1,0.01
modeling analyst,1,0.01
diploma...,1,0.01
din,1,0.01
dimensional modeling,1,0.01
dimension,1,0.01
digital transformation...,1,0.01
digital signal processing,1,0.01
digital servicing,1,0.01
modeler...,1,0.01
model validation analyst,1,0.01
model maintenance,1,0.01
model governance framework...,1,0.01
model development head,1,0.01
model building,1,0.01
model,1,0.01
digital insights,1,0.01
digital imaging,1,0.01
digital hiirng...,1,0.01
mortgages,1,0.01
mortgage underwriting,1,0.01
mortgage services,1,0.01
mortgage loans...,1,0.01
moodle,1,0.01
monitoring tools...,1,0.01
monitoring tools,1,0.01
monetary accounting,1,0.01
mohali,1,0.01
modular sales...,1,0.01
modular kitchen,1,0.01
modem,1,0.01
modeller,1,0.01
direct tax...,1,0.01
direct marketing...,1,0.01
direct mail...,1,0.01
direct & indirect tax compliances,1,0.01
mobile apps tester,1,0.01
mobile application design,1,0.01
mobile app,1,0.01
mobile analytics,1,0.01
motor claims,1,0.01
motion graphics,1,0.01
digital platforms...,1,0.01
digital marketing executive...,1,0.01
digital marketing executive,1,0.01
digital marketing campaigns...,1,0.01
digital marketing analyst...,1,0.01
digital marketing analyst,1,0.01
ms bot framework,1,0.01
ms bi,1,0.01
ms azure...,1,0.01
ms azure architect,1,0.01
ms azure,1,0.01
mrp,1,0.01
mro...,1,0.01
mrm,1,0.01
mrb,1,0.01
mr,1,0.01
mq...,1,0.01
mq series,1,0.01
mpi...,1,0.01
mpharm...,1,0.01
directing,1,0.01
direct taxation,1,0.01
mld,1,0.01
ml...,1,0.01
ml engineer,1,0.01
ml algorithms,1,0.01
mktg,1,0.01
mixed signal design,1,0.01
digital communication,1,0.01
digital circuit analysis...,1,0.01
digital certificates,1,0.01
digital branding,1,0.01
digital banking portaflio,1,0.01
digital advertising,1,0.01
digital ad trafficker,1,0.01
ms excel modelling...,1,0.01
ms dynamics...,1,0.01
ms dynamics 365,1,0.01
msc 2016 pass...,1,0.01
msc 2016 pass,1,0.01
msbi developer,1,0.01
ms world,1,0.01
ms word...,1,0.01
ms windows...,1,0.01
ms outlook,1,0.01
ms officems excel,1,0.01
ms office word...,1,0.01
digital content,1,0.01
moat...,1,0.01
moa...,1,0.01
mnm,1,0.01
mm module,1,0.01
mlt...,1,0.01
mlt,1,0.01
mis research...,1,0.01
distressed debt...,1,0.01
dissolution...,1,0.01
discrete manufacturing,1,0.01
disbursement...,1,0.01
mstp...,1,0.01
mstp,1,0.01
mst batch operations,1,0.01
msoffice,1,0.01
msmq,1,0.01
msm,1,0.01
msi,1,0.01
msd 365 tester,1,0.01
msc micro,1,0.01
msc it,1,0.01
msc 2017 pass...,1,0.01
mulesoft architect,1,0.01
mule api,1,0.01
mu sigma,1,0.01
mts...,1,0.01
diesel engines...,1,0.01
dies,1,0.01
dice,1,0.01
diameter...,1,0.01
dialer manager,1,0.01
dialer management...,1,0.01
diagnostics,1,0.01
dhtml...,1,0.01
dhcp,1,0.01
mstr...,1,0.01
mitigation,1,0.01
mis updation,1,0.01
detailed design,1,0.01
detail drawings...,1,0.01
murex market risk,1,0.01
murex credit risk,1,0.01
murex credit analysis...,1,0.01
murex,1,0.01
mumbai,1,0.01
dgft...,1,0.01
dg,1,0.01
dft...,1,0.01
dfp...,1,0.01
dfc,1,0.01
deviation...,1,0.01
multi - thread,1,0.01
mulesoft java architect,1,0.01
mulesoft j2ee architect...,1,0.01
mis generation,1,0.01
mis dashboard,1,0.01
minitab,1,0.01
middle office,1,0.01
middle management...,1,0.01
middle east,1,0.01
microstrategy...,1,0.01
microsoft...,1,0.01
microsoft visual studio,1,0.01
microsoft technologies...,1,0.01
microsoft technologies,1,0.01
development lead,1,0.01
dev...,1,0.01
dev ops,1,0.01
detailing...,1,0.01
detailed project report,1,0.01
desktop support engineer,1,0.01
desktop engineering,1,0.01
desktop,1,0.01
designer,1,0.01
design verification...,1,0.01
naivebayes,1,0.01
nagios...,1,0.01
nabl,1,0.01
n+ cert,1,0.01
mystery...,1,0.01
mysql db,1,0.01
mysql database,1,0.01
mybatis,1,0.01
deviation,1,0.01
mis officer...,1,0.01
mis generation...,1,0.01
distributor management,1,0.01
distribution theory...,1,0.01
distribution system,1,0.01
microsoft t - sql,1,0.01
microsoft sql server,1,0.01
microsoft sql coding...,1,0.01
microsoft sql,1,0.01
navision developer,1,0.01
navigation,1,0.01
nav developer,1,0.01
natural resource management,1,0.01
native java...,1,0.01
native hana,1,0.01
nastran analysis,1,0.01
nand,1,0.01
detail design...,1,0.01
net technology...,1,0.01
net technologies,1,0.01
design analyst,1,0.01
design & programming,1,0.01
design & development engineer,1,0.01
dermatology,1,0.01
dermatologist,1,0.01
derma,1,0.01
negative check,1,0.01
neft,1,0.01
ncl forecast,1,0.01
dmaic...,1,0.01
div,1,0.01
dita...,1,0.01
distributor sales...,1,0.01
distributor sales,1,0.01
microsoft cloud analytics azure architect,1,0.01
microsoft certified,1,0.01
microsoft bi stack,1,0.01
microprocessors,1,0.01
microbiology...,1,0.01
microbiological research,1,0.01
network engineer,1,0.01
network eng,1,0.01
network development,1,0.01
network application,1,0.01
network administration,1,0.01
netinsight,1,0.01
netcore...,1,0.01
netcool webtop,1,0.01
netapp...,1,0.01
netapp storage,1,0.01
network...,1,0.01
network topologies...,1,0.01
derivative operations,1,0.01
derivative market,1,0.01
derivative,1,0.01
deposits,1,0.01
denim,1,0.01
denial group,1,0.01
denial,1,0.01
demat executive...,1,0.01
network penetration testing,1,0.01
network management...,1,0.01
network functions virtualization...,1,0.01
microsoft licensing,1,0.01
microsoft hdinsight...,1,0.01
microsoft dynamics nav,1,0.01
new product design,1,0.01
new packaging,1,0.01
new initiatives...,1,0.01
new development,1,0.01
demantra.,1,0.01
demand planning...,1,0.01
demand management,1,0.01
demand generation...,1,0.01
demand generation,1,0.01
demand estimation...,1,0.01
delphi,1,0.01
dellboomi,1,0.01
dell boomi,1,0.01
dell,1,0.01
new,1,0.01
networking skills...,1,0.01
do,1,0.01
dnb,1,0.01
dmu,1,0.01
dmfi feasibility study - individual consultant,1,0.01
dmfi,1,0.01
microbiological r&d...,1,0.01
microbiological analysis,1,0.01
micro market analysis...,1,0.01
nfc,1,0.01
nexus...,1,0.01
nexpose,1,0.01
news writing,1,0.01
new vendor development,1,0.01
new solution,1,0.01
new projects...,1,0.01
new product launch,1,0.01
defined contribution...,1,0.01
defined benefits,1,0.01
defect tracking...,1,0.01
defect reporting,1,0.01
defect management,1,0.01
defect logging...,1,0.01
nielsen,1,0.01
nice...,1,0.01
nhibernate,1,0.01
nginx...,1,0.01
nfv,1,0.01
doctorate scholar,1,0.01
doctor...,1,0.01
doctor,1,0.01
dockets,1,0.01
dockers,1,0.01
mfc,1,0.01
mf,1,0.01
metric planning,1,0.01
methods,1,0.01
method,1,0.01
metatag,1,0.01
noc,1,0.01
no -...,1,0.01
no - sql databases,1,0.01
nlp engines...,1,0.01
nist...,1,0.01
nism...,1,0.01
nim,1,0.01
delivery leadership,1,0.01
delivery lead,1,0.01
delhi,1,0.01
non sql,1,0.01
dedicated...,1,0.01
decision scientist,1,0.01
decision making,1,0.01
debt...,1,0.01
debt restructuring,1,0.01
debt financing,1,0.01
debit note,1,0.01
non it,1,0.01
non cpc,1,0.01
non bpo...,1,0.01
non - linear analysis...,1,0.01
noida,1,0.01
nodejs...,1,0.01
mfc...,1,0.01
mfc developer,1,0.01
ddos,1,0.01
nutritionist & dietetics,1,0.01
nursing,1,0.01
nurse,1,0.01
nunit,1,0.01
numpy basics...,1,0.01
numerical analysis,1,0.01
nt...,1,0.01
nsm,1,0.01
npm,1,0.01
npi...,1,0.01
nox,1,0.01
nostro reconciliation,1,0.01
nostro,1,0.01
non voice...,1,0.01
non voice operations,1,0.01
messaging queues,1,0.01
mes apriso,1,0.01
mes,1,0.01
mergers & acquisitions,1,0.01
merger and acquisition...,1,0.01
merger and acquisition tax,1,0.01
merchant services...,1,0.01
merchant acquiring...,1,0.01
merchandise planning,1,0.01
mep,1,0.01
debian,1,0.01
dealing,1,0.01
dealer handling,1,0.01
dealer development...,1,0.01
dealer development,1,0.01
deadline - oriented,1,0.01
octopus,1,0.01
occupational health,1,0.01
objective - c...,1,0.01
objection handling,1,0.01
object...,1,0.01
object - oriented design...,1,0.01
obiee11g,1,0.01
obiee reports,1,0.01
obia,1,0.01
oas,1,0.01
nx,1,0.01
nwdi,1,0.01
debit cards,1,0.01
debit,1,0.01
metadata management,1,0.01
meta - data modeling,1,0.01
document...,1,0.01
document verification,1,0.01
document management system...,1,0.01
document management system,1,0.01
document controller- qms...,1,0.01
document control,1,0.01
documemtation,1,0.01
office administration,1,0.01
off -...,1,0.01
ofbiz,1,0.01
of,1,0.01
oee,1,0.01
oecd,1,0.01
odbc,1,0.01
od interventions...,1,0.01
oculus,1,0.01
office coordination,1,0.01
dbx...,1,0.01
dbm,1,0.01
db2 udb dba,1,0.01
db2 dba,1,0.01
db2 database administrator,1,0.01
db...,1,0.01
dax,1,0.01
dav...,1,0.01
datto,1,0.01
date research,1,0.01
office assistant...,1,0.01
mentoring,1,0.01
mentor graphics...,1,0.01
documentation tools...,1,0.01
documentation executive,1,0.01
dataentry,1,0.01
ojt...,1,0.01
ointments,1,0.01
oil & gas,1,0.01
ohsas 18001...,1,0.01
ohsas 18000,1,0.01
offshore...,1,0.01
offshore hiring,1,0.01
offline...,1,0.01
offline apps,1,0.01
officer,1,0.01
office365,1,0.01
office...,1,0.01
office secretary,1,0.01
office sales coordinator,1,0.01
office sales admin...,1,0.01
medicine,1,0.01
medicinal chemistry...,1,0.01
medical writing,1,0.01
medical transcription editor...,1,0.01
medical summarizer,1,0.01
medical scribe,1,0.01
medical records,1,0.01
medical image analysis developer,1,0.01
medical equipment,1,0.01
datawarehouse,1,0.01
datastage...,1,0.01
datase design,1,0.01
datascience,1,0.01
datalake,1,0.01
datainterpretation,1,0.01
dataflow,1,0.01
database tester...,1,0.01
database security,1,0.01
database marketing...,1,0.01
database management system...,1,0.01
database executive,1,0.01
database developer...,1,0.01
onboarding ee,1,0.01
on...,1,0.01
on boarding,1,0.01
on - boarding,1,0.01
oms,1,0.01
ollydbg,1,0.01
datawarehousing tool...,1,0.01
memory design & verification engineer,1,0.01
memcache,1,0.01
mee,1,0.01
database administrator,1,0.01
data warehousing design and development...,1,0.01
onsite support,1,0.01
online retail,1,0.01
online reasearch,1,0.01
online product management...,1,0.01
online product management,1,0.01
online marketing manager,1,0.01
online marketing ...,1,0.01
online lead generation...,1,0.01
online lead generation,1,0.01
online customer acquisition,1,0.01
online advertising...,1,0.01
onfi 3.1 nand...,1,0.01
one source...,1,0.01
oncology...,1,0.01
medical coding job,1,0.01
medical coding freshers...,1,0.01
medical coding fresher...,1,0.01
medical coding executive...,1,0.01
medical coder...,1,0.01
medical billing specialist,1,0.01
medical analyst...,1,0.01
media research...,1,0.01
media monitoring,1,0.01
database configuration,1,0.01
database building,1,0.01
database architecture...,1,0.01
database architecture,1,0.01
database architect,1,0.01
database analyst...,1,0.01
database analyst,1,0.01
operation head,1,0.01
operation executive,1,0.01
operation and calibration...,1,0.01
operation,1,0.01
operating model...,1,0.01
operating environments,1,0.01
openshift,1,0.01
data tables...,1,0.01
data summarizing,1,0.01
data stage,1,0.01
data sheets,1,0.01
opencart,1,0.01
oot,1,0.01
ooh,1,0.01
medical device,1,0.01
medical coding jobs...,1,0.01
domestic voice process,1,0.01
domestic process...,1,0.01
domestic marketing,1,0.01
domestic international bpo,1,0.01
domestic call centre...,1,0.01
domain controller...,1,0.01
doe,1,0.01
media management...,1,0.01
media fill,1,0.01
data science python...,1,0.01
data science expert,1,0.01
data reviewer,1,0.01
data retention...,1,0.01
operational analysis,1,0.01
operational,1,0.01
operation team...,1,0.01
ophthalmic,1,0.01
opex...,1,0.01
opex,1,0.01
data reconciliation,1,0.01
data quality consultant is,1,0.01
data quality assessment,1,0.01
data processing analyst ii,1,0.01
data patterns...,1,0.01
operations leadership...,1,0.01
operational tax,1,0.01
operational process...,1,0.01
operational metrics,1,0.01
data services...,1,0.01
data sciences,1,0.01
"data science"" or",1,0.01
domestic...,1,0.01
mechanical site,1,0.01
mechanical maintenance,1,0.01
mechanical engineer,1,0.01
mechanical diploma,1,0.01
mech,1,0.01
me fresher,1,0.01
mdu,1,0.01
mds,1,0.01
mdm solutrion,1,0.01
optistruct,1,0.01
data models,1,0.01
data modeler,1,0.01
data mart,1,0.01
optimization...,1,0.01
optical,1,0.01
ops associate,1,0.01
oracle fusion middleware...,1,0.01
oracle fusion,1,0.01
oracle financial functional consultant,1,0.01
oracle erp,1,0.01
oracle dba...,1,0.01
oracle business intelligence...,1,0.01
oracle apps...,1,0.01
oracle apps technical,1,0.01
oracle apps finance technical,1,0.01
oracle apps finance,1,0.01
oracle application framework,1,0.01
oracle 11g,1,0.01
oracle 11 i,1,0.01
oracle 10g...,1,0.01
media,1,0.01
mechnical,1,0.01
oracle identity manager...,1,0.01
oracle identity manager,1,0.01
oracle hrms functional consultant...,1,0.01
oracle hr,1,0.01
oracle h,1,0.01
data loss prevention,1,0.01
data league...,1,0.01
data lakes,1,0.01
data lake store,1,0.01
data lake,1,0.01
data interpretation...,1,0.01
data integrator,1,0.01
data insights,1,0.01
data infrastructure...,1,0.01
data infrastructure,1,0.01
oracle fusion...,1,0.01
order processing,1,0.01
order fulfillment...,1,0.01
order fulfillment,1,0.01
order 2 cash management...,1,0.01
order 2 cash,1,0.01
orchestration...,1,0.01
orcad,1,0.01
orca,1,0.01
oracle workflow...,1,0.01
oracle workflow,1,0.01
oracle warehouse builder,1,0.01
oracle sql server,1,0.01
oracle service cloud,1,0.01
oracle reports,1,0.01
oracle rdbms,1,0.01
oracle order management,1,0.01
doubleclick for publishers...,1,0.01
double click search...,1,0.01
double click for publishing,1,0.01
double click for publishers,1,0.01
double click,1,0.01
dotcom,1,0.01
dot net programmer,1,0.01
dot net frameworks,1,0.01
data import,1,0.01
data exploration...,1,0.01
data entry operator...,1,0.01
data entry operator operation,1,0.01
data entry operator,1,0.01
data enrichment...,1,0.01
data engineering lead,1,0.01
data engineering,1,0.01
mcitp,1,0.01
mbs...,1,0.01
mbd,1,0.01
mbb,1,0.01
mba writer...,1,0.01
mba marketing...,1,0.01
maya,1,0.01
maven...,1,0.01
drug discovery,1,0.01
data controller,1,0.01
data business analyst,1,0.01
os win2008,1,0.01
organizational strategy.,1,0.01
order...,1,0.01
order processing...,1,0.01
mdm solution architect,1,0.01
overseas sales,1,0.01
overdraft...,1,0.01
outward,1,0.01
outcome,1,0.01
data analytics and reporting specialist,1,0.01
data analysts,1,0.01
data analyst - head,1,0.01
data analyst - gurgaon,1,0.01
data - visualization,1,0.01
data - modeling...,1,0.01
otm consultant...,1,0.01
data engineer...,1,0.01
mcx...,1,0.01
mcx,1,0.01
mcse...,1,0.01
mcsa,1,0.01
dra api,1,0.01
dql,1,0.01
dpt,1,0.01
dpr,1,0.01
dp,1,0.01
matlab programmer,1,0.01
matlab image processing,1,0.01
maths...,1,0.01
mathematical models,1,0.01
mathcad...,1,0.01
p&c insurance,1,0.01
p&c,1,0.01
p & l,1,0.01
oyo rooms...,1,0.01
owsap,1,0.01
owb,1,0.01
data - analytics,1,0.01
dao,1,0.01
daniel management,1,0.01
dairy products,1,0.01
daily production planning,1,0.01
d2h,1,0.01
d.pharm,1,0.01
d fmea,1,0.01
p4p analysis,1,0.01
p&l...,1,0.01
p&l management...,1,0.01
p&l fluctuation analysis...,1,0.01
p&id...,1,0.01
drm,1,0.01
drafting...,1,0.01
dra dmf,1,0.01
pardot,1,0.01
panel operations,1,0.01
panel designing,1,0.01
cybersecurity,1,0.01
cyber law...,1,0.01
cyber forensics...,1,0.01
cxo...,1,0.01
cx insights specialist,1,0.01
cvent,1,0.01
cutsomer support...,1,0.01
customized interactive dashboards,1,0.01
panda...,1,0.01
paid search manager,1,0.01
packing material...,1,0.01
packaging,1,0.01
pa,1,0.01
du,1,0.01
dtp,1,0.01
dtd,1,0.01
dsp coding...,1,0.01
dsp coding,1,0.01
dso,1,0.01
dsc...,1,0.01
drupal...,1,0.01
pas tax - analyst,1,0.01
partnerships...,1,0.01
partner management...,1,0.01
part time...,1,0.01
part - time,1,0.01
parquet...,1,0.01
parking,1,0.01
pareto,1,0.01
customer service management...,1,0.01
patent writer...,1,0.01
patent specialist,1,0.01
patent research...,1,0.01
patent prosecution...,1,0.01
patent management...,1,0.01
patent litigation,1,0.01
patent landscaping,1,0.01
patent filing,1,0.01
patent executive,1,0.01
patent attorney,1,0.01
patent assistant...,1,0.01
patching,1,0.01
patch management,1,0.01
passionate,1,0.01
material...,1,0.01
master black belt,1,0.01
master analyst...,1,0.01
mass production,1,0.01
mass hiring,1,0.01
martech,1,0.01
markup languages...,1,0.01
marking,1,0.01
customer relationship manager,1,0.01
customer support representative,1,0.01
customer support associate,1,0.01
customer success manager,1,0.01
customer servicing...,1,0.01
customer service representative...,1,0.01
customer service orientation,1,0.01
customer service operations...,1,0.01
customer service operations management,1,0.01
payroll specialist,1,0.01
payroll software,1,0.01
payroll preparation,1,0.01
payroll analyst,1,0.01
payment gateway,1,0.01
payment,1,0.01
payer,1,0.01
pay per click expert,1,0.01
patient reported outcomes,1,0.01
pathology...,1,0.01
customer service executive,1,0.01
material requirement planning,1,0.01
material management...,1,0.01
master of...,1,0.01
master data...,1,0.01
master black belt...,1,0.01
marketing lead,1,0.01
marketing head...,1,0.01
dynamic leader,1,0.01
dy...,1,0.01
dxc,1,0.01
dwh...,1,0.01
dwh testing,1,0.01
pcb...,1,0.01
pcb,1,0.01
pc,1,0.01
customer relationship management,1,0.01
customer relations,1,0.01
customer master,1,0.01
customer loyalty...,1,0.01
customer interfacing...,1,0.01
customer interfacing,1,0.01
pega support...,1,0.01
pega rules process commander,1,0.01
customer interactionunion,1,0.01
customer experience strategy...,1,0.01
customer experience management...,1,0.01
customer escalation,1,0.01
customer data analyst,1,0.01
pe,1,0.01
pdm,1,0.01
pdl,1,0.01
pci dss,1,0.01
pci,1,0.01
marketing sales...,1,0.01
marketing research...,1,0.01
marketing promotions,1,0.01
marketing managerment...,1,0.01
e - commerece,1,0.01
e - auction,1,0.01
dynamodb...,1,0.01
dynamics365,1,0.01
dynamics crm,1,0.01
dynamics ax,1,0.01
marketing generalist,1,0.01
marketing executive,1,0.01
customer care executive,1,0.01
customer audits,1,0.01
customer acquire,1,0.01
custom clearance,1,0.01
custom analytics,1,0.01
people development,1,0.01
pension valuation,1,0.01
pension,1,0.01
performance reporting,1,0.01
performance monitoring,1,0.01
performance management system...,1,0.01
performance improvement...,1,0.01
peopletools,1,0.01
peoplesoft hrms,1,0.01
peoplesoft fscm,1,0.01
peoplesoft,1,0.01
people orientation...,1,0.01
customer communication...,1,0.01
marketing business systems analyst,1,0.01
marketing bsa...,1,0.01
market strategies,1,0.01
dwh concepts,1,0.01
e - governance,1,0.01
e - filing...,1,0.01
e commerce manager,1,0.01
market researcher analyst,1,0.01
market research sales,1,0.01
market research associate,1,0.01
market planning...,1,0.01
market operations...,1,0.01
market operations,1,0.01
market mix modellling,1,0.01
custom,1,0.01
cursor,1,0.01
current...,1,0.01
currency,1,0.01
culture building...,1,0.01
cucumber...,1,0.01
cts,1,0.01
performance reporting...,1,0.01
personality development...,1,0.01
ctd,1,0.01
cst,1,0.01
csr review,1,0.01
cse,1,0.01
csd,1,0.01
csa,1,0.01
crystal report...,1,0.01
personal assistant...,1,0.01
periodic review,1,0.01
performance tuning analyst,1,0.01
e&m coding,1,0.01
e&m coder,1,0.01
e&m auditor,1,0.01
e&m,1,0.01
e commerce manager...,1,0.01
phishing,1,0.01
phd spss and statistical analysis...,1,0.01
phase 2,1,0.01
pharmacy...,1,0.01
pharmacopial,1,0.01
pharmaceuticals,1,0.01
pharmaceutical sales,1,0.01
pharma selling...,1,0.01
pharma records,1,0.01
pharma marketing,1,0.01
pharma analytics...,1,0.01
pharma analyst,1,0.01
ph meter,1,0.01
pfmea,1,0.01
petty cash...,1,0.01
personnel,1,0.01
ecc,1,0.01
ecb,1,0.01
ec2,1,0.01
ebs...,1,0.01
ebo,1,0.01
eauction,1,0.01
eai,1,0.01
eagle pace,1,0.01
market forecasting,1,0.01
market data analysis,1,0.01
market coverage,1,0.01
php mysql,1,0.01
php developer...,1,0.01
phonegap...,1,0.01
phone banking,1,0.01
phone,1,0.01
pipeline,1,0.01
pim,1,0.01
pic,1,0.01
physiotherapy...,1,0.01
physiotherapist,1,0.01
physician billing,1,0.01
physical verification...,1,0.01
crowdstrike,1,0.01
cross...,1,0.01
cross sell risk solutions,1,0.01
cro...,1,0.01
crm solutions,1,0.01
php web developer...,1,0.01
php professional,1,0.01
php mysql...,1,0.01
eclipse ide...,1,0.01
market analytics,1,0.01
market analyst,1,0.01
marine structures,1,0.01
marine,1,0.01
marcom...,1,0.01
marcom,1,0.01
marathi...,1,0.01
mar...,1,0.01
mapping...,1,0.01
map reduce,1,0.01
manufacturing...,1,0.01
pix...,1,0.01
pivot tables,1,0.01
piping piping layout,1,0.01
piping material engineer,1,0.01
piping design,1,0.01
plant,1,0.01
planning skills,1,0.01
plan to procure,1,0.01
placement officer,1,0.01
placement coordinator...,1,0.01
pla,1,0.01
crm implementation,1,0.01
crm executive...,1,0.01
crm dynamics,1,0.01
critical care,1,0.01
crisis management,1,0.01
crf,1,0.01
creditors reconciliation,1,0.01
creditors,1,0.01
market comparables,1,0.01
market assessment,1,0.01
eda,1,0.01
economics...,1,0.01
economic research...,1,0.01
economic developments,1,0.01
ecommerce...,1,0.01
ecommerce development,1,0.01
ecm...,1,0.01
manufacturing process,1,0.01
manufacturing industry,1,0.01
manual tester,1,0.01
manual test engineer,1,0.01
credit risk modelling,1,0.01
credit risk iii...,1,0.01
credit risk analysis...,1,0.01
credit recovery...,1,0.01
plant layout,1,0.01
manpower budgeting,1,0.01
manpower,1,0.01
managing profitability,1,0.01
managers,1,0.01
manager research scientist,1,0.01
manager quality assurance...,1,0.01
plumbing...,1,0.01
plugins...,1,0.01
plsql programmer...,1,0.01
plsql developer,1,0.01
plastic...,1,0.01
plastic extrusion,1,0.01
plastic,1,0.01
plasma spectroscopy,1,0.01
manufacturing quality...,1,0.01
eda tools,1,0.01
pneumatics,1,0.01
pmt...,1,0.01
pmt,1,0.01
credit ratings,1,0.01
credit operations,1,0.01
credit head,1,0.01
credit evaluation,1,0.01
credit derivatives,1,0.01
pmo lead,1,0.01
pmo executive,1,0.01
manual reporting,1,0.01
mantis...,1,0.01
mantas,1,0.01
manpower planning & talent acquisition,1,0.01
manpower planning,1,0.01
manpower handling,1,0.01
pollution control...,1,0.01
policy servicing,1,0.01
policy research,1,0.01
policy management...,1,0.01
policy making,1,0.01
credit card analytics...,1,0.01
credit approval...,1,0.01
credit approval memo...,1,0.01
credit approval,1,0.01
credit analyst...,1,0.01
policy development,1,0.01
policy & advocacy manager,1,0.01
police canteen,1,0.01
pof,1,0.01
po 2 po,1,0.01
pnl,1,0.01
education loan,1,0.01
edr,1,0.01
edms,1,0.01
editor,1,0.01
manager learning & development...,1,0.01
manager data science - gurgaon,1,0.01
portlets,1,0.01
portfolio risk reporting,1,0.01
portfolio risk management,1,0.01
portfolio optimization...,1,0.01
portfolio analysis...,1,0.01
portfolio administration,1,0.01
portal handling,1,0.01
poornima,1,0.01
polymer science,1,0.01
polymer chemistry,1,0.01
power distribution,1,0.01
power business intelligence,1,0.01
powder coating...,1,0.01
postman,1,0.01
credentialing,1,0.01
creative...,1,0.01
creative writing...,1,0.01
creative solutions...,1,0.01
creation...,1,0.01
creation,1,0.01
post graduate,1,0.01
positive attitude & self disciplined,1,0.01
pos...,1,0.01
pos,1,0.01
portuguese,1,0.01
educational marketing,1,0.01
manager client servicing...,1,0.01
manager client servicing,1,0.01
manager business analysis,1,0.01
manager - treasury,1,0.01
manager - supply...,1,0.01
manager - supply chain analytics,1,0.01
manager - sas analytics,1,0.01
manager - recruitment,1,0.01
manager - qa...,1,0.01
manager - process excellence & analytics,1,0.01
powerbi...,1,0.01
power...,1,0.01
power sector...,1,0.01
power sector,1,0.01
power plant...,1,0.01
power management...,1,0.01
cpu trouble shooting...,1,0.01
cpm,1,0.01
cpg data mining,1,0.01
cpg data analytics,1,0.01
cpg data analysis,1,0.01
cpc...,1,0.01
predictive,1,0.01
prakash international,1,0.01
ppc specialist,1,0.01
ppc officer,1,0.01
ppc analyst,1,0.01
ppap...,1,0.01
pp,1,0.01
powerpoint presentation...,1,0.01
manager crm,1,0.01
manager corporate strategy,1,0.01
coveo search,1,0.01
courses,1,0.01
courier and transportation and warehousing...,1,0.01
courier,1,0.01
coupa,1,0.01
counter sales,1,0.01
prepare,1,0.01
prepaid,1,0.01
preferably in the uae.,1,0.01
predictive software...,1,0.01
predictive models...,1,0.01
predictive dialing...,1,0.01
crar,1,0.01
cransoft,1,0.01
cqa,1,0.01
cq5...,1,0.01
manager - operational projects,1,0.01
manager - model validation,1,0.01
manager - marketing,1,0.01
manager - insight & analytics,1,0.01
manager - hr operations,1,0.01
manager - fraud analytics,1,0.01
manager - financial & material analysis,1,0.01
manager - digital marketing,1,0.01
manager - data analytics,1,0.01
manager - customer success,1,0.01
manager - content & social media,1,0.01
manager - consulting,1,0.01
manager - collections,1,0.01
prepare reports,1,0.01
coverage banker,1,0.01
coveo...,1,0.01
management interaction,1,0.01
management accounting...,1,0.01
elastic machine learning,1,0.01
eic,1,0.01
eia analytics,1,0.01
ehs management,1,0.01
pricing analyst...,1,0.01
price negotiation...,1,0.01
price management,1,0.01
preventive...,1,0.01
preventive action,1,0.01
preventive,1,0.01
press,1,0.01
presales architect,1,0.01
prepress,1,0.01
manager - operational projects...,1,0.01
cost audit report,1,0.01
prime time...,1,0.01
couchbase,1,0.01
cotton,1,0.01
cots,1,0.01
costing executive,1,0.01
costing engineer,1,0.01
costing analyst,1,0.01
cost...,1,0.01
cost planning,1,0.01
cost optimization...,1,0.01
pricing research,1,0.01
manager - business development,1,0.01
manager - banking analytics,1,0.01
management systems...,1,0.01
management representative,1,0.01
managed services...,1,0.01
malware,1,0.01
mall management,1,0.01
male nurse...,1,0.01
male investment banking,1,0.01
maintenance planning,1,0.01
maintenance management...,1,0.01
electronics circuits,1,0.01
electronics circuit analysis,1,0.01
electro - pneumatics...,1,0.01
prince,1,0.01
cost management,1,0.01
cost element accounting,1,0.01
cost controlling...,1,0.01
cost controller,1,0.01
cost audit...,1,0.01
problem analysis,1,0.01
proactively analyze issues,1,0.01
proactive,1,0.01
pro - mechanica,1,0.01
pro,1,0.01
private cloud,1,0.01
private broking...,1,0.01
private banking,1,0.01
printing...,1,0.01
printer...,1,0.01
print media,1,0.01
principal...,1,0.01
principal statistician - gurgaon,1,0.01
egus ...,1,0.01
eft,1,0.01
effort estimation,1,0.01
maintenance engineering,1,0.01
maintaining,1,0.01
mainframes tester...,1,0.01
mainframes,1,0.01
mainframe testing,1,0.01
mainframe,1,0.01
mailchimp,1,0.01
mail,1,0.01
process analyst,1,0.01
procedures...,1,0.01
cosmetics,1,0.01
corrective...,1,0.01
corporate travel management...,1,0.01
corporate tax,1,0.01
problem resolution...,1,0.01
problem analysis...,1,0.01
process development,1,0.01
process definition...,1,0.01
process control...,1,0.01
process consulting...,1,0.01
corporate sales...,1,0.01
corporate salary...,1,0.01
corporate restructuring,1,0.01
corporate quality assurance,1,0.01
corporate lending...,1,0.01
corporate hr head,1,0.01
electrical projects,1,0.01
electrical distribution equipment...,1,0.01
elearning,1,0.01
elc,1,0.01
elasticsearch...,1,0.01
elasticsearch,1,0.01
machine operating...,1,0.01
machine maintenance,1,0.01
machine learning studio...,1,0.01
machine learning model...,1,0.01
machine learning manager,1,0.01
machine learning developer,1,0.01
email security,1,0.01
process excellence...,1,0.01
process equipment...,1,0.01
process enhancement...,1,0.01
corporate events,1,0.01
corporate branding,1,0.01
corporate accounts,1,0.01
corporate,1,0.01
cornerstone,1,0.01
corephp...,1,0.01
m3 erp,1,0.01
m3,1,0.01
process monitoring...,1,0.01
process management...,1,0.01
core...,1,0.01
core web developer,1,0.01
core structural design lead,1,0.01
core java developer,1,0.01
cordova...,1,0.01
process integration,1,0.01
process industry,1,0.01
process implementation,1,0.01
process flows,1,0.01
magento...,1,0.01
madcap flare,1,0.01
machine planning...,1,0.01
process setup,1,0.01
copy writer...,1,0.01
copy writer,1,0.01
coordinator...,1,0.01
coordination skills,1,0.01
coordinating...,1,0.01
process safety management,1,0.01
process re -...,1,0.01
process quality...,1,0.01
elt,1,0.01
electronics...,1,0.01
machine learnin,1,0.01
machine installation,1,0.01
machine design,1,0.01
machine - learning,1,0.01
mac os...,1,0.01
contractual role,1,0.01
contracts management,1,0.01
product demonstrator...,1,0.01
product costing engineer,1,0.01
product consultant,1,0.01
product configuration,1,0.01
product communication,1,0.01
product analyst,1,0.01
procurementconsulting,1,0.01
procurement planning,1,0.01
procurement management,1,0.01
procurement executive...,1,0.01
procure to pay...,1,0.01
processor architecture...,1,0.01
process validation...,1,0.01
process training...,1,0.01
ember.js ember.js,1,0.01
ember,1,0.01
embedded systems development...,1,0.01
embedded systems,1,0.01
embedded software,1,0.01
embedded c,1,0.01
email writing...,1,0.01
m. sc. chemistry,1,0.01
m tech fresher,1,0.01
m tech biotech,1,0.01
controller,1,0.01
control plan,1,0.01
control panel...,1,0.01
control and assurance methodologies...,1,0.01
control - m,1,0.01
contractual...,1,0.01
product marketing manager,1,0.01
product mapping,1,0.01
product manager...,1,0.01
product lifecycle...,1,0.01
product life...,1,0.01
product life cycle management,1,0.01
product innovation...,1,0.01
product implementation...,1,0.01
product implementation,1,0.01
product engineering...,1,0.01
product director...,1,0.01
product development structure,1,0.01
product developer,1,0.01
product design engineering,1,0.01
m.pharm...,1,0.01
emc testing,1,0.01
luxury,1,0.01
luis,1,0.01
lubricants...,1,0.01
lte senior developer...,1,0.01
lta,1,0.01
ls prepost,1,0.01
continuous...,1,0.01
content reviewer...,1,0.01
content research,1,0.01
contracting,1,0.01
contract staffing,1,0.01
contract manufacturing,1,0.01
contract analyst,1,0.01
contract administration,1,0.01
product owner,1,0.01
product optimization...,1,0.01
product trainer,1,0.01
product support analyst,1,0.01
product structure,1,0.01
product software engineering services...,1,0.01
product service...,1,0.01
product roadmaps,1,0.01
product roadmap...,1,0.01
content marketer,1,0.01
content management system,1,0.01
content filtering,1,0.01
m pharmacy fresher,1,0.01
m pharm fresher,1,0.01
m pharm,1,0.01
m coding,1,0.01
m coder,1,0.01
lvm,1,0.01
production management...,1,0.01
production department,1,0.01
production control,1,0.01
product validation...,1,0.01
content developement,1,0.01
content designing...,1,0.01
content designing,1,0.01
content creation...,1,0.01
content auditing...,1,0.01
content analyst...,1,0.01
content analyst,1,0.01
content analysis...,1,0.01
contact center workforce management...,1,0.01
product validation,1,0.01
product training and development specialist,1,0.01
product trainer...,1,0.01
lpu,1,0.01
lpar,1,0.01
lpaas...,1,0.01
low cost marketing,1,0.01
lovely,1,0.01
lotus domino,1,0.01
lot...,1,0.01
los,1,0.01
looking for full time employee,1,0.01
logistics operations...,1,0.01
employee training,1,0.01
consumer experience,1,0.01
consumer electronics...,1,0.01
consumer durables...,1,0.01
consumer behaviour,1,0.01
production optimisation,1,0.01
consultant - machine learning,1,0.01
consultant - data science,1,0.01
consultant - customer analytics,1,0.01
programmer,1,0.01
program...,1,0.01
program testing,1,0.01
program manager...,1,0.01
profit optimization,1,0.01
profit centre...,1,0.01
profit centre operations...,1,0.01
profiling,1,0.01
professor activities,1,0.01
professional networking,1,0.01
productivity improvement,1,0.01
production supervising...,1,0.01
ls dyna,1,0.01
employee engagement...,1,0.01
emergency response,1,0.01
logistics operations,1,0.01
logistics manager,1,0.01
logistic modelling,1,0.01
logical ability...,1,0.01
project administration,1,0.01
programming strategy,1,0.01
consumer analytics...,1,0.01
consumer analyst,1,0.01
consultative sales...,1,0.01
consultant to advise us on formulations for...,1,0.01
consultant dermatologist,1,0.01
consultant - sas analytics,1,0.01
consultant - risk management,1,0.01
consultant - risk assurance services,1,0.01
confirmit...,1,0.01
configuring,1,0.01
configuration management...,1,0.01
project enhancement...,1,0.01
project engineering...,1,0.01
project design,1,0.01
consultancy...,1,0.01
consultancy,1,0.01
construction industry,1,0.01
project control...,1,0.01
project communications,1,0.01
project co - ordinator...,1,0.01
project analyst,1,0.01
project allocation...,1,0.01
employee satisfaction,1,0.01
employee orientation...,1,0.01
endeca,1,0.01
end...,1,0.01
end user support,1,0.01
end to end recruitment,1,0.01
encore...,1,0.01
encore,1,0.01
ems...,1,0.01
employment law...,1,0.01
loan orignation...,1,0.01
loan officer,1,0.01
loan management systems,1,0.01
connectors,1,0.01
connectivity modules,1,0.01
connect...,1,0.01
connect,1,0.01
conflict resolution...,1,0.01
lld...,1,0.01
livestock...,1,0.01
litigation document review,1,0.01
literature reviews,1,0.01
listings,1,0.01
listed derivatives,1,0.01
list of strings,1,0.01
project monitoring,1,0.01
project management office analyst,1,0.01
project leader...,1,0.01
project initiation,1,0.01
project funding,1,0.01
connex,1,0.01
connell,1,0.01
energy efficiency,1,0.01
energy audit...,1,0.01
promotional campaigns,1,0.01
promotion response modeling...,1,0.01
projects execution,1,0.01
project support,1,0.01
project scheduling...,1,0.01
conducting interviews...,1,0.01
conduct research...,1,0.01
condition...,1,0.01
condition monitoring,1,0.01
conceptualization,1,0.01
concept selling,1,0.01
computerknowledge...,1,0.01
project proposal,1,0.01
project procurement,1,0.01
loan against property...,1,0.01
loan against property,1,0.01
engineering change management,1,0.01
engineering analysis,1,0.01
engineer - email security,1,0.01
engagement...,1,0.01
engagement,1,0.01
energy management,1,0.01
liquidity,1,0.01
liquent,1,0.01
propert & casualty,1,0.01
proofer,1,0.01
proof reader,1,0.01
computer languages...,1,0.01
computer knowledge,1,0.01
computer engineer,1,0.01
computer analyst,1,0.01
promotional events...,1,0.01
component,1,0.01
compliances...,1,0.01
compliance monitoring,1,0.01
compliance management,1,0.01
compliance issue,1,0.01
complaint management...,1,0.01
competitor...,1,0.01
competitive benchmarking,1,0.01
proposal writting,1,0.01
proposal writing...,1,0.01
property...,1,0.01
property management,1,0.01
property it helpdesk,1,0.01
property helpdesk,1,0.01
liquidity management,1,0.01
engineering head,1,0.01
providing training...,1,0.01
providing feedback...,1,0.01
provider enrollment...,1,0.01
provider credentialing,1,0.01
provar...,1,0.01
prototype...,1,0.01
protocols...,1,0.01
protocol testing,1,0.01
protocol stack,1,0.01
protocol development...,1,0.01
protection,1,0.01
prospect,1,0.01
prosecution,1,0.01
propulsion,1,0.01
proprietary research...,1,0.01
proposal...,1,0.01
public health,1,0.01
public affairs,1,0.01
ptw,1,0.01
ptp...,1,0.01
pstn,1,0.01
pspice,1,0.01
psm...,1,0.01
competition mapping,1,0.01
compensation benchmarking...,1,0.01
compensation and benefits...,1,0.01
compensation & benefit,1,0.01
company secretary...,1,0.01
psd,1,0.01
prtg...,1,0.01
prpc,1,0.01
proxy,1,0.01
linq...,1,0.01
linkbuilding...,1,0.01
link...,1,0.01
link building executive,1,0.01
link builder research...,1,0.01
link builder analyst,1,0.01
link builder,1,0.01
linguistics,1,0.01
linear and non linear analysis of structures,1,0.01
linear analysis,1,0.01
publisher affiliate manager...,1,0.01
publicity,1,0.01
public speaking...,1,0.01
public sector,1,0.01
public policy...,1,0.01
public policy,1,0.01
purchase price allocation,1,0.01
purchase planning,1,0.01
company auditor ...,1,0.01
company auditor,1,0.01
company analysis,1,0.01
company,1,0.01
communication writer,1,0.01
communication manager,1,0.01
purchase orders,1,0.01
purchase executive,1,0.01
purchase analyst,1,0.01
purchase accounting,1,0.01
puppet automation,1,0.01
linux system admin,1,0.01
linux os,1,0.01
linux driver,1,0.01
qa npd,1,0.01
qa non technical,1,0.01
qa lead,1,0.01
qa engineering,1,0.01
qa engineer...,1,0.01
qa engineer,1,0.01
qa automation,1,0.01
qa auditor,1,0.01
qa analyst...,1,0.01
q.a.,1,0.01
python scripting...,1,0.01
python development...,1,0.01
pyramid,1,0.01
pwd,1,0.01
purification,1,0.01
purchase to pay,1,0.01
english writing...,1,0.01
english writer...,1,0.01
english writer,1,0.01
english literature,1,0.01
english language...,1,0.01
english language trainer,1,0.01
engineering projects...,1,0.01
line balancing,1,0.01
like power bi,1,0.01
lightning...,1,0.01
commercial management...,1,0.01
qa- punjabi...,1,0.01
qa testing...,1,0.01
qa tester,1,0.01
qa qc engineer,1,0.01
qa qc chemist,1,0.01
qc management,1,0.01
qc lab chemist,1,0.01
qc engineering...,1,0.01
qc chemical,1,0.01
qc call center...,1,0.01
communication deputy manager...,1,0.01
communication coach,1,0.01
commodity trading...,1,0.01
commodity analyst,1,0.01
commodity,1,0.01
commodities finance,1,0.01
commissioning,1,0.01
commercial...,1,0.01
commercial underwriting...,1,0.01
commercial operations,1,0.01
linear algebra,1,0.01
life actuarial...,1,0.01
li,1,0.01
lending analytics,1,0.01
leisure holiday,1,0.01
commercial lending...,1,0.01
commercial industry,1,0.01
commercial credit,1,0.01
commercial controller,1,0.01
commercial contracts...,1,0.01
commercial contracts,1,0.01
commercial activities,1,0.01
commercial accounting,1,0.01
commerce...,1,0.01
command center,1,0.01
qe,1,0.01
qc management...,1,0.01
enhancements,1,0.01
enhancement...,1,0.01
english...,1,0.01
legal operations...,1,0.01
legal notices,1,0.01
legal consultancy,1,0.01
lectora,1,0.01
collections head,1,0.01
collection strategies...,1,0.01
collection officer,1,0.01
qroc...,1,0.01
qms...,1,0.01
qmr,1,0.01
qlik view,1,0.01
liferay,1,0.01
life asia,1,0.01
quality assurance tester,1,0.01
quality assurance engineering...,1,0.01
quality assurance engineer,1,0.01
quality assurance chemical...,1,0.01
quality assurance analysis...,1,0.01
quality analyst coding,1,0.01
quality analyst - selenium,1,0.01
qualitative research manager,1,0.01
qualcomm,1,0.01
qtp...,1,0.01
qt development...,1,0.01
com,1,0.01
enterprise development,1,0.01
enterprise business,1,0.01
enterprise analytics...,1,0.01
ensighten,1,0.01
codeigniter...,1,0.01
code review...,1,0.01
quality control chemical,1,0.01
quality control analyst,1,0.01
quality consultant,1,0.01
quality compliance...,1,0.01
quality center...,1,0.01
quality audit...,1,0.01
collection executive,1,0.01
collection audit,1,0.01
collection analyst,1,0.01
collaterals...,1,0.01
collaborations,1,0.01
collaboration,1,0.01
cognos tm1 developer,1,0.01
cognos tm1,1,0.01
entrepreneur,1,0.01
entity framework...,1,0.01
enterprise solutions,1,0.01
enterprise security,1,0.01
enterprise risk,1,0.01
enterprise library,1,0.01
enterprise information management...,1,0.01
leave & attendance...,1,0.01
leasing...,1,0.01
cmdb,1,0.01
cmd,1,0.01
cmc,1,0.01
cognos business intelligence,1,0.01
cognitive computing...,1,0.01
coding method,1,0.01
codeignitor,1,0.01
quality procedures,1,0.01
quality orientation...,1,0.01
quality operations...,1,0.01
quality operation,1,0.01
quality officer,1,0.01
quality npd,1,0.01
quality manager,1,0.01
quality initiatives,1,0.01
quality gate,1,0.01
quality engineering...,1,0.01
coc,1,0.01
cobit,1,0.01
co- product costing,1,0.01
cms...,1,0.01
entry level...,1,0.01
entry level,1,0.01
cloud architecture,1,0.01
cloud application...,1,0.01
cloud apis,1,0.01
quantitative developer,1,0.01
quant finance,1,0.01
qualtrics,1,0.01
qualitybpo,1,0.01
cma,1,0.01
cluster...,1,0.01
cluster manager,1,0.01
clp,1,0.01
cloud support,1,0.01
quality testing,1,0.01
quality systems...,1,0.01
quality stage...,1,0.01
quality qa,1,0.01
lease translation,1,0.01
lease research,1,0.01
lease analyst,1,0.01
lease agreement,1,0.01
lease admin,1,0.01
lease abstraction...,1,0.01
lease,1,0.01
learning development consultant,1,0.01
learning and development...,1,0.01
lean...,1,0.01
lean six...,1,0.01
lean six sigma...,1,0.01
lean manufacturing...,1,0.01
cloud ims business analyst,1,0.01
cloud ims,1,0.01
cloud engineers,1,0.01
r - program,1,0.01
qxdm,1,0.01
quotation management...,1,0.01
quotation,1,0.01
quicksight,1,0.01
query studio,1,0.01
quarterly strategy review...,1,0.01
quantity estimation...,1,0.01
quantitative techniques,1,0.01
quantitative skills,1,0.01
quantitative models...,1,0.01
cloud sales,1,0.01
cloud nl api,1,0.01
cloud management...,1,0.01
cloud iot architecture,1,0.01
leased line,1,0.01
leadership...,1,0.01
leader,1,0.01
lead...,1,0.01
lead consultant,1,0.01
lead business analyst - noida,1,0.01
leachables...,1,0.01
leachables,1,0.01
epoc,1,0.01
epidemiology,1,0.01
close,1,0.01
clinical stats,1,0.01
clinical sas programing,1,0.01
clinical operations,1,0.01
r programming...,1,0.01
r modelling,1,0.01
r language programming,1,0.01
ramdajs,1,0.01
railways,1,0.01
raid configurations...,1,0.01
raid,1,0.01
rad,1,0.01
rackspace,1,0.01
ra,1,0.01
r.12,1,0.01
r&r,1,0.01
r&d...,1,0.01
r&d engineering,1,0.01
r&d associate,1,0.01
r studio...,1,0.01
r python...,1,0.01
lean manufacturing,1,0.01
leadgeneration...,1,0.01
environmental science,1,0.01
environment testing,1,0.01
environment management,1,0.01
lcms...,1,0.01
lcms,1,0.01
lc - ms,1,0.01
lc - icp,1,0.01
client meeting,1,0.01
clinical,1,0.01
client servicing executive,1,0.01
client service executive,1,0.01
client satisfaction...,1,0.01
ranorex,1,0.01
ranking tools,1,0.01
randomization...,1,0.01
random forest,1,0.01
rds,1,0.01
rdms,1,0.01
rcm specialist,1,0.01
client communication...,1,0.01
client acquire...,1,0.01
rc,1,0.01
raw material procurement,1,0.01
raw,1,0.01
rational rose,1,0.01
client s management,1,0.01
client relationships,1,0.01
epic,1,0.01
epcg,1,0.01
eob analysis,1,0.01
environments monitoring & tools analyst,1,0.01
environmental sciences,1,0.01
lawyer activities,1,0.01
law...,1,0.01
law process outsourcing,1,0.01
law enforcement,1,0.01
large scale data,1,0.01
large corporates,1,0.01
laravel framework,1,0.01
laravel -should know javascript...,1,0.01
lap...,1,0.01
languages...,1,0.01
language skills...,1,0.01
real estate construction,1,0.01
reactnative,1,0.01
reactjs,1,0.01
react native...,1,0.01
re - qualification,1,0.01
recovery...,1,0.01
recovery officer,1,0.01
recovery management,1,0.01
record 2 report,1,0.01
reconcillation,1,0.01
recognition...,1,0.01
recognition,1,0.01
receptionist activities...,1,0.01
receiving,1,0.01
receivable management...,1,0.01
receivable management,1,0.01
receipt,1,0.01
reawrd...,1,0.01
real time analyst,1,0.01
real estate marketing,1,0.01
layers,1,0.01
recruitment analyst...,1,0.01
recruitment & analysis,1,0.01
recruiting...,1,0.01
recruiting events specialist,1,0.01
clearing,1,0.01
classic asp,1,0.01
clasic asp,1,0.01
clarity,1,0.01
claims...,1,0.01
claims processing...,1,0.01
claims manager,1,0.01
claims management,1,0.01
claims associate,1,0.01
claims analyst,1,0.01
claims adjudication,1,0.01
claim submission,1,0.01
language reviewer...,1,0.01
language editor,1,0.01
equity market...,1,0.01
equities,1,0.01
equipment finance,1,0.01
land...,1,0.01
land acquisition...,1,0.01
land acquisition,1,0.01
reference data...,1,0.01
reduce...,1,0.01
reduce,1,0.01
redshift,1,0.01
redlining...,1,0.01
redis...,1,0.01
red hat,1,0.01
recruitment and staffing,1,0.01
regulatory reports...,1,0.01
regulatory filling,1,0.01
claim officer,1,0.01
claim executive,1,0.01
claim changes skills,1,0.01
cl,1,0.01
ckup,1,0.01
ckend,1,0.01
civil...,1,0.01
civil infrastructure...,1,0.01
civil design...,1,0.01
civil design,1,0.01
regional accounts,1,0.01
reformers,1,0.01
referral marketing,1,0.01
language skills,1,0.01
laboratory instrument,1,0.01
laborator instrument,1,0.01
labeling,1,0.01
label designing,1,0.01
label design,1,0.01
lab instrument,1,0.01
lab head analytical,1,0.01
lab devices...,1,0.01
lab chemist,1,0.01
lab analysis,1,0.01
city operations,1,0.01
citibank,1,0.01
circuits,1,0.01
circuit designing,1,0.01
reinsurance operations,1,0.01
regulatory...,1,0.01
repair,1,0.01
remedy,1,0.01
release engineering,1,0.01
relationship manager...,1,0.01
relationship building...,1,0.01
relationship,1,0.01
relational sql,1,0.01
relational dbs,1,0.01
relation driven,1,0.01
related sustances,1,0.01
rejection handling...,1,0.01
rejection analysis...,1,0.01
city operations head,1,0.01
lan controller ...,1,0.01
lambda...,1,0.01
laboratory material,1,0.01
checkpoint,1,0.01
check for finance requirements,1,0.01
chat process...,1,0.01
reporting services...,1,0.01
reporting analysis,1,0.01
report painter,1,0.01
report development,1,0.01
cinema 4d,1,0.01
cif,1,0.01
cic,1,0.01
ci...,1,0.01
chromatographer,1,0.01
chillers engineer,1,0.01
chillers,1,0.01
chief intelligence officer,1,0.01
replication,1,0.01
kubernetus,1,0.01
kubernetes...,1,0.01
kubernates,1,0.01
ku,1,0.01
kpo operations...,1,0.01
kpo operations,1,0.01
kpo officer,1,0.01
kpo executive,1,0.01
kpi monitoring,1,0.01
erp functional analyst,1,0.01
chemical research,1,0.01
chemical r&d,1,0.01
chemical lab head,1,0.01
chemical engineering...,1,0.01
chemical engineer,1,0.01
chemical analyst,1,0.01
research skills,1,0.01
research sales,1,0.01
research financial analysis...,1,0.01
research associate dra api...,1,0.01
research analyst scientist...,1,0.01
research analyst sales,1,0.01
chat bot,1,0.01
chat application support,1,0.01
charts...,1,0.01
chartering,1,0.01
chartered accountant inter,1,0.01
charted accountant,1,0.01
requirement...,1,0.01
representative,1,0.01
l2...,1,0.01
l&d,1,0.01
er coder,1,0.01
equity trading,1,0.01
equity strategy analyst,1,0.01
equity research associate,1,0.01
kpi analysis...,1,0.01
kore.ai,1,0.01
kom shell,1,0.01
kofax,1,0.01
knowledge...,1,0.01
resolving employee queries...,1,0.01
reserving,1,0.01
channel strategy,1,0.01
channel partner acquisition,1,0.01
channel management...,1,0.01
channel finance...,1,0.01
channel,1,0.01
rest api...,1,0.01
change control,1,0.01
cgmp training...,1,0.01
cgi,1,0.01
cfs...,1,0.01
cfr,1,0.01
cfo...,1,0.01
cfia,1,0.01
cfd...,1,0.01
certified scrum master...,1,0.01
resourcing...,1,0.01
resource optimization,1,0.01
eretail,1,0.01
erection commissioning...,1,0.01
erection,1,0.01
er...,1,0.01
retail sales...,1,0.01
retail risk strategy,1,0.01
retail outlets,1,0.01
retail merchandising,1,0.01
retail measurement service,1,0.01
retail measurement repair...,1,0.01
retail marketing,1,0.01
retail liabilities,1,0.01
retail lending...,1,0.01
retail lending,1,0.01
retail finance,1,0.01
retail credit,1,0.01
retail business...,1,0.01
restful web apis...,1,0.01
restful api...,1,0.01
rest assured...,1,0.01
know your customer,1,0.01
knockoutjs...,1,0.01
knockoutjs,1,0.01
knitted,1,0.01
kitchen,1,0.01
kisssoft,1,0.01
kinesis,1,0.01
kibana,1,0.01
keyword,1,0.01
keystone...,1,0.01
keynote,1,0.01
keyboard,1,0.01
revenue analysis...,1,0.01
reuters...,1,0.01
retrofit...,1,0.01
retrofit,1,0.01
erp testing,1,0.01
erp systems,1,0.01
erp navision exposure,1,0.01
key accounts manager...,1,0.01
key account handling,1,0.01
kernel programming...,1,0.01
kernel programming,1,0.01
certification,1,0.01
center...,1,0.01
cell...,1,0.01
cell culture,1,0.01
cds,1,0.01
cdm...,1,0.01
cdisc,1,0.01
knowledge supervising associate,1,0.01
knowledge of office procedures,1,0.01
junior seo analyst...,1,0.01
junior android developer,1,0.01
jtag,1,0.01
jstl,1,0.01
ethereum,1,0.01
reverse engineering,1,0.01
ccs,1,0.01
cciso,1,0.01
revenue recognition...,1,0.01
revenue management...,1,0.01
revenue forecasting...,1,0.01
revenue cycle analyst,1,0.01
revenue assurance...,1,0.01
key...,1,0.01
es6,1,0.01
erp training,1,0.01
catastrophe modeling...,1,0.01
rip,1,0.01
ricew,1,0.01
ricef...,1,0.01
rice...,1,0.01
rice,1,0.01
rhadoop,1,0.01
rfp responses,1,0.01
rfi response,1,0.01
rf optimization...,1,0.01
review data,1,0.01
reverse takeover,1,0.01
reverse logistics,1,0.01
kendo ui,1,0.01
kanada,1,0.01
kaizen...,1,0.01
esp design,1,0.01
escription,1,0.01
jscript,1,0.01
js,1,0.01
jr.qa,1,0.01
jquery and plugins,1,0.01
evangelizing,1,0.01
catering,1,0.01
category...,1,0.01
category planning analyst,1,0.01
category planning,1,0.01
category incharge,1,0.01
category analyst...,1,0.01
categorization,1,0.01
catastropohe modekling...,1,0.01
catastrophe modelling,1,0.01
cassendra,1,0.01
risk rating,1,0.01
risk policy...,1,0.01
risk manager,1,0.01
risk investigation,1,0.01
risk consulting...,1,0.01
risk assessment...,1,0.01
risk and safety manager,1,0.01
risk and control,1,0.01
risk & fraud,1,0.01
ripv1,1,0.01
catering management,1,0.01
etax,1,0.01
etabs,1,0.01
estimator,1,0.01
estimation...,1,0.01
etl testing...,1,0.01
etl developer...,1,0.01
etl developer,1,0.01
joining formalities...,1,0.01
job safety analysis...,1,0.01
job portal...,1,0.01
catastrophe analytics,1,0.01
catalogues,1,0.01
catalog analyst,1,0.01
cat...,1,0.01
cat modelling,1,0.01
cat modeler,1,0.01
cat model,1,0.01
cat,1,0.01
casualty...,1,0.01
castor,1,0.01
jira support,1,0.01
jira service desk,1,0.01
rostering...,1,0.01
robotics...,1,0.01
robotic process automation...,1,0.01
roas,1,0.01
roaming,1,0.01
roadmap...,1,0.01
roadmap,1,0.01
road shows...,1,0.01
road safety,1,0.01
ro,1,0.01
risklink...,1,0.01
eutx delivery project manager,1,0.01
eu,1,0.01
etp,1,0.01
routing...,1,0.01
router,1,0.01
cashflow...,1,0.01
cash posting,1,0.01
cash flow statement...,1,0.01
cash flow modelling...,1,0.01
cash flow analysis,1,0.01
rotor,1,0.01
jnu,1,0.01
evw,1,0.01
eviews...,1,0.01
event strategy,1,0.01
event production,1,0.01
event operations,1,0.01
jms...,1,0.01
jmeter...,1,0.01
rtl,1,0.01
rtgs,1,0.01
cash credit,1,0.01
cash applications...,1,0.01
cash application,1,0.01
case processing,1,0.01
casa,1,0.01
cart,1,0.01
cargo structures,1,0.01
cargo,1,0.01
career planning,1,0.01
rta...,1,0.01
rs...,1,0.01
rpm,1,0.01
rpgile,1,0.01
row,1,0.01
jd edwards...,1,0.01
jcr...,1,0.01
jcaps,1,0.01
jbehave,1,0.01
executive management,1,0.01
executive data & reports,1,0.01
executive assistant to technical director...,1,0.01
executive assistance...,1,0.01
sabre,1,0.01
saba classroom...,1,0.01
saba,1,0.01
s3,1,0.01
s - plus,1,0.01
russian,1,0.01
ruby rails...,1,0.01
rtr closing admin analyst,1,0.01
sale,1,0.01
cards portfolio...,1,0.01
card transaction monitoring,1,0.01
carbon black,1,0.01
car manufacturing,1,0.01
capital market operations,1,0.01
capital market domain,1,0.01
safety officer activities,1,0.01
safe,1,0.01
jira configuration,1,0.01
jewelry,1,0.01
jewellery...,1,0.01
jewellery designer,1,0.01
jewellery consultant...,1,0.01
jewellery,1,0.01
jenkins automation testing,1,0.01
sales co - ordinator...,1,0.01
sales co - ordinator,1,0.01
capital expenditure...,1,0.01
capital computation...,1,0.01
capital budgeting...,1,0.01
capital budgeting,1,0.01
capital adequacy,1,0.01
capex controller,1,0.01
capacity building,1,0.01
capacity,1,0.01
sales business analyst,1,0.01
sales budgeting...,1,0.01
sales analyst,1,0.01
sales administration,1,0.01
sales account...,1,0.01
sales & mktg...,1,0.01
excel sheet,1,0.01
jax -...,1,0.01
jax - ws...,1,0.01
jax - rpc,1,0.01
javascirpt,1,0.01
java8,1,0.01
"java"" and",1,0.01
java servlets...,1,0.01
java servlets,1,0.01
java security,1,0.01
sales invoice,1,0.01
sales insurance,1,0.01
sales force effectiveness...,1,0.01
sales executive...,1,0.01
sales executive,1,0.01
sales engineer,1,0.01
sales quality auditor...,1,0.01
sales quality analyst,1,0.01
sales promotion...,1,0.01
sales planning...,1,0.01
sales order processing,1,0.01
sales order,1,0.01
canvas,1,0.01
canada,1,0.01
campaign...,1,0.01
sales mis...,1,0.01
sales mis,1,0.01
sales mba marketing...,1,0.01
sales lead generation...,1,0.01
excise,1,0.01
excellent communication...,1,0.01
excellent communication skill,1,0.01
expense management,1,0.01
exit management,1,0.01
exit analysis...,1,0.01
exit,1,0.01
exim,1,0.01
java script...,1,0.01
java j2ee...,1,0.01
java j2ee developer,1,0.01
java j2ee,1,0.01
campaign analysis,1,0.01
campaign,1,0.01
calls...,1,0.01
call quality control,1,0.01
call quality assurance...,1,0.01
call quality analyst...,1,0.01
call qa,1,0.01
sanity testing...,1,0.01
sanction...,1,0.01
sample size...,1,0.01
saml,1,0.01
saltstack,1,0.01
salt,1,0.01
salon,1,0.01
salesforce.com...,1,0.01
salesforce.com developer...,1,0.01
salesforce development...,1,0.01
salesforce development,1,0.01
sales tax,1,0.01
sales support specialist,1,0.01
java se,1,0.01
explicit & implicit analyses,1,0.01
experimental design...,1,0.01
sap boxi...,1,0.01
sap b1,1,0.01
sap application,1,0.01
sap apo,1,0.01
sap analytics cloud consultant,1,0.01
call listening,1,0.01
call forecasting,1,0.01
call coordinator...,1,0.01
call center qa...,1,0.01
call center management,1,0.01
call center jobs...,1,0.01
call center executive,1,0.01
call center agent...,1,0.01
call calibration,1,0.01
sap analytics,1,0.01
sap advisory,1,0.01
java beans,1,0.01
java automation,1,0.01
java atg,1,0.01
java architect...,1,0.01
java application containers,1,0.01
jasper reports,1,0.01
japanese...,1,0.01
caesar ii,1,0.01
caesar,1,0.01
cae tools,1,0.01
cadence,1,0.01
caching,1,0.01
cabin crew activities,1,0.01
sap concur analytics,1,0.01
sap co...,1,0.01
sap business object,1,0.01
ivr developer...,1,0.01
ivhm...,1,0.01
sap hana analytics,1,0.01
sap grc consultant,1,0.01
sap fiori...,1,0.01
sap fico consultant,1,0.01
sap fi module,1,0.01
sap enterprise portal,1,0.01
sap deal,1,0.01
sap consulting services,1,0.01
call,1,0.01
calculations,1,0.01
java fullstack,1,0.01
java fresher,1,0.01
java development...,1,0.01
java developer...,1,0.01
sap lumira,1,0.01
sap is,1,0.01
ca internaltional accounting...,1,0.01
ca intermediate...,1,0.01
ca chartered accountant,1,0.01
c4c implementation...,1,0.01
c.a,1,0.01
c++ - software engineer,1,0.01
sap implementation...,1,0.01
sap hybris,1,0.01
japanese language expert...,1,0.01
japanese interpreter,1,0.01
janki,1,0.01
jaipur,1,0.01
j2ee project...,1,0.01
j2ee developmen,1,0.01
exterior,1,0.01
express cargo,1,0.01
export import...,1,0.01
export documentation,1,0.01
itil process,1,0.01
itil framework,1,0.01
sap solution manager,1,0.01
sap services...,1,0.01
sap sd analyst,1,0.01
sap ps,1,0.01
sap project systems,1,0.01
sap pm...,1,0.01
sap or any other erp,1,0.01
sap mobile...,1,0.01
sap mdm,1,0.01
sap master data management...,1,0.01
it staffing...,1,0.01
it skills...,1,0.01
it service management,1,0.01
it service desk analyst...,1,0.01
it senior analyst,1,0.01
it sales...,1,0.01
c# .net,1,0.01
c sharp,1,0.01
c #,1,0.01
buyer activities...,1,0.01
sap ui5,1,0.01
sap sr. co functional,1,0.01
itil v3,1,0.01
f&a associate,1,0.01
extjs 4 or 5,1,0.01
external reporting...,1,0.01
sas management console,1,0.01
sas graph,1,0.01
sas egrc consultant,1,0.01
sas data integration consultant,1,0.01
sas data integration,1,0.01
sas coding,1,0.01
sas bi...,1,0.01
sas bi stack,1,0.01
sas bi,1,0.01
sas basel modelling,1,0.01
sas aml developer,1,0.01
sas aml,1,0.01
sap workflow,1,0.01
iti,1,0.01
itgc,1,0.01
ites recruitment,1,0.01
facility planning,1,0.01
facilitation,1,0.01
fabrication,1,0.01
fabric,1,0.01
f5,1,0.01
f&dt,1,0.01
it recruitment...,1,0.01
business writing,1,0.01
business units operations,1,0.01
business understanding...,1,0.01
business transformation...,1,0.01
business trainer,1,0.01
business to business,1,0.01
business system...,1,0.01
sas model developer,1,0.01
sas model,1,0.01
satyawati,1,0.01
business strategy formulation...,1,0.01
business rf planning,1,0.01
business review...,1,0.01
business requirement analysis...,1,0.01
sata,1,0.01
sass,1,0.01
sas viya,1,0.01
sas visual analytics consultant,1,0.01
sas vdmml,1,0.01
sas text mining,1,0.01
sas sql...,1,0.01
sas reporting,1,0.01
it risk...,1,0.01
factiva...,1,0.01
facility planning...,1,0.01
it market research,1,0.01
it market analysis...,1,0.01
it manager,1,0.01
it management...,1,0.01
it inventory,1,0.01
it infrastructure support,1,0.01
it infrastructure services,1,0.01
school,1,0.01
schematic...,1,0.01
sccm...,1,0.01
scanning,1,0.01
scala programming...,1,0.01
scala development,1,0.01
scala developer,1,0.01
scala back - end development,1,0.01
sbt,1,0.01
business processanalysis...,1,0.01
business process testing,1,0.01
business process supervisor compliance...,1,0.01
business process re...,1,0.01
business process re - engineering...,1,0.01
business process management...,1,0.01
business process improvement...,1,0.01
scm management,1,0.01
scipy...,1,0.01
scikit,1,0.01
it program manager...,1,0.01
it product management...,1,0.01
it product development...,1,0.01
it procurement manager,1,0.01
it operations,1,0.01
it online sales...,1,0.01
failover,1,0.01
facts,1,0.01
factory...,1,0.01
factory operations,1,0.01
it helpdesk...,1,0.01
it help desk...,1,0.01
it development,1,0.01
it data analyst,1,0.01
scripting language,1,0.01
business process analysis...,1,0.01
business presentations,1,0.01
business network planning...,1,0.01
screening...,1,0.01
score development,1,0.01
scom 2012,1,0.01
scobol,1,0.01
search engine optimization analysis,1,0.01
sea born...,1,0.01
sdn,1,0.01
sdlc life...,1,0.01
sdlc life cycle...,1,0.01
business models,1,0.01
business modelling,1,0.01
business management analyst,1,0.01
business intelligence engineer,1,0.01
sdks,1,0.01
sdd,1,0.01
sd module,1,0.01
scsi,1,0.01
fashion retail,1,0.01
familiarity with online calendars and cloud...,1,0.01
failure...,1,0.01
business development lead...,1,0.01
business credit analyst,1,0.01
business controller,1,0.01
secondary research market research,1,0.01
secondary market research,1,0.01
sec executive...,1,0.01
seating,1,0.01
search ops,1,0.01
search operations,1,0.01
search engine submission,1,0.01
business intelligence developer,1,0.01
business intelliegence,1,0.01
business insights,1,0.01
business hr...,1,0.01
business head services,1,0.01
search engine optimization expert,1,0.01
it asset...,1,0.01
it architecture...,1,0.01
it application specialist,1,0.01
it - hardware & networking...,1,0.01
issue,1,0.01
isometrics...,1,0.01
iso internal auditor...,1,0.01
iso documentation,1,0.01
iso 13485...,1,0.01
feature...,1,0.01
feasibility study...,1,0.01
secondary skills,1,0.01
business executive...,1,0.01
business executive,1,0.01
business economics,1,0.01
business development operations analyst,1,0.01
fatigu and damage tolerance analysis...,1,0.01
fast track...,1,0.01
fashion technology,1,0.01
iso 13485,1,0.01
isis,1,0.01
isi toolbox...,1,0.01
security engineering...,1,0.01
security compliance...,1,0.01
security compliance,1,0.01
security analytics,1,0.01
secured funding,1,0.01
secretarial skills,1,0.01
secretarial activities...,1,0.01
it consulting...,1,0.01
it business analyst...,1,0.01
it business analyst,1,0.01
security training,1,0.01
security systems...,1,0.01
security operations center analyst,1,0.01
business continuity...,1,0.01
business continuity planning...,1,0.01
business communication,1,0.01
business case development...,1,0.01
business awareness,1,0.01
security operation centre,1,0.01
security monitoring...,1,0.01
security infrastructure,1,0.01
security infra...,1,0.01
feasibility analysis,1,0.01
fdqm,1,0.01
fcpa lddr,1,0.01
fatigue analysis,1,0.01
iqc,1,0.01
ipvpn,1,0.01
ipsec vpn...,1,0.01
ipsec vpn,1,0.01
ipsec,1,0.01
ips...,1,0.01
ipr,1,0.01
iphone...,1,0.01
selection process...,1,0.01
business architect,1,0.01
business analytical...,1,0.01
business analyst and tester...,1,0.01
business analyst - robotics process automation - gurgaon,1,0.01
business analyst - noida,1,0.01
business analyst - gurgaon,1,0.01
selection process,1,0.01
sem expert...,1,0.01
sem expert,1,0.01
business advisory,1,0.01
burpsuite...,1,0.01
burners...,1,0.01
bulk sms,1,0.01
building construction,1,0.01
building,1,0.01
selling skills...,1,0.01
selling reserach...,1,0.01
selenium testing,1,0.01
selenium ide,1,0.01
isg,1,0.01
iseries,1,0.01
iseb...,1,0.01
is audit...,1,0.01
ip arg,1,0.01
ip applications,1,0.01
ip admin,1,0.01
iot cloud architect...,1,0.01
field engineering...,1,0.01
fidic,1,0.01
senior ar caller,1,0.01
senior ar analyst...,1,0.01
senior actuarial analyst,1,0.01
sencha framework,1,0.01
semiconductor manufacturing...,1,0.01
semiconductor manufacturing,1,0.01
semi qualified ca,1,0.01
sem specialist...,1,0.01
sem research,1,0.01
sem manager,1,0.01
bugzilla,1,0.01
bugdeting,1,0.01
bug tracking,1,0.01
bug life cycle,1,0.01
budgeting preparation...,1,0.01
budgetary control...,1,0.01
budget preparation...,1,0.01
budget preparation,1,0.01
senior business development executive,1,0.01
senior business analyst - noida,1,0.01
senior business analyst - hyderabad,1,0.01
senior ar caller...,1,0.01
iphone developer,1,0.01
ipcc,1,0.01
ip drg,1,0.01
ip development,1,0.01
fermentation,1,0.01
femfat,1,0.01
female...,1,0.01
ios framework,1,0.01
ios application...,1,0.01
ios app store...,1,0.01
ios app design...,1,0.01
ios app,1,0.01
ionic framework...,1,0.01
senior process associate,1,0.01
senior mis analyst,1,0.01
senior hadoop developer,1,0.01
senior executive,1,0.01
senior customer support associate,1,0.01
senior business systems analyst ba,1,0.01
bugzilla...,1,0.01
senior travel analyst,1,0.01
senior software engineer - etl - hyderabad,1,0.01
senior software engineer,1,0.01
senior smo...,1,0.01
senior seo specialist,1,0.01
senior seo analyst,1,0.01
senior research analyst...,1,0.01
senior quality executive...,1,0.01
senior quality analyst,1,0.01
senior project and manager...,1,0.01
senior profile...,1,0.01
senior product manager,1,0.01
fica,1,0.01
fibre,1,0.01
fi - gl,1,0.01
fertilizer,1,0.01
seo marketing,1,0.01
seo expert...,1,0.01
seo content manager,1,0.01
budget impact models...,1,0.01
budget analyst,1,0.01
budget analysis...,1,0.01
bu planning,1,0.01
btech,1,0.01
bsc nurse,1,0.01
bsc it,1,0.01
bsc freshr,1,0.01
bsc biotech...,1,0.01
seo associate...,1,0.01
sensu,1,0.01
sensors,1,0.01
senior...,1,0.01
filenet,1,0.01
file system,1,0.01
figures analyze,1,0.01
field...,1,0.01
field work...,1,0.01
field sales officer...,1,0.01
field operations,1,0.01
field executive,1,0.01
server architecture...,1,0.01
serarching,1,0.01
sepa...,1,0.01
seo trainee,1,0.01
seo tools,1,0.01
seo smo executive,1,0.01
seo optimization,1,0.01
seo officer,1,0.01
service delivery management...,1,0.01
service contracts,1,0.01
service applications design...,1,0.01
bsa...,1,0.01
bs,1,0.01
brs...,1,0.01
brs,1,0.01
broking research,1,0.01
brokerage receivable,1,0.01
brokerage payable,1,0.01
broadband services,1,0.01
british telecom,1,0.01
server support...,1,0.01
server side...,1,0.01
iom,1,0.01
fin,1,0.01
investran,1,0.01
investments,1,0.01
investment research analyst,1,0.01
investment processes,1,0.01
investment portfolio,1,0.01
inverstran,1,0.01
inventory...,1,0.01
finance executive,1,0.01
brds,1,0.01
brand...,1,0.01
brand solutions...,1,0.01
brand promotion...,1,0.01
service engineering,1,0.01
service engineer,1,0.01
service desk management,1,0.01
service desk executive,1,0.01
servlets...,1,0.01
service...,1,0.01
service tax return...,1,0.01
brand manager,1,0.01
brand development,1,0.01
service request management...,1,0.01
service quality...,1,0.01
service operations...,1,0.01
service management...,1,0.01
service management analyst...,1,0.01
service level...,1,0.01
service industry...,1,0.01
service executive,1,0.01
breakdown maintenance,1,0.01
invoice process,1,0.01
invision,1,0.01
finance analysis...,1,0.01
finalization,1,0.01
finalisation of accounts,1,0.01
final accounts,1,0.01
fina...,1,0.01
inventory process...,1,0.01
inventory operations,1,0.01
shared services...,1,0.01
shared service,1,0.01
sfdc.com...,1,0.01
sfdc...,1,0.01
sfdc developer,1,0.01
sfcc...,1,0.01
sez,1,0.01
sewer,1,0.01
setting up e - commerce strategy,1,0.01
branch head...,1,0.01
br,1,0.01
bpt,1,0.01
bpr,1,0.01
bpo trainer,1,0.01
bpo process...,1,0.01
sheet metal,1,0.01
sheet,1,0.01
shares,1,0.01
sharepoint...,1,0.01
sharepoint server,1,0.01
sharepoint design,1,0.01
finance domain,1,0.01
finance business partner,1,0.01
finance and tax and audit,1,0.01
finance analyst,1,0.01
interpersonal...,1,0.01
internet...,1,0.01
financial advisory,1,0.01
finance transformation,1,0.01
finance reporting,1,0.01
should costing,1,0.01
should cost,1,0.01
should be costing...,1,0.01
shortlisting...,1,0.01
shop...,1,0.01
shop floor management...,1,0.01
shipping structures,1,0.01
shipping rate...,1,0.01
sheetmetal,1,0.01
sheet metal...,1,0.01
branch operations,1,0.01
simcorp,1,0.01
silverlight,1,0.01
silicon engineering,1,0.01
sil...,1,0.01
sil,1,0.01
bpo non...,1,0.01
bpma,1,0.01
bpharm,1,0.01
botany,1,0.01
siem solutions,1,0.01
inventory control...,1,0.01
inventory acounting,1,0.01
inventory accounting...,1,0.01
intrusion detection...,1,0.01
interpreter,1,0.01
interpret to find conclusion...,1,0.01
financial forecasting...,1,0.01
financial force,1,0.01
financial data,1,0.01
financial budgeting,1,0.01
financial audits...,1,0.01
financial associate,1,0.01
internet surfing,1,0.01
internet of things...,1,0.01
sitescope,1,0.01
sitecatalyst...,1,0.01
site operations,1,0.01
site merchandising...,1,0.01
site inspection,1,0.01
site engineering,1,0.01
siperian,1,0.01
sip...,1,0.01
sla,1,0.01
skills...,1,0.01
skillful & result oriented,1,0.01
skill matrix...,1,0.01
skill development...,1,0.01
sketch...,1,0.01
sketch,1,0.01
six sigma quality...,1,0.01
six sigma quality,1,0.01
six sigma initiatives,1,0.01
six sigma certified...,1,0.01
six sigma certified,1,0.01
six sigma black belt,1,0.01
finance manager,1,0.01
finance executive...,1,0.01
financial inclusion...,1,0.01
smart worker,1,0.01
smart contract,1,0.01
smac,1,0.01
slas,1,0.01
sla management...,1,0.01
boost libraries...,1,0.01
books closing,1,0.01
bonus...,1,0.01
bonus act...,1,0.01
bonus,1,0.01
bonds,1,0.01
bom preparation,1,0.01
bom,1,0.01
boiler...,1,0.01
boardex...,1,0.01
sla management,1,0.01
international marketing...,1,0.01
international market...,1,0.01
international logistics,1,0.01
international law...,1,0.01
international kpo,1,0.01
international clients...,1,0.01
international call center...,1,0.01
bluetooth...,1,0.01
blueprism,1,0.01
blueprinting,1,0.01
blue pumpkin...,1,0.01
blue prism,1,0.01
blogging...,1,0.01
smm...,1,0.01
sme...,1,0.01
sme finance,1,0.01
soc research analyst,1,0.01
soc analyst...,1,0.01
soar,1,0.01
soapui,1,0.01
soa experience,1,0.01
snp,1,0.01
snmp...,1,0.01
snmp,1,0.01
snagit,1,0.01
sms,1,0.01
bms fresher,1,0.01
internet browsing,1,0.01
internet banking,1,0.01
international travel,1,0.01
international trade...,1,0.01
international taxation...,1,0.01
social media campaign...,1,0.01
social media and digital marketing manager,1,0.01
social media analytics...,1,0.01
social media analytics,1,0.01
social media analyst,1,0.01
social marketing...,1,0.01
blogger,1,0.01
blog submission,1,0.01
blending,1,0.01
blazemeter,1,0.01
blanket po,1,0.01
blade,1,0.01
black stratus...,1,0.01
black belt...,1,0.01
bl,1,0.01
social advertising analyst...,1,0.01
financial modeling analyst...,1,0.01
financial information,1,0.01
international banking,1,0.01
international accounting,1,0.01
international,1,0.01
internal...,1,0.01
internal medicine,1,0.01
internal controls...,1,0.01
internal controls,1,0.01
internal communication...,1,0.01
internal audits,1,0.01
financial report writing,1,0.01
social tools,1,0.01
social service,1,0.01
social media strategist,1,0.01
social media research,1,0.01
software acquisition,1,0.01
soft skills trainer...,1,0.01
soft skill,1,0.01
bjmc,1,0.01
biztalk,1,0.01
biw design,1,0.01
biw,1,0.01
bitcoin,1,0.01
bitbucket,1,0.01
bis,1,0.01
birt,1,0.01
biotechnologist,1,0.01
biomedical...,1,0.01
socket programming,1,0.01
socila media,1,0.01
financial models,1,0.01
financial planninfg,1,0.01
intermediate manufacturing,1,0.01
intermediate,1,0.01
interiors,1,0.01
interior designing,1,0.01
interfaces...,1,0.01
bioanalytical,1,0.01
bio statistician...,1,0.01
bio statistical analysis,1,0.01
bio data analysis...,1,0.01
bing ads,1,0.01
bing,1,0.01
billing...,1,0.01
software asset management...,1,0.01
software architectures,1,0.01
software architect,1,0.01
software quality,1,0.01
software project management,1,0.01
software project,1,0.01
software programmer,1,0.01
software product development...,1,0.01
software licensing...,1,0.01
software lead,1,0.01
software engineering analyst...,1,0.01
software engineer- microstrategy_ chennai,1,0.01
software development engineering,1,0.01
bioinformatics...,1,0.01
bioanalytical reporting,1,0.01
financial ratios,1,0.01
financial products...,1,0.01
financial planning and analysis,1,0.01
financial planning analyst,1,0.01
sol...,1,0.01
software troubleshooting,1,0.01
software tester,1,0.01
software test engineer...,1,0.01
software solution sales...,1,0.01
billing engineer,1,0.01
bill processing,1,0.01
bill of quantity,1,0.01
bill of quantities,1,0.01
bill of material preparation...,1,0.01
bigquery...,1,0.01
bigdata architect...,1,0.01
big query,1,0.01
big data tools,1,0.01
big data technologies,1,0.01
software sales...,1,0.01
interface developers,1,0.01
financial statement...,1,0.01
financial statement preparation...,1,0.01
financial services general,1,0.01
financial sector...,1,0.01
financial s,1,0.01
interconnect,1,0.01
intercompany reconciliation...,1,0.01
interact with the client strong analytical thinking...,1,0.01
solidity,1,0.01
solid state electronics...,1,0.01
solid orals,1,0.01
solarwinds,1,0.01
solaris...,1,0.01
solaris,1,0.01
solar...,1,0.01
integration protocols,1,0.01
insurance research,1,0.01
insurance processing...,1,0.01
fire,1,0.01
bi publisher,1,0.01
bi lifecycle...,1,0.01
big data solution architect,1,0.01
big data programming manager,1,0.01
big data implementation lead,1,0.01
big data engineer...,1,0.01
big data development lead,1,0.01
big data development,1,0.01
big data consultant...,1,0.01
big data architect...,1,0.01
solution architect...,1,0.01
interface manager,1,0.01
sop preparation...,1,0.01
sonar,1,0.01
solutions consultant,1,0.01
solution...,1,0.01
solution research,1,0.01
bid preparation...,1,0.01
bi tools,1,0.01
bi tableau developer,1,0.01
bi system...,1,0.01
bi solution architect...,1,0.01
inter,1,0.01
intelligence,1,0.01
intellectual property...,1,0.01
intellectual property rights...,1,0.01
intellectual property rights,1,0.01
intel...,1,0.01
spanish,1,0.01
spam,1,0.01
space planning,1,0.01
space management...,1,0.01
sp jain,1,0.01
sox analyst,1,0.01
sox 404...,1,0.01
bi architect,1,0.01
bhr,1,0.01
bhopal,1,0.01
bhm,1,0.01
south africa,1,0.01
sourcing strategy...,1,0.01
sourcing management,1,0.01
sorting,1,0.01
sops,1,0.01
finite...,1,0.01
finite element method analysis...,1,0.01
finished products...,1,0.01
finished goods...,1,0.01
finished goods,1,0.01
financial structuring...,1,0.01
financial strategy,1,0.01
insurance domain,1,0.01
insurance claims...,1,0.01
insurance broking...,1,0.01
instrumentation engineering,1,0.01
special purpose machines,1,0.01
spark programming,1,0.01
spares planning,1,0.01
spare parts...,1,0.01
spare parts,1,0.01
speech analytics,1,0.01
bet...,1,0.01
bet,1,0.01
berkley,1,0.01
bengaluru...,1,0.01
bengali,1,0.01
benefits...,1,0.01
benefits administration,1,0.01
bench sales,1,0.01
bench marketing,1,0.01
bench business development,1,0.01
spectroscopy,1,0.01
spectrometer,1,0.01
specman,1,0.01
specification,1,0.01
fintech,1,0.01
firmware development,1,0.01
fired heaters,1,0.01
firebug...,1,0.01
firebase,1,0.01
fire safety...,1,0.01
fire protection,1,0.01
fire fighting...,1,0.01
fire fighting,1,0.01
institutional sales...,1,0.01
sponsorship selling,1,0.01
sponsorship marketing...,1,0.01
spoken english...,1,0.01
spoken english,1,0.01
spice modeling,1,0.01
spice,1,0.01
spend mapping,1,0.01
spring boot...,1,0.01
beauty...,1,0.01
bearings,1,0.01
be fresher,1,0.01
bdna,1,0.01
bcom fresher,1,0.01
spring batch...,1,0.01
spreadsheets,1,0.01
sprak,1,0.01
spotfire...,1,0.01
sportswear apparel company,1,0.01
sports...,1,0.01
instrumental analysis...,1,0.01
instrument engineer,1,0.01
instructional design...,1,0.01
firmware development...,1,0.01
inspection engineering,1,0.01
inspection,1,0.01
insights,1,0.01
insight publishing,1,0.01
insight epub,1,0.01
inside sales...,1,0.01
sql - multiple locations,1,0.01
bcms,1,0.01
batch processing,1,0.01
batch manufacturing,1,0.01
bat command,1,0.01
basic construction cycle,1,0.01
sqa analyst,1,0.01
sqa,1,0.01
spring framework...,1,0.01
spring cloud,1,0.01
sql server 2005 08,1,0.01
sql server 2005,1,0.01
sql scripts,1,0.01
base sas...,1,0.01
base 24,1,0.01
barcode,1,0.01
bapis,1,0.01
sql query,1,0.01
sql db2,1,0.01
sql coding,1,0.01
sql analytics...,1,0.01
institutional marketing,1,0.01
institutional equity reserach analyst,1,0.01
installation...,1,0.01
installation,1,0.01
install base,1,0.01
bank guarantee,1,0.01
srs,1,0.01
srl,1,0.01
sram,1,0.01
sr.qc executive,1,0.01
sr.manager,1,0.01
sr. sfdc developer,1,0.01
sqlserver,1,0.01
sql tuning,1,0.01
sql servers,1,0.01
sql server query,1,0.01
sql server integration services,1,0.01
sql server development...,1,0.01
sql server dba...,1,0.01
sql server 2012,1,0.01
sql server 2008...,1,0.01
inpatient drg,1,0.01
inpatient coding,1,0.01
injection moulding...,1,0.01
initiative...,1,0.01
ingenium,1,0.01
infrastructure...,1,0.01
infrastructure support...,1,0.01
infrastructure services...,1,0.01
information...,1,0.01
banking operation...,1,0.01
banking management,1,0.01
banking domain...,1,0.01
banking client,1,0.01
bank...,1,0.01
bank statements,1,0.01
bank liablities...,1,0.01
stanford,1,0.01
stakeholders...,1,0.01
stakeholders interview,1,0.01
staffing...,1,0.01
staff nurse,1,0.01
stability,1,0.01
sta...,1,0.01
sta analysis,1,0.01
ssta,1,0.01
sssr,1,0.01
ssis...,1,0.01
ssh tunneling,1,0.01
ssh,1,0.01
inside sales executive,1,0.01
inside sales account manager...,1,0.01
inprocess quality,1,0.01
stata,1,0.01
backoffice,1,0.01
backlink building,1,0.01
background verification...,1,0.01
backend support,1,0.01
backend architectures,1,0.01
backend architect,1,0.01
bank accounting...,1,0.01
bangalore,1,0.01
bams doctor,1,0.01
bamboo,1,0.01
balance...,1,0.01
baf fresher,1,0.01
badis,1,0.01
stastical analysis,1,0.01
startup...,1,0.01
information management...,1,0.01
information developer,1,0.01
flash...,1,0.01
fixed income derivatives...,1,0.01
fixed assets...,1,0.01
fixed assets management...,1,0.01
fixed asset accounting...,1,0.01
baan,1,0.01
ba...,1,0.01
b2c social media...,1,0.01
b2c sales...,1,0.01
b2c product industry,1,0.01
statistical computing,1,0.01
statistical analysis plan...,1,0.01
static equipment...,1,0.01
static,1,0.01
sterling integrator,1,0.01
sterling commerce,1,0.01
sterility testing,1,0.01
sterility,1,0.01
sterile,1,0.01
steam absorption chillers engineer...,1,0.01
statutory compliances,1,0.01
statutory accountings...,1,0.01
statutory accounting,1,0.01
statistician...,1,0.01
statistical techniques,1,0.01
statistical simulation,1,0.01
back end processing,1,0.01
information technology support...,1,0.01
information systems analysts and consultants,1,0.01
information research...,1,0.01
firmware interaction,1,0.01
fluid mechanics...,1,0.01
flow chart,1,0.01
floor management...,1,0.01
flexera,1,0.01
flex...,1,0.01
infopath...,1,0.01
stlc...,1,0.01
b2b saas,1,0.01
b2b collection,1,0.01
b.tech...,1,0.01
b.sci agriculture,1,0.01
b.sc micro,1,0.01
b.pharma,1,0.01
b.pharm,1,0.01
sterlity...,1,0.01
storm...,1,0.01
storm,1,0.01
storage...,1,0.01
storage testing...,1,0.01
storage testing,1,0.01
storage smartprice advisor,1,0.01
stock trader...,1,0.01
stock replenishment,1,0.01
stock management...,1,0.01
stock management,1,0.01
stock borrow loan,1,0.01
stock analysis...,1,0.01
stock advisory,1,0.01
stock,1,0.01
first...,1,0.01
firmware...,1,0.01
industrial products,1,0.01
industrial marketing analysis,1,0.01
industrial design,1,0.01
individual tax...,1,0.01
indirect taxes...,1,0.01
indirect taxes,1,0.01
indirect tax...,1,0.01
food preparation,1,0.01
b tech fresher...,1,0.01
b tech biotech,1,0.01
b service...,1,0.01
b pharmacy fresher,1,0.01
azure stream analytics,1,0.01
azure sql,1,0.01
azure power...,1,0.01
azure iot,1,0.01
azure data lake analytics...,1,0.01
azure data factory...,1,0.01
azure automation,1,0.01
axis...,1,0.01
aws2,1,0.01
aws iam,1,0.01
aws data analytics,1,0.01
awr,1,0.01
strategic marketing planning,1,0.01
strategic development,1,0.01
strategic communication...,1,0.01
stpi,1,0.01
storyboarding,1,0.01
industry analysis reports,1,0.01
industrial training,1,0.01
industrial products...,1,0.01
fod,1,0.01
fmcg sales...,1,0.01
fmcg industry,1,0.01
indirect tax process,1,0.01
india localization,1,0.01
index,1,0.01
ind as,1,0.01
ind,1,0.01
incident and change management,1,0.01
forex operations...,1,0.01
strategy formulation,1,0.01
strategy analyst,1,0.01
strategist...,1,0.01
strategic sourcing analyst,1,0.01
strategic sales planning,1,0.01
strategic purchase...,1,0.01
stringing,1,0.01
stress testing management,1,0.01
stress test modeling...,1,0.01
avro,1,0.01
avaya...,1,0.01
avaya cms,1,0.01
avaya,1,0.01
avalon activities,1,0.01
autosys...,1,0.01
autonomous maintenance,1,0.01
automotive electronics,1,0.01
automobile...,1,0.01
stress management,1,0.01
strategy making,1,0.01
strategy implementation...,1,0.01
follow ups...,1,0.01
forensic investigations,1,0.01
forensic audit...,1,0.01
forensic,1,0.01
food...,1,0.01
food technology,1,0.01
inbound marketing...,1,0.01
inbound executive,1,0.01
inbound customer service,1,0.01
inbound calls...,1,0.01
automobile sales,1,0.01
automobile engineering,1,0.01
automation tools...,1,0.01
automation testing ms crm...,1,0.01
autodesk vault,1,0.01
strong interpersonal...,1,0.01
strong,1,0.01
audits...,1,0.01
auditors,1,0.01
successfactors...,1,0.01
successfactor,1,0.01
success,1,0.01
sub...,1,0.01
sub editorial,1,0.01
sub editor,1,0.01
sub editing...,1,0.01
sub assembly...,1,0.01
study director,1,0.01
student counsellor,1,0.01
student counseling,1,0.01
structuring,1,0.01
forestry,1,0.01
forensic planning,1,0.01
supervisor,1,0.01
superannuation,1,0.01
sumtotal,1,0.01
summary statistics...,1,0.01
sumif,1,0.01
sugarcrm...,1,0.01
succession planning,1,0.01
autodesk,1,0.01
autocad...,1,0.01
autocad 3d,1,0.01
auto sales...,1,0.01
auto loans,1,0.01
auto,1,0.01
authorization,1,0.01
australian,1,0.01
australia payroll...,1,0.01
improvement activities,1,0.01
import documentation,1,0.01
implementations...,1,0.01
implementation...,1,0.01
implementation business analyst...,1,0.01
implementation analyst,1,0.01
implement,1,0.01
impala...,1,0.01
immunology,1,0.01
immigration,1,0.01
supply chain analytics...,1,0.01
supply chain analytics,1,0.01
supplier relationship...,1,0.01
supplier governance manager,1,0.01
supplier development...,1,0.01
supplier,1,0.01
supply...,1,0.01
supply planning,1,0.01
audit planning,1,0.01
audit manager,1,0.01
audit executive...,1,0.01
audit executive,1,0.01
audit documentation,1,0.01
audit consultant,1,0.01
audit compliance...,1,0.01
audit assistant,1,0.01
audit analytics,1,0.01
audit activities...,1,0.01
supply chain operations...,1,0.01
supply chain manager...,1,0.01
imps,1,0.01
improvement initiatives,1,0.01
four wheeler,1,0.01
foundry,1,0.01
fosster,1,0.01
fortigate,1,0.01
forging,1,0.01
forex...,1,0.01
image analytics,1,0.01
switching...,1,0.01
swing,1,0.01
swift gateways...,1,0.01
swaps,1,0.01
sustainable development,1,0.01
support services,1,0.01
support executive,1,0.01
support engineer,1,0.01
support analyst,1,0.01
synopsys...,1,0.01
synon,1,0.01
symrise...,1,0.01
symphony,1,0.01
audio visual...,1,0.01
attendance management,1,0.01
atm,1,0.01
atlassian...,1,0.01
atl...,1,0.01
atl com,1,0.01
athena,1,0.01
atg implementation,1,0.01
atg e - commerce,1,0.01
symbiosis,1,0.01
swot analysis,1,0.01
fp...,1,0.01
ile,1,0.01
iis7.0,1,0.01
iis...,1,0.01
igt...,1,0.01
ifrs...,1,0.01
ifrs model development,1,0.01
ienergizer,1,0.01
idq,1,0.01
idm,1,0.01
associate software engineer analyst - hyderabad,1,0.01
associate process analyst,1,0.01
associate - sap bpc,1,0.01
associate - sap,1,0.01
associate,1,0.01
system admin,1,0.01
synthetic organic chemistry,1,0.01
fpga coding,1,0.01
fpga architecture,1,0.01
identity,1,0.01
ideation...,1,0.01
system support,1,0.01
system software...,1,0.01
system programming...,1,0.01
system maintenance,1,0.01
system engineering...,1,0.01
system engineer...,1,0.01
system development,1,0.01
system design...,1,0.01
system configurations,1,0.01
astm,1,0.01
image analysis,1,0.01
ile rpg,1,0.01
tablets,1,0.01
tablet...,1,0.01
tableau server,1,0.01
tableau dashboards...,1,0.01
tableau architect...,1,0.01
tableau analytics,1,0.01
t sql,1,0.01
systems manager...,1,0.01
identity server...,1,0.01
franchise...,1,0.01
franchise sales...,1,0.01
framework manager,1,0.01
framework design,1,0.01
fractal analysis,1,0.01
fractal,1,0.01
fpga design,1,0.01
ict system analyst,1,0.01
ict manager,1,0.01
ict business analyst,1,0.01
icp ms,1,0.01
ich,1,0.01
talend...,1,0.01
assistant manager analytics,1,0.01
assistant manager,1,0.01
assistant chemical engineer...,1,0.01
asset...,1,0.01
asset valuation...,1,0.01
asset modelling,1,0.01
asset liability management,1,0.01
asset finance...,1,0.01
asset classes...,1,0.01
tagging...,1,0.01
ibm cognos tm1,1,0.01
ibm bpm,1,0.01
tally software,1,0.01
asset,1,0.01
assessing...,1,0.01
assembly language,1,0.01
assembler,1,0.01
aspect,1,0.01
asp.net developer...,1,0.01
talent engagement...,1,0.01
ideas...,1,0.01
ideas,1,0.01
idea generation,1,0.01
idc,1,0.01
icwa inter...,1,0.01
icwa inter,1,0.01
tax specialist,1,0.01
tax laws,1,0.01
tax calculations...,1,0.01
tax analyst,1,0.01
tax analysis,1,0.01
tax agent,1,0.01
tat,1,0.01
targetlink,1,0.01
targeting,1,0.01
target oriented,1,0.01
icaap,1,0.01
ic oes,1,0.01
ic design,1,0.01
ibm...,1,0.01
ibm rational doors,1,0.01
ibm mdm,1,0.01
tcode,1,0.01
asp net...,1,0.01
asp net,1,0.01
asp dotnet,1,0.01
asp .net,1,0.01
aso,1,0.01
asnt level ii,1,0.01
asnt level,1,0.01
asme codes...,1,0.01
asm,1,0.01
askia...,1,0.01
asic research analyst,1,0.01
tbiw,1,0.01
taxonomy...,1,0.01
taxes,1,0.01
tax strategy...,1,0.01
arya,1,0.01
artificial intelligence professional,1,0.01
article writing,1,0.01
article submission...,1,0.01
ars,1,0.01
team leader analytics...,1,0.01
team lead operations,1,0.01
team development...,1,0.01
team development,1,0.01
team coordination...,1,0.01
team center...,1,0.01
team,1,0.01
tealium...,1,0.01
tealeaf,1,0.01
teaching...,1,0.01
teacher training,1,0.01
i2c,1,0.01
i - server...,1,0.01
hypothesis testing,1,0.01
hypothesis,1,0.01
hypervisor,1,0.01
hyperion planning...,1,0.01
hyper ledger...,1,0.01
hydra,1,0.01
hybris marketing,1,0.01
hybrid mobile application development,1,0.01
hy bond,1,0.01
team manager...,1,0.01
team manager,1,0.01
asa firewall,1,0.01
as400,1,0.01
as java,1,0.01
technical author...,1,0.01
technical assistant,1,0.01
tech ba,1,0.01
tech associate...,1,0.01
teams manager...,1,0.01
arima...,1,0.01
area sales management...,1,0.01
area operation manager,1,0.01
area credit manager...,1,0.01
area credit manager,1,0.01
teams leader,1,0.01
teamcity,1,0.01
teamcenter,1,0.01
team training...,1,0.01
team skills...,1,0.01
ias,1,0.01
fraud analyst...,1,0.01
fraud analysis...,1,0.01
fraud analysis,1,0.01
fraud,1,0.01
human resources,1,0.01
human resource counsellor...,1,0.01
human resource business partner,1,0.01
human capital...,1,0.01
architectural,1,0.01
architect...,1,0.01
archer,1,0.01
arcgis desktop,1,0.01
arc objects,1,0.01
arbitration...,1,0.01
arabic,1,0.01
technical business analyst,1,0.01
apron discipline,1,0.01
technical sales specialist...,1,0.01
technical research executive...,1,0.01
technical research analyst,1,0.01
technical publication,1,0.01
technical project manager,1,0.01
technical product management,1,0.01
technical process...,1,0.01
technical presales,1,0.01
technical management,1,0.01
technical director,1,0.01
technical consulting,1,0.01
hw,1,0.01
fraud monitoring...,1,0.01
fraud detection,1,0.01
fraud analytics...,1,0.01
technical tests,1,0.01
technical support engineer,1,0.01
technical support analyst - desktop support - hyderabad,1,0.01
technical strategy...,1,0.01
technical staff...,1,0.01
technical staff,1,0.01
technical specifications...,1,0.01
technical specialist...,1,0.01
technical skills...,1,0.01
ar specialist,1,0.01
ar executive...,1,0.01
ar collections,1,0.01
ar callers,1,0.01
ar caller...,1,0.01
aqis...,1,0.01
aptean,1,0.01
freelance writing,1,0.01
frds,1,0.01
frd...,1,0.01
fraud strategy,1,0.01
html. css,1,0.01
html fresher,1,0.01
html css...,1,0.01
html 5,1,0.01
technician activities...,1,0.01
technical writing...,1,0.01
technical writer...,1,0.01
technical writer,1,0.01
technical vp,1,0.01
technical voice process,1,0.01
technical vice president...,1,0.01
technical training...,1,0.01
technology risk...,1,0.01
technology operations...,1,0.01
appscan...,1,0.01
appscan,1,0.01
apprentice leader,1,0.01
appraisal management...,1,0.01
applications...,1,0.01
application support engineer...,1,0.01
application support analyst...,1,0.01
application server...,1,0.01
technology architect,1,0.01
french analyst...,1,0.01
french analyst,1,0.01
freight rate,1,0.01
freight forwarding rate,1,0.01
freight forwarding,1,0.01
hrm analytics,1,0.01
hris...,1,0.01
hrba,1,0.01
hr strategies,1,0.01
hr project delivery,1,0.01
hr processes...,1,0.01
fresher trainee...,1,0.01
tele sales,1,0.01
application server,1,0.01
application security code review - sac,1,0.01
application programming,1,0.01
application packaging...,1,0.01
application integration...,1,0.01
telco,1,0.01
technology...,1,0.01
technology scouting,1,0.01
tender costing...,1,0.01
tender analysis...,1,0.01
tender acquition,1,0.01
tender,1,0.01
temporary,1,0.01
temenos t24...,1,0.01
telerik,1,0.01
telephonic...,1,0.01
telecommunication,1,0.01
telecom sales,1,0.01
telecom billing,1,0.01
telecalling...,1,0.01
htc vive,1,0.01
hse training,1,0.01
hse,1,0.01
hsbc,1,0.01
french language...,1,0.01
french language specialist,1,0.01
french language analyst...,1,0.01
hr planning...,1,0.01
hr mba...,1,0.01
terminal operations,1,0.01
term loan,1,0.01
teradata...,1,0.01
application design...,1,0.01
application deployment...,1,0.01
application administration...,1,0.01
appliances...,1,0.01
appian,1,0.01
app store optimization...,1,0.01
tensor flow,1,0.01
tender management,1,0.01
test automation,1,0.01
app store optimization specialist,1,0.01
app - v,1,0.01
apms...,1,0.01
api manager,1,0.01
api analyst,1,0.01
territory sales manager...,1,0.01
territory modeling specialist...,1,0.01
territory growth...,1,0.01
fresher trainee,1,0.01
fresher male...,1,0.01
fresher job...,1,0.01
fresher job,1,0.01
fresher graduate...,1,0.01
fresher engineer...,1,0.01
french translator,1,0.01
hr coordinator,1,0.01
hr budgeting,1,0.01
hr assistance,1,0.01
hr analytic & bi,1,0.01
hr - multiple locations,1,0.01
frontend developer,1,0.01
front- end,1,0.01
front office operations,1,0.01
apdrp,1,0.01
apc,1,0.01
apache http server,1,0.01
apache cassandra,1,0.01
test development,1,0.01
test design...,1,0.01
test complete,1,0.01
test case review,1,0.01
anvisa,1,0.01
antispam,1,0.01
antimon,1,0.01
anti - money laundering,1,0.01
ansys workbench,1,0.01
test plan preparation...,1,0.01
test plan creation,1,0.01
test estimation,1,0.01
test engineer...,1,0.01
apeda,1,0.01
hr management...,1,0.01
hr information system,1,0.01
hr generalist activities...,1,0.01
hr fresher...,1,0.01
hr fresher,1,0.01
hr counsellor,1,0.01
annual reports,1,0.01
annexure 14,1,0.01
anlaytics,1,0.01
animations...,1,0.01
thermal and mechanical design,1,0.01
thane,1,0.01
tga,1,0.01
tfs...,1,0.01
text...,1,0.01
testing tools...,1,0.01
test strategy...,1,0.01
test reporting...,1,0.01
ap ar,1,0.01
ap accounts receivable,1,0.01
ap accounts payable,1,0.01
aop,1,0.01
anesthesia,1,0.01
time management skills...,1,0.01
timber,1,0.01
ticketing tools,1,0.01
ticketing executive,1,0.01
threat intelligence...,1,0.01
threads,1,0.01
threading...,1,0.01
third party inspection,1,0.01
thermal engineering...,1,0.01
ansi c,1,0.01
ansi,1,0.01
ansal,1,0.01
ansa analysis,1,0.01
anova...,1,0.01
annual reports...,1,0.01
freshers legal,1,0.01
freshers jobs,1,0.01
hql,1,0.01
hpspital marketing executive,1,0.01
hpspital business development executive,1,0.01
hpsm,1,0.01
hplc...,1,0.01
hpe,1,0.01
hpcl,1,0.01
hp...,1,0.01
hp quality center...,1,0.01
angular5,1,0.01
angular.js,1,0.01
angular...,1,0.01
angular 5,1,0.01
anguar js,1,0.01
tolap,1,0.01
togaf 9.x,1,0.01
tni...,1,0.01
android os...,1,0.01
android application development...,1,0.01
android application development,1,0.01
anda,1,0.01
and,1,0.01
analyticshtml css,1,0.01
analytics technology,1,0.01
tlf,1,0.01
tl - quality,1,0.01
title search,1,0.01
timing analysis...,1,0.01
timing,1,0.01
front office management,1,0.01
hp,1,0.01
full stack programmer,1,0.01
full stack engineer,1,0.01
full stack designer,1,0.01
full stack data engineer,1,0.01
ftp...,1,0.01
fto,1,0.01
ftl,1,0.01
fssai,1,0.01
housing loan,1,0.01
tpa,1,0.01
tp management schools,1,0.01
toxicity...,1,0.01
tox,1,0.01
tours,1,0.01
tourism,1,0.01
trademark...,1,0.01
trade...,1,0.01
trade valuation,1,0.01
trade processing...,1,0.01
trade processing,1,0.01
analytics specialist,1,0.01
analytics certification,1,0.01
analytics big data,1,0.01
analytics architect,1,0.01
tqm,1,0.01
tpm...,1,0.01
tph,1,0.01
tpfdf,1,0.01
tpfc,1,0.01
tpf,1,0.01
hp data protector,1,0.01
hospital summarizer,1,0.01
hospital operations,1,0.01
hospital billing...,1,0.01
hospital billing,1,0.01
horton,1,0.01
horeca,1,0.01
hoovers,1,0.01
home loan,1,0.01
training analysis...,1,0.01
trainee...,1,0.01
analytical techniques...,1,0.01
analytical support engineer,1,0.01
analytical qa,1,0.01
analytical lab chemist,1,0.01
analytical lab assistant,1,0.01
trading...,1,0.01
hololens,1,0.01
hmm,1,0.01
hling queries...,1,0.01
highway tunnels,1,0.01
functional test analyst...,1,0.01
functional support,1,0.01
transaction risk,1,0.01
transaction management,1,0.01
analytical development...,1,0.01
analytical ability...,1,0.01
analyst- rqa strategic projects & operations,1,0.01
analyst trainee,1,0.01
analyst sales,1,0.01
transacations...,1,0.01
training and development,1,0.01
hotel booking,1,0.01
full stack programmer...,1,0.01
high yield bond,1,0.01
high performance computing,1,0.01
high integrity...,1,0.01
travel analyst,1,0.01
transport planner,1,0.01
transport management...,1,0.01
transparency analytics,1,0.01
transition...,1,0.01
transcriber,1,0.01
transactional quality...,1,0.01
transactional monitoring...,1,0.01
transactional,1,0.01
transaction services...,1,0.01
transaction services,1,0.01
home care...,1,0.01
travel desk,1,0.01
analyst executive...,1,0.01
analyst abap,1,0.01
analyst - service desk,1,0.01
analyst - private equity,1,0.01
analyst - performance management,1,0.01
analyst - large corporates,1,0.01
analyst - financial planning,1,0.01
analysis studio,1,0.01
analysis partnering,1,0.01
analysis ...,1,0.01
travel consultant,1,0.01
travel assistant,1,0.01
functional safety,1,0.01
function modules,1,0.01
fulltime...,1,0.01
functions in excel,1,0.01
functionality testing,1,0.01
functional testing analysis,1,0.01
helix habitat,1,0.01
helix,1,0.01
tsa,1,0.01
ts multiple locations,1,0.01
ts 16949...,1,0.01
triage,1,0.01
trend forecasting...,1,0.01
trend ananlysis,1,0.01
treasury management,1,0.01
travels,1,0.01
travel management...,1,0.01
travel management,1,0.01
travel executive...,1,0.01
analog marketing,1,0.01
analog electronics,1,0.01
anaesthesia,1,0.01
anaconda,1,0.01
amqp,1,0.01
aml...,1,0.01
amex,1,0.01
turbine design,1,0.01
tsql,1,0.01
tse,1,0.01
fund management...,1,0.01
fund flow analysis,1,0.01
fund audit,1,0.01
fund administration...,1,0.01
fund accounting...,1,0.01
fund accounting analyst...,1,0.01
amazon redshift...,1,0.01
amazon kinesis,1,0.01
amazon ec2,1,0.01
amazon aws...,1,0.01
amazon aws,1,0.01
am...,1,0.01
ui mock ups,1,0.01
ui engineer,1,0.01
ui development...,1,0.01
ui design,1,0.01
uhg...,1,0.01
uf,1,0.01
udeploy,1,0.01
typing speed...,1,0.01
typesetting,1,0.01
tw collection,1,0.01
heat transfer,1,0.01
heat,1,0.01
healthcare sme,1,0.01
healthcare management,1,0.01
healthcare analytics...,1,0.01
health...,1,0.01
health claims,1,0.01
health care services,1,0.01
health care,1,0.01
health &...,1,0.01
health,1,0.01
uima,1,0.01
amdocs,1,0.01
amd row...,1,0.01
amc,1,0.01
amazon...,1,0.01
underwriting experience,1,0.01
am training,1,0.01
am analytics,1,0.01
am - quality,1,0.01
alteryx...,1,0.01
alteryx developer,1,0.01
alteryx consultant...,1,0.01
altera...,1,0.01
altera,1,0.01
als design,1,0.01
umts,1,0.01
uk payroll processing...,1,0.01
uk calling...,1,0.01
uk,1,0.01
uipath,1,0.01
heat treatment process,1,0.01
fundamental research...,1,0.01
fundamental analysis...,1,0.01
fund reconciliation,1,0.01
head of projects,1,0.01
head of dcl reconciliations,1,0.01
head marketing,1,0.01
head finance & accounts...,1,0.01
head finance,1,0.01
unsecured business loans,1,0.01
unix support engineer...,1,0.01
unix shell scripting...,1,0.01
unix developer,1,0.01
universe designer,1,0.01
unity 3d game developer,1,0.01
unified communications...,1,0.01
unified communications,1,0.01
upsell...,1,0.01
alfresco,1,0.01
aldon,1,0.01
ajax...,1,0.01
airways,1,0.01
airline,1,0.01
upph,1,0.01
uplc,1,0.01
uph,1,0.01
up multiple locations,1,0.01
headcount planning,1,0.01
game development,1,0.01
gaap...,1,0.01
fusion finance,1,0.01
furniture sales,1,0.01
furniture,1,0.01
agriculture...,1,0.01
agricultural,1,0.01
agri,1,0.01
us taxation,1,0.01
us staffing,1,0.01
us sales,1,0.01
us process...,1,0.01
us kpo,1,0.01
us healthcare compliance,1,0.01
urban...,1,0.01
urban transport,1,0.01
urban transformation,1,0.01
urban design...,1,0.01
upwork...,1,0.01
upstream,1,0.01
upselling,1,0.01
head - product management,1,0.01
head - engineering,1,0.01
head - digital marketing,1,0.01
head - credit policy,1,0.01
head - content strategy & development,1,0.01
hdinsight stack...,1,0.01
hcp,1,0.01
hcl...,1,0.01
hazop...,1,0.01
gate,1,0.01
aircraft maintenance,1,0.01
aircraft handling,1,0.01
air testing...,1,0.01
air cargo,1,0.01
ahu,1,0.01
agronomy,1,0.01
user management,1,0.01
user interface development,1,0.01
user documentation...,1,0.01
agile testing...,1,0.01
agile software development...,1,0.01
agile product owner...,1,0.01
agile process,1,0.01
agile master,1,0.01
agile design,1,0.01
after sales support,1,0.01
user administration,1,0.01
usability...,1,0.01
usability analysis,1,0.01
usa payroll,1,0.01
usa mortgage,1,0.01
head commercial,1,0.01
uvm,1,0.01
uv spectrophotometer,1,0.01
uv spectrometer...,1,0.01
uv - vis spectrophotometer,1,0.01
uv - vis,1,0.01
usgaap,1,0.01
affiliate manager,1,0.01
aerospike,1,0.01
aeronautical...,1,0.01
aeronautical engineering,1,0.01
aeronautical engineer,1,0.01
aeronautical analyst...,1,0.01
aero structural,1,0.01
aero engine,1,0.01
user survey,1,0.01
user management...,1,0.01
gas chromatography,1,0.01
gargi,1,0.01
gap...,1,0.01
gap planning...,1,0.01
gap,1,0.01
hazop study,1,0.01
hazop,1,0.01
hazid,1,0.01
hazard identification,1,0.01
valgrind,1,0.01
va reporting,1,0.01
va,1,0.01
v&a trainer...,1,0.01
ux program manager,1,0.01
ux designer,1,0.01
ux architecture...,1,0.01
vapi,1,0.01
vap,1,0.01
valve,1,0.01
aem...,1,0.01
aem software developer,1,0.01
aem developer,1,0.01
adworld,1,0.01
adwords tag,1,0.01
adwords analyst,1,0.01
advisory services analyst - hyderabad,1,0.01
value at risk...,1,0.01
value analysis...,1,0.01
value analysis value engineer,1,0.01
value,1,0.01
gas...,1,0.01
gas lift design,1,0.01
hard goods,1,0.01
hands...,1,0.01
handling civil...,1,0.01
handling,1,0.01
hana modelling,1,0.01
hana 2.0 architecture...,1,0.01
hajj and umrah packages...,1,0.01
vdi,1,0.01
vba developer,1,0.01
vb.net developer,1,0.01
vb developer,1,0.01
vave...,1,0.01
vat...,1,0.01
varnish...,1,0.01
variance,1,0.01
var modeling,1,0.01
vendor,1,0.01
vehicle sales...,1,0.01
advertising trafficker,1,0.01
advertising agency,1,0.01
advertisement...,1,0.01
advanced pricing,1,0.01
advanced ms excel,1,0.01
advanced customer insight...,1,0.01
vehicle dynamics,1,0.01
vehicle,1,0.01
veam,1,0.01
harness design,1,0.01
hardware procurement,1,0.01
hardware engineering...,1,0.01
hardware development...,1,0.01
hardware design,1,0.01
hadoop administrator,1,0.01
haccp...,1,0.01
h1b visa processing,1,0.01
h1b visa,1,0.01
h1b sales,1,0.01
h1b immigration,1,0.01
guru,1,0.01
vertex...,1,0.01
version...,1,0.01
verbal...,1,0.01
venture capital...,1,0.01
vendor qualification,1,0.01
vendor negotiation,1,0.01
vendor licensing,1,0.01
vendor evaluation...,1,0.01
vendor audit,1,0.01
video analyst,1,0.01
vibration analysis,1,0.01
advanced,1,0.01
advance sas,1,0.01
advance predictive analytics,1,0.01
advance excel analyst,1,0.01
advance analytics,1,0.01
adso...,1,0.01
adsense,1,0.01
ads agency,1,0.01
adp mainframe,1,0.01
adp,1,0.01
adobe suite,1,0.01
adobe site catalyst,1,0.01
hadoop hdfs,1,0.01
hadoop architect,1,0.01
gearbox,1,0.01
gear box,1,0.01
gds...,1,0.01
gdpr,1,0.01
gcr fso - analyst,1,0.01
gcp,1,0.01
gcc,1,0.01
gc...,1,0.01
gui development,1,0.01
visual c#,1,0.01
visual basic...,1,0.01
visual,1,0.01
vistex,1,0.01
visa processing,1,0.01
viewership...,1,0.01
video editing,1,0.01
vmware esx,1,0.01
vms...,1,0.01
vms,1,0.01
vm ware...,1,0.01
vlan...,1,0.01
visualizing,1,0.01
adobe premiere pro,1,0.01
adobe cq5,1,0.01
adobe campaign specialist,1,0.01
adobe acrobat...,1,0.01
visualization...,1,0.01
visualisations,1,0.01
visual...,1,0.01
gurgaon...,1,0.01
gurgaon,1,0.01
gems,1,0.01
gts,1,0.01
group sales,1,0.01
group lead,1,0.01
group finance,1,0.01
ground staff activities,1,0.01
grievances...,1,0.01
greek,1,0.01
grc,1,0.01
adla...,1,0.01
adl...,1,0.01
adl documentation,1,0.01
adhoc testing,1,0.01
adfs,1,0.01
adf developer,1,0.01
voice analyst,1,0.01
vmware vsphere,1,0.01
vxml,1,0.01
vulnerability tools...,1,0.01
vulnerability management...,1,0.01
vulnerability analyses and risk assessments...,1,0.01
vugen,1,0.01
vuejs,1,0.01
vtp,1,0.01
vr developer,1,0.01
vr content,1,0.01
voucher entry...,1,0.01
volume hiring,1,0.01
voice support...,1,0.01
voice research,1,0.01
voice quality,1,0.01
guest posting,1,0.01
guest blogging,1,0.01
general manager services sales...,1,0.01
general administration,1,0.01
general accounting...,1,0.01
graphic design,1,0.01
graph,1,0.01
grafana,1,0.01
gradute...,1,0.01
graduates...,1,0.01
graduates legal,1,0.01
adapters,1,0.01
adams,1,0.01
ad...,1,0.01
ad trafficker,1,0.01
ad server,1,0.01
ad operations executive...,1,0.01
wages,1,0.01
water validation,1,0.01
water treatment,1,0.01
water sampling & analysis,1,0.01
water,1,0.01
waste water treatment...,1,0.01
waste management,1,0.01
warranty,1,0.01
warehouse...,1,0.01
warehouse operations analyst,1,0.01
wamp,1,0.01
wallet,1,0.01
walkin,1,0.01
walk - in,1,0.01
wages...,1,0.01
generators,1,0.01
general manager...,1,0.01
german,1,0.01
geotechnical engineering,1,0.01
geometry,1,0.01
geographical information system analyst,1,0.01
genre expert,1,0.01
genome,1,0.01
geneva,1,0.01
actuarial manager,1,0.01
active server pages,1,0.01
active pharmaceutical ingredient...,1,0.01
active directory...,1,0.01
active directory administration...,1,0.01
active directory administration,1,0.01
wbt...,1,0.01
wbs,1,0.01
watson,1,0.01
acrobat...,1,0.01
acl,1,0.01
accounts...,1,0.01
accounts reconciliation...,1,0.01
accounts reconciliation,1,0.01
accounts receivable executive...,1,0.01
accounts receivable calling,1,0.01
web analytics manage,1,0.01
web analytic,1,0.01
web analyst,1,0.01
web 2.0,1,0.01
wealth...,1,0.01
graduate...,1,0.01
giacitil v2 or v3 foundations training...,1,0.01
ggsiu,1,0.01
german language specialist...,1,0.01
accounts assistant,1,0.01
accounts & finance executive...,1,0.01
web research...,1,0.01
web programming,1,0.01
web production,1,0.01
web platform...,1,0.01
web metrics...,1,0.01
web knowledge...,1,0.01
web hosting support,1,0.01
web hosting production support...,1,0.01
web forms,1,0.01
web developer,1,0.01
web designer,1,0.01
web design,1,0.01
web content writing,1,0.01
web application security,1,0.01
gpp,1,0.01
gpio,1,0.01
gpc,1,0.01
google webmaster...,1,0.01
google webmaster tools...,1,0.01
google tag manager...,1,0.01
"google tag manager"" or ""...",1,0.01
google tag management,1,0.01
google shopping...,1,0.01
google play store,1,0.01
google forms...,1,0.01
accounts payable executive,1,0.01
accounts payable analyst...,1,0.01
accounts manager...,1,0.01
accounts finalisation,1,0.01
accounts assistant...,1,0.01
accounting entries...,1,0.01
accountancy...,1,0.01
account services,1,0.01
account relationship management...,1,0.01
account receivable,1,0.01
account planning,1,0.01
web trends...,1,0.01
web trends,1,0.01
web testing,1,0.01
web services os,1,0.01
web servers,1,0.01
accounts receivable caller,1,0.01
genetics,1,0.01
genesys framework,1,0.01
graduate fresher...,1,0.01
gpu o,1,0.01
wifi,1,0.01
wholesale banking...,1,0.01
whitebox testing,1,0.01
white paper,1,0.01
wfm...,1,0.01
wfm software,1,0.01
wfm analyst...,1,0.01
wfm analysis,1,0.01
websphere mq...,1,0.01
website analysis...,1,0.01
webservices...,1,0.01
webmaster,1,0.01
webinspect,1,0.01
webform,1,0.01
webfocus,1,0.01
webdynpro...,1,0.01
windows 8,1,0.01
account manager,1,0.01
account executive,1,0.01
account development...,1,0.01
accessories...,1,0.01
access...,1,0.01
access control system,1,0.01
access control,1,0.01
acccounts...,1,0.01
academics,1,0.01
windows 10,1,0.01
window,1,0.01
windchill,1,0.01
wind energy,1,0.01
wind,1,0.01
win forms,1,0.01
google cloud rackspace...,1,0.01
google cloud platform,1,0.01
google cloud computing platform...,1,0.01
google cloud computing,1,0.01
google apps...,1,0.01
google apps,1,0.01
google app engine,1,0.01
"google analytics"" or",1,0.01
google analytics analyst specialist,1,0.01
google analytics & webmasters...,1,0.01
google adwordspage,1,0.01
google adwords professional...,1,0.01
good presentation and behavioral skills,1,0.01
good knowledge in codeigniter,1,0.01
good communications skills written & oral...,1,0.01
windows 8.1,1,0.01
good communication,1,0.01
good analytical skills,1,0.01
golden source,1,0.01
go,1,0.01
gnm,1,0.01
wmr analytics...,1,0.01
wires,1,0.01
wireline services,1,0.01
wire transfer,1,0.01
winform,1,0.01
windows os...,1,0.01
windows mobile...,1,0.01
windows application,1,0.01
windows administration...,1,0.01
windows administration,1,0.01
google cloud specialist,1,0.01
work force management analyst,1,0.01
work flow management analyst...,1,0.01
work flow management,1,0.01
wordpress developer...,1,0.01
word vba,1,0.01
academic...,1,0.01
academic trainer...,1,0.01
academic counsellor,1,0.01
academic content...,1,0.01
academic analyst...,1,0.01
abstraction,1,0.01
abc analysis...,1,0.01
abaqus...,1,0.01
wood,1,0.01
wns...,1,0.01
good communication skill,1,0.01
workforce analyst...,1,0.01
workforce analyst,1,0.01
workforce analysis,1,0.01
workflow management,1,0.01
workflow design,1,0.01
workday reporting analyst,1,0.01
workday reporting,1,0.01
workday hris,1,0.01
workday hcm implementation...,1,0.01
workday hcm,1,0.01
workday consultant,1,0.01
workday configuration,1,0.01
work sampling,1,0.01
work permit...,1,0.01
work order,1,0.01
work measurement,1,0.01
gis...,1,0.01
gis technician,1,0.01
gis software,1,0.01
gis information system,1,0.01
gis engineer,1,0.01
global...,1,0.01
global service desk,1,0.01
global selling,1,0.01
global procurement...,1,0.01
global delivery...,1,0.01
worksheet,1,0.01
working...,1,0.01
working drawings,1,0.01
working capital finance,1,0.01
workforce reporting...,1,0.01
workforce planning,1,0.01
wsdl,1,0.01
zonal credit manager,1,0.01
zonal,1,0.01
xslfo,1,0.01
xsjs,1,0.01
xrf...,1,0.01
xilinx...,1,0.01
xilinx,1,0.01
xbrl tagging...,1,0.01
8076014360,1,0.01
802.1q...,1,0.01
7qc,1,0.01
global calling...,1,0.01
glassfish...,1,0.01
glassfish,1,0.01
zfs,1,0.01
1120,1,0.01
1065,1,0.01
1040,1,0.01
10,1,0.01
5g base,1,0.01
5g,1,0.01
3gpp,1,0.01
3ds max,1,0.01
3dmax,1,0.01
3d printing...,1,0.01
3d modelling...,1,0.01
3d image,1,0.01
x86...,1,0.01
x - ray search,1,0.01
x - ray,1,0.01
wtp,1,0.01
