job_role,top_skills,skill_count,role_skill_demand,required_skills,priority_score
business analyst,"business analysis, business analyst, user stories, outsourcing, business process, analytics, brd, excel, requirements management, use cases",10,152,"business analysis, business analyst, user stories, outsourcing, business process, analytics, brd, excel, requirements management, use cases",100.0
data scientist,"python, machine learning, deep learning, data mining, data science, data scientist, sql, data analysis, nlp, hadoop",10,145,"python, machine learning, deep learning, data mining, data science, data scientist, sql, data analysis, nlp, hadoop",95.39
digital marketing manager,"digital marketing, seo, sem, google analytics..., online marketing, display advertising, google analytics, email marketing, smo, social media",10,117,"digital marketing, seo, sem, google analytics..., online marketing, display advertising, google analytics, email marketing, smo, social media",76.97
home base job/ data entry/online work/part time work/freelancer work,"data entry, freelancing, part time, present job, work from home...",5,225,"data entry, freelancing, part time, present job, work from home...",74.01
data analyst,"data analysis, sql, data analytics, excel, data analyst, advanced excel, data analysis..., analytics, data modeling, macros",10,104,"data analysis, sql, data analytics, excel, data analyst, advanced excel, data analysis..., analytics, data modeling, macros",68.42
digital marketing executive,"digital marketing, seo, sem, google adwords, online marketing, internet marketing, online marketing..., ppc, social media marketing, display advertising",10,90,"digital marketing, seo, sem, google adwords, online marketing, internet marketing, online marketing..., ppc, social media marketing, display advertising",59.21
microsoft advanced analytics,"microsoft, business process, outsourcing, operations..., business intelligence, coding, outsourcing..., sql, data analysis, data mining",10,89,"microsoft, business process, outsourcing, operations..., business intelligence, coding, outsourcing..., sql, data analysis, data mining",58.55
program control services,"outsourcing, analytics, project management, operations, ..., financial analysis, visual basic, automation, operations..., outsourcing...",10,87,"outsourcing, analytics, project management, operations, ..., financial analysis, visual basic, automation, operations..., outsourcing...",57.24
product manager,"product management, marketing, product strategy, product manager, product development, product management..., strategy, user experience, sales, user research",10,83,"product management, marketing, product strategy, product manager, product development, product management..., strategy, user experience, sales, user research",54.61
sap ui5 fiori development (html5 & java,"javascript, jquery, analytics, web development, xml, css3, front end..., agile, enterprise applications..., graphics",10,81,"javascript, jquery, analytics, web development, xml, css3, front end..., agile, enterprise applications..., graphics",53.29
microsoft modern data platform,"analytics, business intelligence, business process, coding, microsoft, ..., sql, outsourcing..., business process...",9,87,"analytics, business intelligence, business process, coding, microsoft, ..., sql, outsourcing..., business process...",51.51
seo analyst,"seo analysis, keyword research, google analytics, internet marketing, sem, seo, ppc, social media, digital marketing, ...",10,76,"seo analysis, keyword research, google analytics, internet marketing, sem, seo, ppc, social media, digital marketing, ...",50.0
seo executive,"seo, link building, seo analysis, keyword research, google analytics, smo, facebook, search engine optimization..., sem, seo executive",10,74,"seo, link building, seo analysis, keyword research, google analytics, smo, facebook, search engine optimization..., sem, seo executive",48.68
financial analyst,"financial analysis, finance, budgeting, financial planning, financial reporting..., taxation, accounting, financial analysis..., financial analyst, financial reporting",10,62,"financial analysis, finance, budgeting, financial planning, financial reporting..., taxation, accounting, financial analysis..., financial analyst, financial reporting",40.79
sas model developer - analytics consulting firm,"excel, sas, sql, data analysis, data mining, segmentation, spss...",7,87,"excel, sas, sql, data analysis, data mining, segmentation, spss...",40.07
application developer,"business process, outsourcing, analytics, business process..., python, coding, machine learning, data mining, monitoring, outsourcing...",10,60,"business process, outsourcing, analytics, business process..., python, coding, machine learning, data mining, monitoring, outsourcing...",39.47
lead backend developer - full stack - web apps & analytics,"aws, dbms, devops, full stack, ml, nlp engines, rest api stack..., web apps, api, ci",10,54,"aws, dbms, devops, full stack, ml, nlp engines, rest api stack..., web apps, api, ci",35.53
content writer,"articles, content writing, seo, google analytics, blogs, web content, digital marketing, html5, magento, php",10,54,"articles, content writing, seo, google analytics, blogs, web content, digital marketing, html5, magento, php",35.53
big data developer,"hadoop, big data, spark, hive, nosql, scala, sql, impala, java, sqoop",10,54,"hadoop, big data, spark, hive, nosql, scala, sql, impala, java, sqoop",35.53
data entry/home base job/ online work/part time work/freelancer work,"data entry, freelancing, part time, present job, work from home...",5,105,"data entry, freelancing, part time, present job, work from home...",34.54
manager - supply chain analytics - consulting firm,"inventory optimization, vba..., accounting, excel, ms access, sql server, supply chain, ..., ap, ar",10,52,"inventory optimization, vba..., accounting, excel, ms access, sql server, supply chain, ..., ap, ar",34.21
python scripting,"python, machine learning, outsourcing, business process, data mining, outsourcing..., analytical..., django, operations, analytics",10,52,"python, machine learning, outsourcing, business process, data mining, outsourcing..., analytical..., django, operations, analytics",34.21
senior data scientist,"python, data science, machine learning, sql, predictive analytics, ..., data mining..., hadoop, java, nlp",10,51,"python, data science, machine learning, sql, predictive analytics, ..., data mining..., hadoop, java, nlp",33.55
consultant - customer analytics - iit/iim/bits/nit/sp jain/mdi,"customer analytics, advanced analytics..., data analytics..., iim, marketing automation, sas, statistical modeling, tableau",8,63,"customer analytics, advanced analytics..., data analytics..., iim, marketing automation, sas, statistical modeling, tableau",33.16
aws architect,"outsourcing, ..., linux, network security, salesforce, troubleshooting, windows, advanced analytics, operations, technical support...",10,50,"outsourcing, ..., linux, network security, salesforce, troubleshooting, windows, advanced analytics, operations, technical support...",32.89
analytics manager,"data analysis, hive, machine learning..., nosql, python, sql, text mining, analytics manager, customer analytics, data analytics",10,49,"data analysis, hive, machine learning..., nosql, python, sql, text mining, analytics manager, customer analytics, data analytics",32.24
quantitative analyst - hft,"algorithms, data structures, analytics, c++, programming, time series..., hft, quantitative analyst, ..., computer science",10,49,"algorithms, data structures, analytics, c++, programming, time series..., hft, quantitative analyst, ..., computer science",32.24
hr executive,"hr, onboarding, induction, compensation, hr operations, payroll management..., exit formalities, recruitment, employee engagement, induction training",10,49,"hr, onboarding, induction, compensation, hr operations, payroll management..., exit formalities, recruitment, employee engagement, induction training",32.24
senior manager - retail analytics - analytics firm,"anova, chaid, data analytics, excel..., logistic regression, sas",6,78,"anova, chaid, data analytics, excel..., logistic regression, sas",30.79
quality analyst,"feedback, quality analysis, quality analyst, call monitoring, sql, qa, ..., automation testing, call audit..., call quality",10,45,"feedback, quality analysis, quality analyst, call monitoring, sql, qa, ..., automation testing, call audit..., call quality",29.61
machine learning engineer,"machine learning, python, deep learning, nlp, workflow, ..., algorithms, algorithms..., business process..., business strategy...",10,44,"machine learning, python, deep learning, nlp, workflow, ..., algorithms, algorithms..., business process..., business strategy...",28.95
business development manager,"business development management, ..., sales, business development, crm, events, marketing, marketing analytics, marketing strategy, bdm",10,44,"business development management, ..., sales, business development, crm, events, marketing, marketing analytics, marketing strategy, bdm",28.95
senior consultant - data analytics,"excel, predictive analytics, sql, data analytics..., data visualization, data analytics, sas..., statistical analysis",8,54,"excel, predictive analytics, sql, data analytics..., data visualization, data analytics, sas..., statistical analysis",28.42
big data architect,"hadoop, cloudera, spark, big data, hbase, hdfs, hive, ..., apache pig, cassandra",10,43,"hadoop, cloudera, spark, big data, hbase, hdfs, hive, ..., apache pig, cassandra",28.29
data engineer,"sql, python, analytics, etl, javascript, automation, data analysis, data extraction, hadoop, machine learning",10,42,"sql, python, analytics, etl, javascript, automation, data analysis, data extraction, hadoop, machine learning",27.63
senior associate vice president - retail/media analytics - iit/iim/nit,"analytics, banking, problem solving, retail business, sas..., team leading, media analytics, retail, retail analytics, sas",10,42,"analytics, banking, problem solving, retail business, sas..., team leading, media analytics, retail, retail analytics, sas",27.63
financial controller,"finance, financial control, auditing, budgeting..., taxation, budgeting, auditing..., business accounting, cash flow..., financial reporting",10,41,"finance, financial control, auditing, budgeting..., taxation, budgeting, auditing..., business accounting, cash flow..., financial reporting",26.97
vp - engineering/ cto - ecommerce startup - iit/ nit/ bits,"android, front end, html, java, javascript, jquery, open source, php, sql...",9,45,"android, front end, html, java, javascript, jquery, open source, php, sql...",26.64
java analytics engineer - webservices/cloud computing,"aws..., bash, elastic search, java, openstack, python, rest, spark, sql",9,45,"aws..., bash, elastic search, java, openstack, python, rest, spark, sql",26.64
splunk,"analytics, business process, outsourcing, project delivery..., cobol, configuration management, db2, jcl, monitoring..., operations...",10,40,"analytics, business process, outsourcing, project delivery..., cobol, configuration management, db2, jcl, monitoring..., operations...",26.32
marketing manager,"digital marketing, display advertising, marketing campaigns, sales, seo, google analytics, market research, marketing, marketing automation, marketing management",10,40,"digital marketing, display advertising, marketing campaigns, sales, seo, google analytics, market research, marketing, marketing automation, marketing management",26.32
maximo,"..., analytical, business process, maximo, operations, outsourcing, supervision",7,56,"..., analytical, business process, maximo, operations, outsourcing, supervision",25.79
software engineer,"javascript, software engineering, c++, software development, analytics, html, java, php, software engineering..., .net",10,39,"javascript, software engineering, c++, software development, analytics, html, java, php, software engineering..., .net",25.66
hadoop,"outsourcing, business process, analytics, amazon ec2..., coding, git, linux, monitoring, operations..., python",10,39,"outsourcing, business process, analytics, amazon ec2..., coding, git, linux, monitoring, operations..., python",25.66
lead analytics - data modelling,"big data..., cassandra, data science, mapreduce, nosql, scala, spark, sql",8,48,"big data..., cassandra, data science, mapreduce, nosql, scala, spark, sql",25.26
data scientist - machine learning - ecommerce/analytics firm - iit/nit,"data mining, java, machine learning, perl..., pig, python, scala, sql",8,48,"data mining, java, machine learning, perl..., pig, python, scala, sql",25.26
spark programming,"business process, outsourcing, python, sql, analytics, shell scripting, data structures, flume, operations, scala...",10,38,"business process, outsourcing, python, sql, analytics, shell scripting, data structures, flume, operations, scala...",25.0
business development executive,"business development, cold calling, lead generation..., online bidding, online marketing, outbound calling, outbound sales..., digital marketing, lead generation, sales process",10,38,"business development, cold calling, lead generation..., online bidding, online marketing, outbound calling, outbound sales..., digital marketing, lead generation, sales process",25.0
digital marketing specialist,"digital marketing, seo, online marketing, sem, display advertising, ..., google adwords, google analytics, google analytics..., web analytics...",10,38,"digital marketing, seo, online marketing, sem, display advertising, ..., google adwords, google analytics, google analytics..., web analytics...",25.0
mis executive,"mis, data analysis, excel, mis executive, advanced excel, formulas, mis reporting, report preparation, data collection, data management",10,37,"mis, data analysis, excel, mis executive, advanced excel, formulas, mis reporting, report preparation, data collection, data management",24.34
big data engineer,"hadoop, hive, spark, hbase, hdfs, cloudera, flume, pig, sqoop, big data",10,37,"hadoop, hive, spark, hbase, hdfs, cloudera, flume, pig, sqoop, big data",24.34
salesforce marketing cloud,"adobe, analytics, automation, salesforce, business process, outsourcing..., client management..., outsourcing, unica campaign...",9,40,"adobe, analytics, automation, salesforce, business process, outsourcing..., client management..., outsourcing, unica campaign...",23.68
senior software engineer,"javascript, core java, java, networking, python, data analytics..., device drivers, firmware, linux kernel, rest",10,36,"javascript, core java, java, networking, python, data analytics..., device drivers, firmware, linux kernel, rest",23.68
senior business analyst,"business analysis, business analyst, business analytics, data analytics, excel, gui testing, interface testing..., omniture, r..., sas",10,36,"business analysis, business analyst, business analytics, data analytics, excel, gui testing, interface testing..., omniture, r..., sas",23.68
python developer,"python, django, javascript, mysql, front end, html, analytics, ansible, azure, deep learning",10,35,"python, django, javascript, mysql, front end, html, analytics, ansible, azure, deep learning",23.03
voice / non - voice inbound / call centre / bpo / fresher / data entry,"bpo, call center, calling, data entry..., inbound, night shift, non voice",7,49,"bpo, call center, calling, data entry..., inbound, night shift, non voice",22.57
technical architect - big data technologies,"big data, cost benefit analysis, hadoop, hive, kafka, samza, spark",7,49,"big data, cost benefit analysis, hadoop, hive, kafka, samza, spark",22.57
decision analytics manager - heor,"analytics..., health economics, healthcare, heor, pharma, real world data, rwe",7,49,"analytics..., health economics, healthcare, heor, pharma, real world data, rwe",22.57
business technology,"automation, agile, application development, outsourcing..., sap, business strategy, business..., consulting, microsoft, operations...",10,34,"automation, agile, application development, outsourcing..., sap, business strategy, business..., consulting, microsoft, operations...",22.37
assistant vice president - insurance analytics,"insurance analytics, model development, team management..., planning, sas, python, life insurance, logistic regression...",8,42,"insurance analytics, model development, team management..., planning, sas, python, life insurance, logistic regression...",22.11
big data architect - data and analytics,"cloudera, data science, hadoop, hive, impala, java, presales..., spark",8,40,"cloudera, data science, hadoop, hive, impala, java, presales..., spark",21.05
lead analytics-data modelling,"big data..., cassandra, data science, mapreduce, nosql, scala, spark, sql",8,40,"big data..., cassandra, data science, mapreduce, nosql, scala, spark, sql",21.05
associate vice president - analytics - sas - bank,"analytics, analytics head, sas, banking, insurance",5,63,"analytics, analytics head, sas, banking, insurance",20.72
sap,"agile, analytics, business strategy, outsourcing, sap, operations..., oracle, delivery..., operations",9,35,"agile, analytics, business strategy, outsourcing, sap, operations..., oracle, delivery..., operations",20.72
senior product manager,"product management, product strategy, ..., marketing, product manager, sales, business case..., design & development..., market analysis, new product launch...",10,31,"product management, product strategy, ..., marketing, product manager, sales, business case..., design & development..., market analysis, new product launch...",20.39
full stack developer,"java, javascript, node.js, python, c#, c++, j2ee, lisp, scala..., software engineering",10,31,"java, javascript, node.js, python, c#, c++, j2ee, lisp, scala..., software engineering",20.39
looking for freshers who want to work with us,"freelancer..., home base, offline, online, part time, work from home, internet",7,44,"freelancer..., home base, offline, online, part time, work from home, internet",20.26
head - trading - market making/high frequency trading - iit/nit/bits,"high frequency trading, trading, head - trading, market maker..., market making, quant trader, quant..., quantitative trading, trader",9,34,"high frequency trading, trading, head - trading, market maker..., market making, quant trader, quant..., quantitative trading, trader",20.13
manager/senior manager - analytics - startup,"campaign analytics, marketing analytics, sales analytics, sales forecasting..., analytics, consulting, manager - analytics, marketing analytics..., python",9,34,"campaign analytics, marketing analytics, sales analytics, sales forecasting..., analytics, consulting, manager - analytics, marketing analytics..., python",20.13
sr. systems analyst,"big data, client interaction, machine learning, senior analyst, spark, android, application development framework, jms, senior system analyst..., siebel scripting...",10,30,"big data, client interaction, machine learning, senior analyst, spark, android, application development framework, jms, senior system analyst..., siebel scripting...",19.74
senior scientist/ nlp/ machine learning/ data mining professional,"data mining, machine learning, nlp, software engineering, c++, linux..., matlab, perl, python..., sas",10,30,"data mining, machine learning, nlp, software engineering, c++, linux..., matlab, perl, python..., sas",19.74
java - bigdata architect,"akka, big..., cassandra, jms, nosql, oracle database, python, scala, solr, sql",10,30,"akka, big..., cassandra, jms, nosql, oracle database, python, scala, solr, sql",19.74
net developer required at edynamic- gurgaon,"..., .net remoting, ajax, asp.net, css, javascript, jquery, linq, mvc, wcf",10,30,"..., .net remoting, ajax, asp.net, css, javascript, jquery, linq, mvc, wcf",19.74
seo specialist,"seo, sem, customer acquisition, development, keyword analysis, link building..., ppc..., search engine optimization, tools, website",10,30,"seo, sem, customer acquisition, development, keyword analysis, link building..., ppc..., search engine optimization, tools, website",19.74
mule enterprise service bus (esb,"outsourcing, coding, business process, operations..., ..., application integration, business analyst, operations, project delivery, soa",10,30,"outsourcing, coding, business process, operations..., ..., application integration, business analyst, operations, project delivery, soa",19.74
android developer,"android, core java, android studio, java, xml, algorithms..., design patterns, eclipse ide, git, json",10,29,"android, core java, android studio, java, xml, algorithms..., design patterns, eclipse ide, git, json",19.08
program manager,"program management, project management, scope..., ..., big data, block chain, iot, operations, pmi, product portfolio...",10,29,"program management, project management, scope..., ..., big data, block chain, iot, operations, pmi, product portfolio...",19.08
java developer,"java, hibernate, j2ee, spring, core java, core java programmer..., gradle, java developer, java programmer, jaxb",10,29,"java, hibernate, j2ee, spring, core java, core java programmer..., gradle, java developer, java programmer, jaxb",19.08
finance manager,"accounting, budgeting, finance, auditing, forecasting..., taxation, finance control, plant controlling..., standard costing, variance analysis",10,29,"accounting, budgeting, finance, auditing, forecasting..., taxation, finance control, plant controlling..., standard costing, variance analysis",19.08
application lead,"python, machine learning, outsourcing, operations, outsourcing..., ..., analytics, artificial intelligence, data mining, microsoft",10,29,"python, machine learning, outsourcing, operations, outsourcing..., ..., analytics, artificial intelligence, data mining, microsoft",19.08
senior associate,"consulting, assurance, ..., analytical, analytical..., analytics, auditing, business development, cloud solutions, financial analysis",10,29,"consulting, assurance, ..., analytical, analytical..., analytics, auditing, business development, cloud solutions, financial analysis",19.08
data scientist - c++/java - iit,"c++, java, programming, data scientist, algorithms, analytics, data science, data structures, data structures..., mathematics...",10,29,"c++, java, programming, data scientist, algorithms, analytics, data science, data structures, data structures..., mathematics...",19.08
informatica business analysts,"data warehousing, etl, informatica, oracle, pentaho..., sql queries",6,48,"data warehousing, etl, informatica, oracle, pentaho..., sql queries",18.95
exl: market analytics - m - ahmedabad,"..., advanced excel, customer segmentation, marketing analytics, sales, sas sql",6,48,"..., advanced excel, customer segmentation, marketing analytics, sales, sas sql",18.95
backend developer,"algorithms, django, elastic search, hadoop, java, python, redis, api, backend developer, data structures",10,28,"algorithms, django, elastic search, hadoop, java, python, redis, api, backend developer, data structures",18.42
research analyst,"research analysis, business research, market research, market sizing, research analysis..., secondary research, conducting interviews, finance, financial statement analysis, management consulting",10,28,"research analysis, business research, market research, market sizing, research analysis..., secondary research, conducting interviews, finance, financial statement analysis, management consulting",18.42
tableau developer,"sql, tableau, analytics, business intelligence, data visualization, data warehousing, angularjs, data analytics, data..., mongodb",10,28,"sql, tableau, analytics, business intelligence, data visualization, data warehousing, angularjs, data analytics, data..., mongodb",18.42
technical architect,"hadoop, java, javascript, mongodb, postgres, python..., rabbitmq, rest, ruby",9,30,"hadoop, java, javascript, mongodb, postgres, python..., rabbitmq, rest, ruby",17.76
marketing executive,"marketing campaigns, promotions, events, market analysis, social media, advertising, data analytics..., market research..., marketing, prospecting",10,27,"marketing campaigns, promotions, events, market analysis, social media, advertising, data analytics..., market research..., marketing, prospecting",17.76
quant trader - bfsi,"quant trader, trading, algorithms, data structures, research, algorithms..., data structures..., trader",8,33,"quant trader, trading, algorithms, data structures, research, algorithms..., data structures..., trader",17.37
devops,"operations, outsourcing, ..., analytics, coding, linux, monitoring, python, ssl",9,29,"operations, outsourcing, ..., analytics, coding, linux, monitoring, python, ssl",17.17
project manager,"project management, program management, scrum master, azure, c#, etl, go getter..., machine learning, nlp, people management",10,26,"project management, program management, scrum master, azure, c#, etl, go getter..., machine learning, nlp, people management",17.11
senior ios developer,"ios, objective c, swift, analytical skills..., apple, interface builder, json, key skills, rest, software development...",10,26,"ios, objective c, swift, analytical skills..., apple, interface builder, json, key skills, rest, software development...",17.11
assistant manager - revenue & pricing strategy,"pricing strategy, pricing, ..., b2b sales, consulting, consulting..., inventory management, p&l, pricing strategies..., process optimization",10,26,"pricing strategy, pricing, ..., b2b sales, consulting, consulting..., inventory management, p&l, pricing strategies..., process optimization",17.11
senior manager - claim analytics - kpo,"correlation, segmentation, analytics..., claim analytics  manager, clustering..., excel, problem solving, statistics",8,32,"correlation, segmentation, analytics..., claim analytics  manager, clustering..., excel, problem solving, statistics",16.84
hcl - hiring for scm - procurement,"procurement, purchase, supplier management, ariba buyer, e - sourcing, procurement officer..., project management, purchase order..., rfp",9,28,"procurement, purchase, supplier management, ariba buyer, e - sourcing, procurement officer..., project management, purchase order..., rfp",16.58
consultant - data analytics - kpo,"analytic..., correlation, data analytics, linear regression, sas, statistics",6,42,"analytic..., correlation, data analytics, linear regression, sas, statistics",16.58
business analyst - banking/retail analytics (canada,"business analysis, data analytics, excel, retail analytics, sas, vba...",6,42,"business analysis, data analytics, excel, retail analytics, sas, vba...",16.58
security architect,"outsourcing, ..., linux, network security, salesforce, troubleshooting, windows, operations..., performance management",9,28,"outsourcing, ..., linux, network security, salesforce, troubleshooting, windows, operations..., performance management",16.58
bigdata developer,"spark, hadoop, hive, nosql, ..., cassandra..., core java, mapreduce, scala, sql queries",10,25,"spark, hadoop, hive, nosql, ..., cassandra..., core java, mapreduce, scala, sql queries",16.45
data architect,"hadoop, hive, mapreduce, spark, sqoop, cloud, design engineering, iaas, leadership, mysql",10,25,"hadoop, hive, mapreduce, spark, sqoop, cloud, design engineering, iaas, leadership, mysql",16.45
technical manager,"credit risk, finance, financial modelling..., portfolio analysis, valuation",5,50,"credit risk, finance, financial modelling..., portfolio analysis, valuation",16.45
associate vice president - analytics - credit cards - iim/isi/iisc/mdi,"banking analytics, business intelligence..., credit cards, team leading, analytics, banking, people management, sas",8,31,"banking analytics, business intelligence..., credit cards, team leading, analytics, banking, people management, sas",16.32
data entry and typing jobs (online/offline) - up to rs.1500/- per day,"..., content writing, data entry operation, excel, freelancing, notepad, typing",7,35,"..., content writing, data entry operation, excel, freelancing, notepad, typing",16.12
avp - ifrs9 - wholesale impairments analytics team,"..., accounting, basel ii, credit risk, finance, risk analytics, stress testing",7,35,"..., accounting, basel ii, credit risk, finance, risk analytics, stress testing",16.12
consultant ( java,"java, junit, rest apis, soap, spring boot, spring core, spring data...",7,35,"java, junit, rest apis, soap, spring boot, spring core, spring data...",16.12
hiring core nlp engineer for a top data analytic mnc in pune,"css, html, java, machine learning, nlp, parser..., python",7,35,"css, html, java, machine learning, nlp, parser..., python",16.12
business analyst/data analytics expert - r/python/matlab,"..., business analyst, data analytics, machine learning, matlab, python, sql",7,35,"..., business analyst, data analytics, machine learning, matlab, python, sql",16.12
senior big data developer - data warehousing/business intelligence,"css, data analysis..., dhtml, java, javascript, postgres, sql, velocity, xml",9,27,"css, data analysis..., dhtml, java, javascript, postgres, sql, velocity, xml",15.99
senior software developer - php framework,"ajax, css, html, javascript, mongodb, mysql, node.js, php, postgresql...",9,27,"ajax, css, html, javascript, mongodb, mysql, node.js, php, postgresql...",15.99
snaplogic,"analytics..., debugging, http, json, mysql, python, sql, workflow, xml",9,27,"analytics..., debugging, http, json, mysql, python, sql, workflow, xml",15.99
associate technical architect - java/j2ee,"core java, j2ee, jboss, jdbc, jsp, rest, soap..., spring mvc, tomcat",9,27,"core java, j2ee, jboss, jdbc, jsp, rest, soap..., spring mvc, tomcat",15.99
mega walk-in at ntt data gurgaon!! kyc/ aml process!!5th nov- monday,"..., accounting, aml, anti money laundering, b com fresher, b.a, bba, bcom, kyc",9,27,"..., accounting, aml, anti money laundering, b com fresher, b.a, bba, bcom, kyc",15.99
cloudiq - principal software engineer,"angularjs, front..., git, html, java, javascript, json, rest, spring framework",9,27,"angularjs, front..., git, html, java, javascript, json, rest, spring framework",15.99
sap businessobjects data services,"business process, outsourcing, abap, analytics, customer relationship..., data migration, data quality, fico, outsourcing..., rdbms",10,24,"business process, outsourcing, abap, analytics, customer relationship..., data migration, data quality, fico, outsourcing..., rdbms",15.79
trading head - market making/high frequency trading - iit/nit/bits,"high frequency trading, trading head, trading, post trade analytics, market maker, quant trader..., trade analytics..., trader",8,30,"high frequency trading, trading head, trading, post trade analytics, market maker, quant trader..., trade analytics..., trader",15.79
sr. software engineer,"hadoop, hive, software engineering, spark, core java, data analytics, hdfs, java, microservices..., rest",10,24,"hadoop, hive, software engineering, spark, core java, data analytics, hdfs, java, microservices..., rest",15.79
software engineer iii - big data analytics,"core java, html, jsp, mysql, hadoop, hdfs, jee, jms, maven, mr...",10,24,"core java, html, jsp, mysql, hadoop, hdfs, jee, jms, maven, mr...",15.79
lead/head - product management - ecommerce - iit/nit/iim/xlri/fms,"marketing..., merchandising, product management, seo strategy, customer experience, digital marketing, iim..., sales, seo, web analytics",10,24,"marketing..., merchandising, product management, seo strategy, customer experience, digital marketing, iim..., sales, seo, web analytics",15.79
ssis developer,"ssis, ms sql server, data analysis, data modeling, data warehousing, datawarehouse..., etl, microsoft sql server..., ms sql server developer, t - sql",10,24,"ssis, ms sql server, data analysis, data modeling, data warehousing, datawarehouse..., etl, microsoft sql server..., ms sql server developer, t - sql",15.79
r&d expert - nlp/machine learning - java/c#/c++/python/perl,"c++, java, algorithms..., c#, data structures, machine learning, natural language processing, nlp, perl..., python",10,24,"c++, java, algorithms..., c#, data structures, machine learning, natural language processing, nlp, perl..., python",15.79
tech mahindra is hiring for voice process for pune & mumbai.(tn,"international bpo, customer service, voice process, lead generation..., research analyst, business development executive, voice process...",7,34,"international bpo, customer service, voice process, lead generation..., research analyst, business development executive, voice process...",15.66
acn - digital - analytics operations analytics,"data analysis, logistics, sap, sql, supply chain, ..., asset management, oracle",8,29,"data analysis, logistics, sap, sql, supply chain, ..., asset management, oracle",15.26
dot net developer,"c#, javascript, wcf, .net framework..., ajax, jquery, json, mvc, sql server, stored procedures",10,23,"c#, javascript, wcf, .net framework..., ajax, jquery, json, mvc, sql server, stored procedures",15.13
analytics consultant,"python, business analytics, data visualization..., r programming, sql, big data..., machine learning, predictive analytics, sales",9,25,"python, business analytics, data visualization..., r programming, sql, big data..., machine learning, predictive analytics, sales",14.8
ts- us- senior analyst,"accounting, cash flow, finance, financial analysis, financial planning, report preparation, financial planning..., mergers and acquisitions, statutory...",9,25,"accounting, cash flow, finance, financial analysis, financial planning, report preparation, financial planning..., mergers and acquisitions, statutory...",14.8
big data architect - data analytics/data modeling,"big data, data analytics, data management..., data modeling, poc",5,45,"big data, data analytics, data management..., data modeling, poc",14.8
"software development engineering, analyst","application support, flex, lan, mvc, sdlc, wcf, coding..., sql",8,28,"application support, flex, lan, mvc, sdlc, wcf, coding..., sql",14.74
tech lead - full stack developer - ruby on rails/mvc,"css, html, javascript, jquery, angularjs, bootstrap, phonegap, php...",8,28,"css, html, javascript, jquery, angularjs, bootstrap, phonegap, php...",14.74
senior manager - ccar modeling - kpo,"data analysis..., basel, ccar, model validation, risk management, sas sql",6,37,"data analysis..., basel, ccar, model validation, risk management, sas sql",14.61
presales consultant,"rfp, analytical, analytical skills..., analytics, cms, compliance management..., engineering services, nda, service industry, sow",10,22,"rfp, analytical, analytical skills..., analytics, cms, compliance management..., engineering services, nda, service industry, sow",14.47
head - hr shared services + payroll +hr operations - real estate,"payroll, hr, hr operations, budgeting, compensation..., head - hr, head - hr shared services, hr operations..., payroll ops",9,24,"payroll, hr, hr operations, budgeting, compensation..., head - hr, head - hr shared services, hr operations..., payroll ops",14.21
data engineer - data modelling/sql/big data - consulting firm,"big data, data engineer, data modelling, relational databases, sql, hadoop, ..., azkaban...",8,27,"big data, data engineer, data modelling, relational databases, sql, hadoop, ..., azkaban...",14.21
manager/senior manager - big data analytics - banking domain,"big data analytics, data analysis..., hive, spark, sql, tableau",6,36,"big data analytics, data analysis..., hive, spark, sql, tableau",14.21
product manager/associate product manager - iit/nit/iim/mdi,"iim, product management, sales, b2b, b2c, marketing, marketing research, use cases..., user experience...",9,24,"iim, product management, sales, b2b, b2c, marketing, marketing research, use cases..., user experience...",14.21
senior manager - predictive modeling - sas - banking domain - iim/ iit,"logistic regression, predictive modeling, sas, lgd..., model validation, lgd, predictive analytics...",7,30,"logistic regression, predictive modeling, sas, lgd..., model validation, lgd, predictive analytics...",13.82
associate vice president - analytics - life insurance,"insurance analytics, life insurance, sas, analytics, analytics head..., analytics..., team leading",7,30,"insurance analytics, life insurance, sas, analytics, analytics head..., analytics..., team leading",13.82
assistant manager,"excel, financial services, investment banking, microsoft office, mis, mis..., ms excel, project management, risk..., sas",10,21,"excel, financial services, investment banking, microsoft office, mis, mis..., ms excel, project management, risk..., sas",13.82
hadoop administrator,"hive, analytics, application support, big data, capacity planning..., cloudera, flume, hadoop, hbase, oozie",10,21,"hive, analytics, application support, big data, capacity planning..., cloudera, flume, hadoop, hbase, oozie",13.82
store / logistics/ suply chain walk in interview,"analytical, communication skills, itil solving..., problem solving",4,52,"analytical, communication skills, itil solving..., problem solving",13.68
associate vice president - fraud analytics - sas - bank,"fraud analytics, people management skills, problem solving..., team leading",4,52,"fraud analytics, people management skills, problem solving..., team leading",13.68
assistant vice president - insurance analytics - p&c domain - sas/r,"insurance analytics, model development, predictive analytics, sas..., analytics, predictive analytics..., python, sas",8,26,"insurance analytics, model development, predictive analytics, sas..., analytics, predictive analytics..., python, sas",13.68
aim sbs apac,"consulting, econometrics, machine learning..., mining, operations research, customer retention..., financial services, forecasting, predictive modeling",9,23,"consulting, econometrics, machine learning..., mining, operations research, customer retention..., financial services, forecasting, predictive modeling",13.62
social media manager,"social media, digital marketing, advertising, content marketing, marketing, media management, sales..., social media marketing, twitter",9,23,"social media, digital marketing, advertising, content marketing, marketing, media management, sales..., social media marketing, twitter",13.62
actuarial associate - solvency ii,"analytical research, finance, general insurance, ifrs, risk analytics..., actuarial, analytics, insurance risk..., risk analytics",9,23,"analytical research, finance, general insurance, ifrs, risk analytics..., actuarial, analytics, insurance risk..., risk analytics",13.62
business intelligence expert - iit,"..., analytics, bi, business development, business intelligence, competitive intelligence, data mining..., market research, marketing, statistical analysis",10,20,"..., analytics, bi, business development, business intelligence, competitive intelligence, data mining..., market research, marketing, statistical analysis",13.16
specialized analytics analyst,"analytical..., analytics, balance sheet..., business analysis, deep learning..., factor analysis, financial analysis, financial services, forecasting, logistic regression",10,20,"analytical..., analytics, balance sheet..., business analysis, deep learning..., factor analysis, financial analysis, financial services, forecasting, logistic regression",13.16
senior network consulting engineer (r & s):: synophic systems:: mumbai,"asr 9k, asr9k, bgp, ccie, expect, l2, l2vpn, l3, mpls, networking",10,20,"asr 9k, asr9k, bgp, ccie, expect, l2, l2vpn, l3, mpls, networking",13.16
hiring for ios developer/sr. ios developer,"c#, c++, cocoa touch, ios, jquery, json, objective c, swift, wcf..., xml",10,20,"c#, c++, cocoa touch, ios, jquery, json, objective c, swift, wcf..., xml",13.16
hiring lead data engineer,"flume, hadoop, hive, impala, java..., oozie, solr, sql server, sqoop, ssrs",10,20,"flume, hadoop, hive, impala, java..., oozie, solr, sql server, sqoop, ssrs",13.16
lead big data engineer - java/python,"flume, hadoop, hbase, hdfs, hive, java, oozie, pig, spark, sqoop",10,20,"flume, hadoop, hbase, hdfs, hive, java, oozie, pig, spark, sqoop",13.16
senior specialist - big data/java/python,"flume, hadoop, hbase, hdfs, hive, java, oozie, pig, spark, sqoop",10,20,"flume, hadoop, hbase, hdfs, hive, java, oozie, pig, spark, sqoop",13.16
senior scala developer,"j2ee, java, jdbc, jsp, rest, scala, servlets, soap, spark, web services",10,20,"j2ee, java, jdbc, jsp, rest, scala, servlets, soap, spark, web services",13.16
software development engineer in test.senior,"agile, automation, dns, http, linux, networking, perl, python, tcp, unix",10,20,"agile, automation, dns, http, linux, networking, perl, python, tcp, unix",13.16
growth hacker,"crm sales..., digital marketing, display advertising..., email marketing, google adwords, google analytics, marketing budget, sem, seo, smm",10,20,"crm sales..., digital marketing, display advertising..., email marketing, google adwords, google analytics, marketing budget, sem, seo, smm",13.16
software backend engineer - python/ aws/ mongodb,"git, hadoop, java, mapreduce, mongodb, mysql, nosql, python, scala, spark",10,20,"git, hadoop, java, mapreduce, mongodb, mysql, nosql, python, scala, spark",13.16
software engineer - java/hadoop/mapreduce,"..., data structures, hadoop, hbase, hdfs, hive, java, mapreduce, oozie, pig",10,20,"..., data structures, hadoop, hbase, hdfs, hive, java, mapreduce, oozie, pig",13.16
senior cyber security analyst,"..., cyber security analyst, firewalls, ids, ip, ips, lan, routing, tcp, wan",10,20,"..., cyber security analyst, firewalls, ids, ip, ips, lan, routing, tcp, wan",13.16
devops/linux system engineer - aws/azure,"aws, kvm, mongodb, mysql, open source, openstack, perl, php, puppet, python",10,20,"aws, kvm, mongodb, mysql, open source, openstack, perl, php, puppet, python",13.16
data engineering lead / architect,"avro..., flume, hadoop, hbase, hdfs, hive, oozie, pig, spark, sqoop",10,20,"avro..., flume, hadoop, hbase, hdfs, hive, oozie, pig, spark, sqoop",13.16
cyber security analyst,"automotive, autosar, canoe, cyber security, cyber security..., ethical hacking, information security, microcontroller, networking, security...",10,20,"automotive, autosar, canoe, cyber security, cyber security..., ethical hacking, information security, microcontroller, networking, security...",13.16
technical project manager - java/j2ee,"cvs, git, html, j2ee, java, javascript, mysql, ooad, svn, xml",10,20,"cvs, git, html, j2ee, java, javascript, mysql, ooad, svn, xml",13.16
devops engineer - walk in drive on oct 6th (sat,"ansible, aws..., cd, chef, ci, devops, jenkins, nagios, puppet, python",10,20,"ansible, aws..., cd, chef, ci, devops, jenkins, nagios, puppet, python",13.16
senior android developer | to the new @ noida,"android, android sdk, api, j2ee, j2me, java, json, mysql, sqlite, xml",10,20,"android, android sdk, api, j2ee, j2me, java, json, mysql, sqlite, xml",13.16
senior big data sme,"cloudera..., flume, hadoop, hdfs, hive, impala, mapreduce, oozie, spark, sqoop",10,20,"cloudera..., flume, hadoop, hdfs, hive, impala, mapreduce, oozie, spark, sqoop",13.16
open source,"analytics, lan, mpls, networking, open source, ospf, perl, python, wan, xml",10,20,"analytics, lan, mpls, networking, open source, ospf, perl, python, wan, xml",13.16
big data developer - apache/ sql,"cdh, flume, hadoop, hdfs, hive, impala, mapreduce, spark, sql, sqoop",10,20,"cdh, flume, hadoop, hdfs, hive, impala, mapreduce, spark, sql, sqoop",13.16
digital analyst,"adobe analytics..., content optimization, digital analytics, esm, facebook..., google analytics, metrics, reporting, social media listening, tagging",10,20,"adobe analytics..., content optimization, digital analytics, esm, facebook..., google analytics, metrics, reporting, social media listening, tagging",13.16
big data engineer - data warehousing/ business intelligence,"big data, cassandra, hbase, hive, impala, java, mongodb, nosql, pig, sql",10,20,"big data, cassandra, hbase, hive, impala, java, mongodb, nosql, pig, sql",13.16
data science,"data analysis, data analytics, marketing analytics, marketing campaigns, ms sql server, product sales, sas, spss..., sql..., statistical software",10,20,"data analysis, data analytics, marketing analytics, marketing campaigns, ms sql server, product sales, sas, spss..., sql..., statistical software",13.16
jd for - big data engineer data management - hadoop,"big data, flume, hadoop, hbase, hdfs, hive, nosql, pig, scala, spark",10,20,"big data, flume, hadoop, hbase, hdfs, hive, nosql, pig, scala, spark",13.16
hadoop/spark developer - spark sql streaming,"css..., flume, hdfs, hive, impala, java, javascript, mapreduce, nosql, sqoop",10,20,"css..., flume, hdfs, hive, impala, java, javascript, mapreduce, nosql, sqoop",13.16
business analyst - it,"business analysis, agile, kanban, project management, requirements..., scrum, uat, user acceptance testing..., user stories",9,22,"business analysis, agile, kanban, project management, requirements..., scrum, uat, user acceptance testing..., user stories",13.03
pm- c#/ .net ( annuity/ insurance domain,".net, c#, c#.net, oracle sql, project management..., sql server, vb.net",7,28,".net, c#, c#.net, oracle sql, project management..., sql server, vb.net",12.89
director - strategy & algorithms - high frequency trading,".net, algorithms, c#, c++, high frequency trading..., languages, matlab",7,28,".net, algorithms, c#, c++, high frequency trading..., languages, matlab",12.89
data architect - it,"big data, data architecture, data modeling, hadoop..., hive, spark, sql",7,28,"big data, data architecture, data modeling, hadoop..., hive, spark, sql",12.89
azure data modeler,"cassandra, mapreduce, microsoft azure, mongodb..., nosql, scala, spark, sql",8,24,"cassandra, mapreduce, microsoft azure, mongodb..., nosql, scala, spark, sql",12.63
devops architect - continuous integration (ci,"ansible, api, appdy, ci, continuous integration, flyway, git, junit...",8,24,"ansible, api, appdy, ci, continuous integration, flyway, git, junit...",12.63
sales operations role - internet/online,"data management, sales operations, data analysis, sales process..., crm, crm administration, pricing, sales",8,24,"data management, sales operations, data analysis, sales process..., crm, crm administration, pricing, sales",12.63
iot architect - aws/azure,"html5, java, json, machine learning, node.js, nosql, soap, spring...",8,24,"html5, java, json, machine learning, node.js, nosql, soap, spring...",12.63
data mining manager,"advanced analytics, chaid, clustering..., data mining, excel, nlp, sas, sql",8,24,"advanced analytics, chaid, clustering..., data mining, excel, nlp, sas, sql",12.63
software engineer (data analytics & machine learning,"algorithms, azure, css, git, java, javascript, nosql, python...",8,24,"algorithms, azure, css, git, java, javascript, nosql, python...",12.63
lead/ principle backend developer - node.js/ aws,"aws, data analytics..., java, nlp, node.js, python, rest, web technologies",8,24,"aws, data analytics..., java, nlp, node.js, python, rest, web technologies",12.63
cloud architect - azure- iaas .sharepoint,".net, bootstrap..., c#, c#.net, jquery, microsoft azure, sql azure, wpf",8,24,".net, bootstrap..., c#, c#.net, jquery, microsoft azure, sql azure, wpf",12.63
big data architect/specialist - java/hadoop,"big data..., hadoop, hbase, j2ee, java, mapreduce, spark, spring framework",8,24,"big data..., hadoop, hbase, j2ee, java, mapreduce, spark, spring framework",12.63
ushyaku software solutions - android developer - java/android studio,"android development, css, html5, java, javascript, json, laravel, php...",8,24,"android development, css, html5, java, javascript, json, laravel, php...",12.63
"python developer-big data analytics, taazaa inc., sector 63, noida","analytics, big data, excel, hadoop, json, python developer, spss..., sql",8,24,"analytics, big data, excel, hadoop, json, python developer, spss..., sql",12.63
data science and analytics engineer at singapore,"deep learning, information retrieval, java, nlp, python..., spark",6,30,"deep learning, information retrieval, java, nlp, python..., spark",11.84
manager - sales & marketing - fmcg,"..., advertising, fmcg marketing, market analysis, promotions, sales management",6,30,"..., advertising, fmcg marketing, market analysis, promotions, sales management",11.84
"devops engineer | fractal analytics, mumbai","ansible, aws, azure, cloud, linux, python",6,30,"ansible, aws, azure, cloud, linux, python",11.84
director - analytics consulting - tiger analytics,"analytics, data science, presales, program delivery, proposals..., solutioning",6,30,"analytics, data science, presales, program delivery, proposals..., solutioning",11.84
"opening in google adword, digital marketing analyst profile salary 35k","..., digital marketing, international bpo, marketing analysis, non voice, voice",6,30,"..., digital marketing, international bpo, marketing analysis, non voice, voice",11.84
jobs for clinical sas programmer- 5-9 yrs experience,"adam, life sciences..., sas, sdtm, statistical programming, statistics",6,30,"adam, life sciences..., sas, sdtm, statistical programming, statistics",11.84
procurement head / purchase head,"budgeting..., materials, negotiation, procurement, purchase, sourcing",6,30,"budgeting..., materials, negotiation, procurement, purchase, sourcing",11.84
urgent requirement for credit manager - vehicle,"credit, credit analyst, credit manager, credit officer, hcv..., lcv",6,30,"credit, credit analyst, credit manager, credit officer, hcv..., lcv",11.84
business analyst / data analytics expert - r / python / matlab,"data analytics, machine learning..., matlab, python, sql, visualization",6,30,"data analytics, machine learning..., matlab, python, sql, visualization",11.84
manager/ senior manager - advance analytics - lifesciences/pharma,"anova, chaid, excel, logistic regression, sas sql, time series...",6,30,"anova, chaid, excel, logistic regression, sas sql, time series...",11.84
manager/senior manager - seo - travel tech startup,"analysis..., keyword research, manager - seo, portfolio management, sem, seo",6,30,"analysis..., keyword research, manager - seo, portfolio management, sem, seo",11.84
adobe campaign architect - it,"adobe campaign architect, aem, analytics, aam, aam..., adobe campaign, marketing cloud..., target",8,22,"adobe campaign architect, aem, analytics, aam, aam..., adobe campaign, marketing cloud..., target",11.58
artificial intelligence,"analytics, core java, javascript, machine learning..., python",5,35,"analytics, core java, javascript, machine learning..., python",11.51
specialized analytics group manager,"forecasting, operations research..., relationship management, rf, underwriting",5,35,"forecasting, operations research..., relationship management, rf, underwriting",11.51
"key accounts manager, bfsi domain, data analytics firm","banking, client servicing, data analytics..., key accounts, revenue generation",5,35,"banking, client servicing, data analytics..., key accounts, revenue generation",11.51
principal consultant - advance analytics - r/ sas/ python,"data analysis, data science, machine learning, sas, statistical modeling...",5,35,"data analysis, data science, machine learning, sas, statistical modeling...",11.51
bmc remedy architect,"action request system, bmc remedy, itil, itsm, technical support...",5,35,"action request system, bmc remedy, itil, itsm, technical support...",11.51
azure devops engineer,"azure, cloud, devops, devops engineer, docker..., mongodb, mysql, tfs, vsts",9,19,"azure, cloud, devops, devops engineer, docker..., mongodb, mysql, tfs, vsts",11.25
qlikview developer,"qlikview, javascript, mysql, nosql, perl..., php, python, ruby, sql queries",9,19,"qlikview, javascript, mysql, nosql, perl..., php, python, ruby, sql queries",11.25
practice head - recruitment,"hiring, recruitment, screening, social networking..., sourcing, hr",6,28,"hiring, recruitment, screening, social networking..., sourcing, hr",11.05
assistant director,"agile..., data science, msbi, python, sql server, ssas, ssis, ssrs, t - sql",9,18,"agile..., data science, msbi, python, sql server, ssas, ssis, ssrs, t - sql",10.66
data scientist - iit/nit/bits,"c++, computer vision, css, html, laravel, mysql, opencv, php, python",9,18,"c++, computer vision, css, html, laravel, mysql, opencv, php, python",10.66
programmer analyst (in person interviews on friday,"excel, html, java, macros, programming, python, script, scripting, sql",9,18,"excel, html, java, macros, programming, python, script, scripting, sql",10.66
company secretary - ophthalmic optics firm,"..., board meeting, companies act, company law, fema, finance, legal, rbi, sebi",9,18,"..., board meeting, companies act, company law, fema, finance, legal, rbi, sebi",10.66
system analyst - asp/ .net/ mysql/ java/ datawarehousing/ crm,".net, asp, asp.net, iis, java, ms sql, oracle sql, system analysis..., vb",9,18,".net, asp, asp.net, iis, java, ms sql, oracle sql, system analysis..., vb",10.66
java developer - spring/hibernate/jquery,"core java..., extjs, hibernate, javascript, jboss, jpa, rest, soap, spring",9,18,"core java..., extjs, hibernate, javascript, jboss, jpa, rest, soap, spring",10.66
"quantitative lead , c++ ( avp","c#, c++, devops..., java, languages, multithreading, perl, programming, python",9,18,"c#, c++, devops..., java, languages, multithreading, perl, programming, python",10.66
qc officer/sr.officer,"analytical instruments, api, gc, hplc, ir..., karl fischer, qc, uv, wet lab",9,18,"analytical instruments, api, gc, hplc, ir..., karl fischer, qc, uv, wet lab",10.66
data engineer - machine learning,"hbase, hdfs, hive, mapreduce, nosql, oozie, pig, spark, yarn",9,18,"hbase, hdfs, hive, mapreduce, nosql, oozie, pig, spark, yarn",10.66
engineering manager - java/j2ee,"design..., hibernate, j2ee, java ee, junit, multithreading, rest, soap, spring",9,18,"design..., hibernate, j2ee, java ee, junit, multithreading, rest, soap, spring",10.66
technology manager - web development - php/mysql,"drupal, html, javascript, jquery, laravel..., magento, mysql, php, wordpress",9,18,"drupal, html, javascript, jquery, laravel..., magento, mysql, php, wordpress",10.66
senior software engineer java fullstack,"analytics, core java, healthcare, hibernate, jira..., jquery, mvc, xml, xslt",9,18,"analytics, core java, healthcare, hibernate, jira..., jquery, mvc, xml, xslt",10.66
sql analyst,"big data, data modeling, etl..., hive, impala, oracle, spark, sql server, unix",9,18,"big data, data modeling, etl..., hive, impala, oracle, spark, sql server, unix",10.66
"senior hadoop administrator at clairvoyant india, pune","cloudera, hadoop, hbase, hdfs, hive, hortonworks, kerberos, linux, unix...",9,18,"cloudera, hadoop, hbase, hdfs, hive, hortonworks, kerberos, linux, unix...",10.66
back end developer - java/solr - tier 1 or tier 2 education,"algorithms, java, machine learning, python, redis, scala, solr, spring, web...",9,18,"algorithms, java, machine learning, python, redis, scala, solr, spring, web...",10.66
java bigdata developer,"akka, cassandra, java, jms, nosql, scala, software development..., solr, spark",9,18,"akka, cassandra, java, jms, nosql, scala, software development..., solr, spark",10.66
sdl tridion expert - .net/java,".net, apis, asp.net, c#, dxa, java, mvc..., sdl tridion expert, tom.net",9,18,".net, apis, asp.net, c#, dxa, java, mvc..., sdl tridion expert, tom.net",10.66
system architect,"analytics, coding, communication..., outsourcing, plm, python, sap, scada, sql",9,18,"analytics, coding, communication..., outsourcing, plm, python, sap, scada, sql",10.66
actuarial analyst - financial services,"actuarial, actuarial analysis, actuarial analyst, actuarial analyst..., compliance..., finance, financial services, management reporting, mortgage",9,18,"actuarial, actuarial analysis, actuarial analyst, actuarial analyst..., compliance..., finance, financial services, management reporting, mortgage",10.66
"javascript developer(vue.js) required - suyati technologies, kochi","css, front end..., html, javascript, json, node.js, php, rest, web development",9,18,"css, front end..., html, javascript, json, node.js, php, rest, web development",10.66
software engineer - .net development,".net, asp.net, c#, front end..., javascript, jquery, mvc, oops, tdd",9,18,".net, asp.net, c#, front end..., javascript, jquery, mvc, oops, tdd",10.66
software developer - full stack development - analytics startup,"java, mongodb, mysql, node.js, nosql, postgres..., python, redis, sql server",9,18,"java, mongodb, mysql, node.js, nosql, postgres..., python, redis, sql server",10.66
"software design engineer c, c++, c#, mvvm .net ahmedabad",".net, c#, c++, data access layer, ms sql..., mvvm, mysql, windows form, wpf",9,18,".net, c#, c++, data access layer, ms sql..., mvvm, mysql, windows form, wpf",10.66
big data engineer - hadoop/mapreduce,"cassandra, hadoop, hive, mapreduce, nosql, pig..., scala, spark, sql queries",9,18,"cassandra, hadoop, hive, mapreduce, nosql, pig..., scala, spark, sql queries",10.66
front end tech lead - javascript/jquery,"angularjs, bootstrap, css, front end..., git, github, html, javascript, jquery",9,18,"angularjs, bootstrap, css, front end..., git, github, html, javascript, jquery",10.66
full stack developer - consumer side web development,"ajax, angularjs, css, html, html5..., javascript, jquery, json, mysql",9,18,"ajax, angularjs, css, html, html5..., javascript, jquery, json, mysql",10.66
architect - iot,".net, c++, java, javascript, node.js, python, vb, vb.net, web services...",9,18,".net, c++, java, javascript, node.js, python, vb, vb.net, web services...",10.66
solution architect with java full stack,"azure, cassandra, enterprise..., html5, java, javascript, mongodb, nosql, rest",9,18,"azure, cassandra, enterprise..., html5, java, javascript, mongodb, nosql, rest",10.66
big data developer - java /r/ python,"d3.js, hadoop, hive..., html, java, ms sql server, mysql, python, spark",9,18,"d3.js, hadoop, hive..., html, java, ms sql server, mysql, python, spark",10.66
"big data, java, sql- senior analyst","apache flume, azure cloud, big data, hive, java, kafka, pig, spark..., sql",9,18,"apache flume, azure cloud, big data, hive, java, kafka, pig, spark..., sql",10.66
ui architect,"ajax, bootstrap, css, dojo, html5, java..., javascript, jquery, ui development",9,18,"ajax, bootstrap, css, dojo, html5, java..., javascript, jquery, ui development",10.66
network engineer,"bgp, ccie, ccnp, hsrp, networking protocols, osi..., ospf, qos, switching",9,18,"bgp, ccie, ccnp, hsrp, networking protocols, osi..., ospf, qos, switching",10.66
big data technical lead,"apache..., cloudera, hadoop, java, javascript, node.js, ooad, scratch, spark",9,18,"apache..., cloudera, hadoop, java, javascript, node.js, ooad, scratch, spark",10.66
net developer - asp/c#/mvc,". net developer, angular2, asp, asp.net, c#, javascript..., jquery, mvc, sql",9,18,". net developer, angular2, asp, asp.net, c#, javascript..., jquery, mvc, sql",10.66
net architect - mvc/sql server,"html, java, javascript, ms sql server, mvc, soap, uddi..., web services, xml",9,18,"html, java, javascript, ms sql server, mvc, soap, uddi..., web services, xml",10.66
big data engineer - java/python/hadoop,"cassandra, elastic search..., hadoop, hive, java, redis, scala, spark, sql",9,18,"cassandra, elastic search..., hadoop, hive, java, redis, scala, spark, sql",10.66
data engineer - management consulting firm - nit/iit/bits,"c++, cassandra, data structures, java, nosql..., python, scala, spark, sql",9,18,"c++, cassandra, data structures, java, nosql..., python, scala, spark, sql",10.66
data specialist - consulting firm,"c++, cassandra, data structures, java, nosql..., python, scala, spark, sql",9,18,"c++, cassandra, data structures, java, nosql..., python, scala, spark, sql",10.66
opening for .net developer- noida,"ajax, asp.net, c#, c#.net, entity framework, javascript..., linq, mvc, wcf",9,18,"ajax, asp.net, c#, c#.net, entity framework, javascript..., linq, mvc, wcf",10.66
php analyst - mysql/javascript,"css, html, html5, java..., javascript, jquery, json, mysql, php",9,18,"css, html, html5, java..., javascript, jquery, json, mysql, php",10.66
"quality analyst- testing ( java script , j query","android, cloud, fiddler, ios..., java, javascript, jira, jquery, windows os",9,18,"android, cloud, fiddler, ios..., java, javascript, jira, jquery, windows os",10.66
developer associate_java/ jee/ sql/ api,"angularjs, css, html, java, javascript, jee..., jquery, rest, spring",9,18,"angularjs, css, html, java, javascript, jee..., jquery, rest, spring",10.66
data analyst - mysql/sas/pass,"..., data analysis, data mining, excel, javascript, mysql, postgresql, sql, xml",9,18,"..., data analysis, data mining, excel, javascript, mysql, postgresql, sql, xml",10.66
technology manager - web development - php/ mysql,"drupal, html, javascript, jquery, laravel..., magento, mysql, php, wordpress",9,18,"drupal, html, javascript, jquery, laravel..., magento, mysql, php, wordpress",10.66
technology lead-frontend-angular js java script,"ajax, angularjs, css, html5, javascript, jquery, json, mvc..., w3c",9,18,"ajax, angularjs, css, html5, javascript, jquery, json, mvc..., w3c",10.66
lead / developer-hybrid apps,"android studio, cordova, gradle, java, mvp, rest, soap, svn..., web services",9,18,"android studio, cordova, gradle, java, mvp, rest, soap, svn..., web services",10.66
associate android developer,"..., core java, javascript, json, mysql, rabbitmq, rest, soap, spring framework",9,18,"..., core java, javascript, json, mysql, rabbitmq, rest, soap, spring framework",10.66
senior manager - sales hr - automobile/fmcg/fmcd/electronics,"hr, human resource planning..., recruitment, sales hr, sales management, strategic hr, talent management..., training, training & development",9,18,"hr, human resource planning..., recruitment, sales hr, sales management, strategic hr, talent management..., training, training & development",10.66
senior chief manager - it - web & mobile platform,"ai..., analytics, android, bi, ios, itil, mobility, soa, vendor management",9,18,"ai..., analytics, android, bi, ios, itil, mobility, soa, vendor management",10.66
senior database engineer - etl/rdbms,"cassandra, etl, hadoop, hive, mysql..., nosql, oracle, solr, spark",9,18,"cassandra, etl, hadoop, hive, mysql..., nosql, oracle, solr, spark",10.66
"senior engineer backend ,product","cassandra, django, docker..., linux, mongodb, nosql, python, rabbitmq, redis",9,18,"cassandra, django, docker..., linux, mongodb, nosql, python, rabbitmq, redis",10.66
applications development intermediate programmer analyst,"analytics, microstrategy, sdlc, windows, analytical..., python, schema, sql",8,20,"analytics, microstrategy, sdlc, windows, analytical..., python, schema, sql",10.53
manager - insurance analytics - python,"insurance analytics, linear regression, sas, segmentation..., analytics, linear regression..., manager - insurance analytics, regression",8,20,"insurance analytics, linear regression, sas, segmentation..., analytics, linear regression..., manager - insurance analytics, regression",10.53
it recruiter,"it recruitment, talent acquisition, hiring, it recruiter..., recruitment, recruitment..., screening",7,22,"it recruitment, talent acquisition, hiring, it recruiter..., recruitment, recruitment..., screening",10.13
business manager - combat sports,"content management, digital marketing, seo, social media, ..., media management, team management...",7,22,"content management, digital marketing, seo, social media, ..., media management, team management...",10.13
sap fico consultant,"sap fico, accounting, asset accounting, co, consulting..., execution, gap analysis, sap fi",8,19,"sap fico, accounting, asset accounting, co, consulting..., execution, gap analysis, sap fi",10.0
senior backend developer,"mongodb, mysql, redis, backend developer, elk, js..., rest api stack, web apps",8,19,"mongodb, mysql, redis, backend developer, elk, js..., rest api stack, web apps",10.0
avp - analytics - credit card - tableau+python+r+sql,"analytics, banking, customer management, portfolio risk reporting..., sas",5,30,"analytics, banking, customer management, portfolio risk reporting..., sas",9.87
assistant manager - data analytics - chennai,"data analytics, data mining..., econometrics, sql, statistics",5,30,"data analytics, data mining..., econometrics, sql, statistics",9.87
physical design engineer - floor planning/timing closure,"floor planning, physical design, sta, synthesis..., timing closure",5,30,"floor planning, physical design, sta, synthesis..., timing closure",9.87
associate vice president - analytics - property & casualty - kpo,"analytics, analytics head, p&c analytics, people management, sas",5,30,"analytics, analytics head, p&c analytics, people management, sas",9.87
sap consultant - gts/scm modules,"business analysis..., gap analysis, logistics, sap consulting, scm",5,30,"business analysis..., gap analysis, logistics, sap consulting, scm",9.87
manger - private bank reporting,"balance sheet, credit risk..., financial management, financial products, rwa",5,30,"balance sheet, credit risk..., financial management, financial products, rwa",9.87
general manager - sales & marketing - building material,"building material, iim, marketing, project management..., sales management",5,30,"building material, iim, marketing, project management..., sales management",9.87
senior business analyst/assistant manager/manager - insurance analytic,"base..., business analysis, linear regression, model development, segmentation",5,30,"base..., business analysis, linear regression, model development, segmentation",9.87
"director, medical coding training","icd - 10, medical coding, rcm, training needs..., us healthcare",5,30,"icd - 10, medical coding, rcm, training needs..., us healthcare",9.87
quant trader,"algorithms, analytics..., c++, data structures, java, languages, programming",7,21,"algorithms, analytics..., c++, data structures, java, languages, programming",9.67
head - digital marketing - iim/isb.mdi/fms,"..., brand management, digital marketing, digital media, sem, seo, social media",7,21,"..., brand management, digital marketing, digital media, sem, seo, social media",9.67
"process trainer - ed medical coding ,us healthcare , gebbs healthcare","..., cpc, ed, medical coding, process training, quality analysis, us healthcare",7,21,"..., cpc, ed, medical coding, process training, quality analysis, us healthcare",9.67
java developer - backend development - machine learning/python/scala,"java, machine learning..., mysql, python, redis, scala, solr",7,21,"java, machine learning..., mysql, python, redis, scala, solr",9.67
urgent opening for sap basis project manager,"bw, netweaver, sap basis..., sap ecc, sap hana, sap security, sap upgrade",7,21,"bw, netweaver, sap basis..., sap ecc, sap hana, sap security, sap upgrade",9.67
senior data analyst,"data analysis, data mining..., cluster analysis, data visualization, factor analysis, google analytics..., marketing analytics",7,21,"data analysis, data mining..., cluster analysis, data visualization, factor analysis, google analytics..., marketing analytics",9.67
dft eng/sr eng/lead for bangalore & ahmedabad location,"atpg, bist, dft, failure analysis..., physical design, sta, verification",7,21,"atpg, bist, dft, failure analysis..., physical design, sta, verification",9.67
principal hadoop administrator (enterprise data and analytics,"data analytics..., hadoop, hdfs, hive, mapreduce, spark, sqoop",7,21,"data analytics..., hadoop, hdfs, hive, mapreduce, spark, sqoop",9.67
data information management manager,"analytics, crm, data management, financial services, seo, sql, unix...",7,21,"analytics, crm, data management, financial services, seo, sql, unix...",9.67
taleo technical consultant - oracle r12,"..., data dictionary, onboarding, oracle, taleo, web services, web technologies",7,21,"..., data dictionary, onboarding, oracle, taleo, web services, web technologies",9.67
principal architect - c++/vc,"c++, capital market..., design patterns, linux, os, team leading, vc++",7,21,"c++, capital market..., design patterns, linux, os, team leading, vc++",9.67
pegasystems platform,"analytical skills..., coding, operations, outsourcing, pega, sql, unit testing",7,21,"analytical skills..., coding, operations, outsourcing, pega, sql, unit testing",9.67
female administrative /business development / recruitment executive,"admn, advertising, communication, drafting, hr, recruit..., recruitment",7,21,"admn, advertising, communication, drafting, hr, recruit..., recruitment",9.67
advisory services senior - risk -fsrm,"analytics, client presentations, ead, frm, lgd, sql, stata...",7,21,"analytics, client presentations, ead, frm, lgd, sql, stata...",9.67
technology consultant - aws/cloud,"aws..., google, oracle, salesforce, sap, technology consulting, workday",7,21,"aws..., google, oracle, salesforce, sap, technology consulting, workday",9.67
s/4 hana enterprise management,"analytics, architecture..., automation, consulting, outsourcing, presales, sap",7,21,"analytics, architecture..., automation, consulting, outsourcing, presales, sap",9.67
head - brand solutions,"competitor analysis, events, market research, marketing, region..., sales",6,24,"competitor analysis, events, market research, marketing, region..., sales",9.47
digital marketer,"seo, digital marketing, display advertising, google adwords, sem..., tracking conversion rates, web analytics, web metrics and analysis...",8,18,"seo, digital marketing, display advertising, google adwords, sem..., tracking conversion rates, web analytics, web metrics and analysis...",9.47
manager digital marketing,"digital marketing, email marketing, manager digital marketing, sem, seo, social media marketing, web analytics..., website traffic...",8,18,"digital marketing, email marketing, manager digital marketing, sem, seo, social media marketing, web analytics..., website traffic...",9.47
php web developer,"mysql, php, bootstrap..., c++, html5, java, python, web development",8,18,"mysql, php, bootstrap..., c++, html5, java, python, web development",9.47
lead ios developer,"apple, interface builder, ios, objective c, software development..., swift",6,24,"apple, interface builder, ios, objective c, software development..., swift",9.47
lead - medical image analysis developer - image processing/3d image,"c++, image processing, algorithms, cuda, itk, matlab, oop..., opencv",8,18,"c++, image processing, algorithms, cuda, itk, matlab, oop..., opencv",9.47
senior manager- financial planning & analysis,"budgeting, consolidation..., finance, financial planning, forecasting, sales",6,24,"budgeting, consolidation..., finance, financial planning, forecasting, sales",9.47
manager consulting (expert) - telecom domain architect,"agile, analytical, data modeling, operations, reverse engineering..., soa",6,24,"agile, analytical, data modeling, operations, reverse engineering..., soa",9.47
associate vp - analytics - life insurance - iim / isb/ xlri/ fms/ mdi,"analytics, analytics head, banking, life insurance, people management, sas",6,24,"analytics, analytics head, banking, life insurance, people management, sas",9.47
bi & analytics head - iim/isb/iit,"advanced excel, analytics, dw..., project management, sql, tableau",6,24,"advanced excel, analytics, dw..., project management, sql, tableau",9.47
devops engineer - ansible/docker,"ansible, continuous delivery, django, docker, docker..., linux administration, python, software development...",8,18,"ansible, continuous delivery, django, docker, docker..., linux administration, python, software development...",9.47
manager - digital marketing - media,"digital marketing, content marketing..., google analytics, pay per click, ppc, seo, social media marketing, social media...",8,18,"digital marketing, content marketing..., google analytics, pay per click, ppc, seo, social media marketing, social media...",9.47
delivery lead - avp/senior avp - data analytics - isi/dse/iit/nit/bits,"advanced analytics, arima, base sas, excel, linear regression, oracle...",6,24,"advanced analytics, arima, base sas, excel, linear regression, oracle...",9.47
abinitio developer,"ab initio..., autosys, data warehousing, etl, sql, unix shell scripting",6,24,"ab initio..., autosys, data warehousing, etl, sql, unix shell scripting",9.47
business analysis/ growth strategy- ceo's office - hospital- iim / iit,"..., business analysis, corporate finance, growth strategy, iim, sales planning",6,24,"..., business analysis, corporate finance, growth strategy, iim, sales planning",9.47
data analytics/segmentation/big data role,"..., big data, quality analysis, quality assurance, quality management, science",6,24,"..., big data, quality analysis, quality assurance, quality management, science",9.47
finance manager- loadshare networks (ca/mba+logistics/e-commerce exp,"accounting, auditing, business finance, financial..., risk assurance, taxation",6,24,"accounting, auditing, business finance, financial..., risk assurance, taxation",9.47
head - online marketing - media,"social media..., display advertising, marketing, marketing head, online marketing, search engine marketing, seo, web analytics",8,18,"social media..., display advertising, marketing, marketing head, online marketing, search engine marketing, seo, web analytics",9.47
senior associate vice president - retail analytics - iim/isb/mdi/fms,"analytics, clustering, correlation..., ranking, retail analytics, segmentation",6,24,"analytics, clustering, correlation..., ranking, retail analytics, segmentation",9.47
functional consultant - erp projects,"finance, java, management accounting, project management, sql..., stlc",6,24,"finance, java, management accounting, project management, sql..., stlc",9.47
senior manager - analytics - ccar - kpo,"analytics, ccar, clustering, manager - analytics, ranking..., segmentation",6,24,"analytics, ccar, clustering, manager - analytics, ranking..., segmentation",9.47
head - online marketing - media- premier institutes,"acquisition, analytics, head - online marketing, online marketing, seo, sms...",6,24,"acquisition, analytics, head - online marketing, online marketing, seo, sms...",9.47
senior sap technical consultant - successfactors/erp modules,"sap, ..., erp, hcm, hr, sap erp, sap technical consultant, successfactors",8,18,"sap, ..., erp, hcm, hr, sap erp, sap technical consultant, successfactors",9.47
principal engineer international product support,"linux, technical analysis, technical support, bash, networking..., product support..., vmware",7,20,"linux, technical analysis, technical support, bash, networking..., product support..., vmware",9.21
mis analyst,"excel, mis, mis analyst, mis reporting, bi analyst..., database administration",6,23,"excel, mis, mis analyst, mis reporting, bi analyst..., database administration",9.08
data scientist - machine learning/data mining,"machine learning, cassandra, hbase, hive, nosql, pig, python..., sql",8,17,"machine learning, cassandra, hbase, hive, nosql, pig, python..., sql",8.95
data scientist - bfsi,"python, data scientist, dbase, mongodb..., oracle, sas, sql, unix",8,17,"python, data scientist, dbase, mongodb..., oracle, sas, sql, unix",8.95
digital marketing professional,"digital marketing, digital marketing..., google adwords, google analytics, media strategy, sem, seo, social media",8,17,"digital marketing, digital marketing..., google adwords, google analytics, media strategy, sem, seo, social media",8.95
technical lead,"python, angularjs, django, javascript, mongodb, nosql, php, ux...",8,17,"python, angularjs, django, javascript, mongodb, nosql, php, ux...",8.95
full stack java developer,"spring mvc, ..., ajax, core java, css., full stack java developer, html, jquery",8,17,"spring mvc, ..., ajax, core java, css., full stack java developer, html, jquery",8.95
machine learning scientist - python/java/c,"c++, java, machine learning scientist, python, sql, linux, unix...",7,19,"c++, java, machine learning scientist, python, sql, linux, unix...",8.75
operations analyst - high frequency trading,"l2, linux, oracle sql, production support, unix, operating systems..., windows",7,19,"l2, linux, oracle sql, production support, unix, operating systems..., windows",8.75
microsoft fed angular,"analytical, backend, git, mvc, outsourcing, business process, paas...",7,19,"analytical, backend, git, mvc, outsourcing, business process, paas...",8.75
avp - analytics - healthcare insurance domain - bpo/kpo - iim/isb/mdi,"analytics, data management, sas, sql, team leading, problem solving",6,22,"analytics, data management, sas, sql, team leading, problem solving",8.68
digital business intelligence sr analyst,"..., analytics, business intelligence, computer science, python, sas, sql, toad",8,16,"..., analytics, business intelligence, computer science, python, sas, sql, toad",8.42
design team lead- layout & piping ( on shore,"design review, isometrics, mto, pdms, pds, piping, sp3d, stress analysis...",8,16,"design review, isometrics, mto, pdms, pds, piping, sp3d, stress analysis...",8.42
software engineer - (adas ) analysis framework,"c++, hil..., oops, simulink, software development, stl, vb, vc++",8,16,"c++, hil..., oops, simulink, software development, stl, vb, vc++",8.42
full stack developer - object oriented analysis & design,"apache cordova, couchdb, grunt, java..., javascript, karma, redis, spring",8,16,"apache cordova, couchdb, grunt, java..., javascript, karma, redis, spring",8.42
immediate hiring on bi developer @ bangalore_marathahalli,"analysis services, bi..., data warehousing, dw, etl, olap, sql, ssis",8,16,"analysis services, bi..., data warehousing, dw, etl, olap, sql, ssis",8.42
job opportunity: big data dw/bi: bangalore,"financial accounting, hadoop, hive, java, oozie, scala..., spark, sql server",8,16,"financial accounting, hadoop, hive, java, oozie, scala..., spark, sql server",8.42
"wordpress and woocommerce developer for sydney, australia","ajax, css, html, javascript, mysql..., php, woocommerce, wordpress",8,16,"ajax, css, html, javascript, mysql..., php, woocommerce, wordpress",8.42
wfm & mis executive,"..., blue pumpkin, forecasting, iex, mis, scheduling, wfm, workforce management",8,16,"..., blue pumpkin, forecasting, iex, mis, scheduling, wfm, workforce management",8.42
java lead - automation tools,"apache tomcat, core java, gradle..., json, mysql, nosql, postgresql, sql",8,16,"apache tomcat, core java, gradle..., json, mysql, nosql, postgresql, sql",8.42
java solution architect/ technology architect,"bootstrap..., core java, css, gwt, html, jpa, spring, wicket",8,16,"bootstrap..., core java, css, gwt, html, jpa, spring, wicket",8.42
urgent hiring for big data hadoop full time trainer-only male-noida,"big data, hadoop, hadoop analytis..., hive, mapreduce, pig, python, spark",8,16,"big data, hadoop, hadoop analytis..., hive, mapreduce, pig, python, spark",8.42
sap bw/bo analytics consultant,"bex, design studio, hana..., query designer, sap bo, sap bpc, sap bw, webi",8,16,"bex, design studio, hana..., query designer, sap bo, sap bpc, sap bw, webi",8.42
data analyst/ bi engineer,"..., java, javascript, mysql, sitecatalyst, web analytics, web development, xml",8,16,"..., java, javascript, mysql, sitecatalyst, web analytics, web development, xml",8.42
fis - business analyst (looking for early joinees,"..., agile, brd, business analysis, fsd, use cases, verbal communication, visio",8,16,"..., agile, brd, business analysis, fsd, use cases, verbal communication, visio",8.42
hybris system analyst,"data modeling, e -..., hibernate, jquery, sap, service, struts, system analyst",8,16,"data modeling, e -..., hibernate, jquery, sap, service, struts, system analyst",8.42
lead data analytics engineer,"big data, elastic search..., hadoop, hive, java, nosql, scala, spark",8,16,"big data, elastic search..., hadoop, hive, java, nosql, scala, spark",8.42
expert php / lamp developer,"cake lamp, cake php, core php, javascript, lamp..., php, zend lamp, zend php",8,16,"cake lamp, cake php, core php, javascript, lamp..., php, zend lamp, zend php",8.42
business analyst -bi & dw,"analytics, bi, business analysis..., data migration, dw, etl, plsql, sql",8,16,"analytics, bi, business analysis..., data migration, dw, etl, plsql, sql",8.42
assistant manager/manager/avp - campaign analytics - sas - bank,"campaign analytics, data analysis, data management..., sas programming",4,32,"campaign analytics, data analysis, data management..., sas programming",8.42
vice president/head - credit risk analytics - bfsi,"business architecture..., credit, credit risk, credit risk analytics",4,32,"business architecture..., credit, credit risk, credit risk analytics",8.42
walkin interviews - java developer - 22nd to 31st oct,"css, hibernate, j2ee, java, jquery..., mysql, spring security, web services",8,16,"css, hibernate, j2ee, java, jquery..., mysql, spring security, web services",8.42
frontend/ui developer - angularjs/react.js - ecommerce,"..., angularjs, frontend, html, html5, mvc architecture, react.js, ui developer",8,16,"..., angularjs, frontend, html, html5, mvc architecture, react.js, ui developer",8.42
senior devops engineer/ technical consultant,"..., ansible, aws, devops, docker, nagios, redhat linux, sql server development",8,16,"..., ansible, aws, devops, docker, nagios, redhat linux, sql server development",8.42
acn - digital professional - analytics - risk,"auditing, c++, credit risk..., matlab, python, risk management, sas, sql",8,16,"auditing, c++, credit risk..., matlab, python, risk management, sas, sql",8.42
ui developer - html/ css/ javascript,"css, dom..., html, html5, javascript, jquery mobile, mvc, ui development",8,16,"css, dom..., html, html5, javascript, jquery mobile, mvc, ui development",8.42
"accounts executive, accounts manager","gst, ms excel, ms office, ms word, pf..., tally erp, tds calculation, vat",8,16,"gst, ms excel, ms office, ms word, pf..., tally erp, tds calculation, vat",8.42
java development lead,"java development lead, jee, jms, jsp, plsql..., servlets, sql, struts 2.0",8,16,"java development lead, jee, jms, jsp, plsql..., servlets, sql, struts 2.0",8.42
java tech lead - hadoop/spark,"big data, cost benefit analysis, docker, hadoop, hive, java, kafka..., spark",8,16,"big data, cost benefit analysis, docker, hadoop, hive, java, kafka..., spark",8.42
financial analyst - controllership,"ca..., cfa, controllership, finance, financial analysis, iim, mba, pgdm",8,16,"ca..., cfa, controllership, finance, financial analysis, iim, mba, pgdm",8.42
walk-in drive for financial analyst at eclerx- pune (0-3 years of exp,"bcom 2018, bse, derivatives, equity, mba 2018..., nism, nsdl, sebi",8,16,"bcom 2018, bse, derivatives, equity, mba 2018..., nism, nsdl, sebi",8.42
java technical lead,"core java, j2ee, mongodb, mysql..., rabbitmq, redis, rest, spring boot",8,16,"core java, j2ee, mongodb, mysql..., rabbitmq, redis, rest, spring boot",8.42
urgent hiring:ios developer_vinove overseas for (delhi/noida) locatio,"cocoa touch, core data, ios, iphone, json..., objective c, swift, xcode",8,16,"cocoa touch, core data, ios, iphone, json..., objective c, swift, xcode",8.42
manager consulting - functional architect ( hrm,"..., business analysis, enterprise architecture, erp, oracle, payroll, rfp, sap",8,16,"..., business analysis, enterprise architecture, erp, oracle, payroll, rfp, sap",8.42
manager/ senior manager - model development - credit risk modeling,"base sas, ccar, lgd, model..., risk management, risk modeling, sas macros, sql",8,16,"base sas, ccar, lgd, model..., risk management, risk modeling, sas macros, sql",8.42
full stack developer - single page application,"angular 5..., bootstrap, google analytics, html, html5, java, karma, page",8,16,"angular 5..., bootstrap, google analytics, html, html5, java, karma, page",8.42
engineer / sr engineer - java / j2ee technologies,"core java, design patterns..., hibernate, j2ee, jdbc, orm, spring, struts",8,16,"core java, design patterns..., hibernate, j2ee, jdbc, orm, spring, struts",8.42
big data architect - bangalore,"cassandra, hadoop, java, nosql, software development, solr, spark..., sql",8,16,"cassandra, hadoop, java, nosql, software development, solr, spark..., sql",8.42
big data analytics,"agile, application development, machine learning..., outsourcing, outsourcing..., project management, solution architecture, unix shell scripting",8,16,"agile, application development, machine learning..., outsourcing, outsourcing..., project management, solution architecture, unix shell scripting",8.42
sr. c++ developer: oracle bangalore,"algorithms..., c++, data structures, dbx, sql database, stl, vc++, xml",8,16,"algorithms..., c++, data structures, dbx, sql database, stl, vc++, xml",8.42
engineer/sr engineer - java/j2ee technologies,"core java, design patterns..., hibernate, j2ee, jdbc, orm, spring, struts",8,16,"core java, design patterns..., hibernate, j2ee, jdbc, orm, spring, struts",8.42
senior engineer - sdn/java,"cassandra, elastic search, hadoop..., java, microservices, mongodb, osgi, rest",8,16,"cassandra, elastic search, hadoop..., java, microservices, mongodb, osgi, rest",8.42
big-data technical leads/ architects,"bigdata, flume, hadoop, hbase, hive, mapreduce, pig, sqoop",8,16,"bigdata, flume, hadoop, hbase, hive, mapreduce, pig, sqoop",8.42
nlp & semantic specialist - java/j2ee,"core java, hibernate, j2ee, javascript, mysql..., python, spring, struts",8,16,"core java, hibernate, j2ee, javascript, mysql..., python, spring, struts",8.42
consultant - advanced analytics,"analytics, anova, consultant - advanced analytics, consulting..., linear regression, predictive analytics, predictive modeling, sql...",8,16,"analytics, anova, consultant - advanced analytics, consulting..., linear regression, predictive analytics, predictive modeling, sql...",8.42
associate solution architect,"angularjs, big data..., c#, ember.js, java, kn, meteor, ui development",8,16,"angularjs, big data..., c#, ember.js, java, kn, meteor, ui development",8.42
software developer / senior software developer - java / j2ee,"angularjs, css3, d3.js, html5, j2ee, java, jquery, testing",8,16,"angularjs, css3, d3.js, html5, j2ee, java, jquery, testing",8.42
opentext lead developer - java/j2ee/spring,"ajax ..., j2ee, java, javascript, jdbc, open source, opentext, spring",8,16,"ajax ..., j2ee, java, javascript, jdbc, open source, opentext, spring",8.42
"hiring msbi professionals -tech mahindra, hyd","msbi, power bi, ssas, ssis, ssrs, stored procedures, t - sql, views...",8,16,"msbi, power bi, ssas, ssis, ssrs, stored procedures, t - sql, views...",8.42
servicenow architect/ manager - itil,"ajax, html, html5, javascript, json, rest, web development, web services...",8,16,"ajax, html, html5, javascript, json, rest, web development, web services...",8.42
azure elt / etl development - senior engineers / lead,"big data, data analytics, data architecture, dw, java, python, spark, sql",8,16,"big data, data analytics, data architecture, dw, java, python, spark, sql",8.42
professor-business analytics,"aicte, associate professor, management, mba, net..., ph.d, professor, teaching",8,16,"aicte, associate professor, management, mba, net..., ph.d, professor, teaching",8.42
senior manager - security engineering,"arcsight, imperva, nessus, owasp..., rsa envision, siem, snort, sourcefire",8,16,"arcsight, imperva, nessus, owasp..., rsa envision, siem, snort, sourcefire",8.42
seo team lead,"analytics..., project development, senior seo executive, senior seo expert..., seo team lead, team leader seo, team leading, team management",8,16,"analytics..., project development, senior seo executive, senior seo expert..., seo team lead, team leader seo, team leading, team management",8.42
cae lead - durability analyst,"abaqus, automotive, cae, durability, durability..., fea, feanalysis, hypermesh",8,16,"abaqus, automotive, cae, durability, durability..., fea, feanalysis, hypermesh",8.42
lead engineer - web development - python/java/ ruby/c,"azure..., css, java, javascript, json, ruby, web development, web services",8,16,"azure..., css, java, javascript, json, ruby, web development, web services",8.42
android developer - iit/nit/bits/nsit/dtu,"android sdk, c++, cocoa, iphone sdk, itunes..., java, objective c, xcode",8,16,"android sdk, c++, cocoa, iphone sdk, itunes..., java, objective c, xcode",8.42
react.js developer - web ui,"build, git, grunt, html5, javascript, react.js, svn, web technologies...",8,16,"build, git, grunt, html5, javascript, react.js, svn, web technologies...",8.42
network data engineer - telecom domain,"..., data quality, ms project, network operations, sql, telecom, unix, wireless",8,16,"..., data quality, ms project, network operations, sql, telecom, unix, wireless",8.42
quality analyst lead - testing,"hpqc, jira, junit..., qtp, quality analyst lead, qunit, selenium, testing",8,16,"hpqc, jira, junit..., qtp, quality analyst lead, qunit, selenium, testing",8.42
net architect @ dst worldwide services hyderabad,".net, architect, architectural design, c#, oops, rest api, soap..., webapi",8,16,".net, architect, architectural design, c#, oops, rest api, soap..., webapi",8.42
senior engineer - devops,"apm monitoring, caas, devops, engineer - devops, iaas, paas, saas, shell...",8,16,"apm monitoring, caas, devops, engineer - devops, iaas, paas, saas, shell...",8.42
sr / jr data scientist - skoruz technologies - bangalore,"data mining..., hadoop, java, machine learning, nlp, python, scala, sql",8,16,"data mining..., hadoop, java, machine learning, nlp, python, scala, sql",8.42
data scientist with leading e-commerce company in gurgoan,"analytics, data scientist, hadoop, java, python, rdd, scala, statistical...",8,16,"analytics, data scientist, hadoop, java, python, rdd, scala, statistical...",8.42
technical lead - full stack development - python/ javascript,"angularjs, django, javascript, mongodb, nosql, php, python, ux...",8,16,"angularjs, django, javascript, mongodb, nosql, php, python, ux...",8.42
principle java lead,"apache tomcat, core java, gradle..., json, mysql, nosql, postgresql, sql",8,16,"apache tomcat, core java, gradle..., json, mysql, nosql, postgresql, sql",8.42
dft tools engineer - verilog/vhdl,"asic, drc, lvs, synopsys, timing analysis, timing closure, verilog, vhdl...",8,16,"asic, drc, lvs, synopsys, timing analysis, timing closure, verilog, vhdl...",8.42
technical support engineer / active directory / ticketing tool / bpo,"..., bpo, call center, customer service operations, ites, kpo, lpo, night shift",8,16,"..., bpo, call center, customer service operations, ites, kpo, lpo, night shift",8.42
dgm/ gm analytics,"..., analytics, data analytics, dgm, gm, power bi, project delivery, tableau",8,16,"..., analytics, data analytics, dgm, gm, power bi, project delivery, tableau",8.42
digital architect - global operation and analytics center,"bootstrap, css, html5, javascript, jquery, leaflets, php, rpostgresql",8,16,"bootstrap, css, html5, javascript, jquery, leaflets, php, rpostgresql",8.42
principal support analyst- devops with aws,"aws, docker, java, jenkins, problem solving..., puppet, technical skills, unix",8,16,"aws, docker, java, jenkins, problem solving..., puppet, technical skills, unix",8.42
accounts & finance manager -ca / mba finance,"..., accounting, auditing, income tax, indirect taxation, service tax, tds, vat",8,16,"..., accounting, auditing, income tax, indirect taxation, service tax, tds, vat",8.42
software developer - javascript developer,"dom, front end..., git, javascript, json, react.js, rest, software development",8,16,"dom, front end..., git, javascript, json, react.js, rest, software development",8.42
big data developer - aws/redshift/hadoop,"algorithms..., hadoop, hbase, hive, java, mapreduce, nosql, spark",8,16,"algorithms..., hadoop, hbase, hive, java, mapreduce, nosql, spark",8.42
taleo recruitment hris - asst mgr - noida,"hiring, hris, hrms, oracle, recruitment, taleo, taleo recruiting, tcc",8,16,"hiring, hris, hrms, oracle, recruitment, taleo, taleo recruiting, tcc",8.42
nvh engineer - nastran/ ls-dyna,"abaqus, durability, fatigue, fea..., hypermesh, ls - dyna, nastran, nvh",8,16,"abaqus, durability, fatigue, fea..., hypermesh, ls - dyna, nastran, nvh",8.42
sandmartin is hiring for accountant - mumbai,"..., acca, b com, commerce, commerce graduate, fresher, graduate fresher, m com",8,16,"..., acca, b com, commerce, commerce graduate, fresher, graduate fresher, m com",8.42
staff product developer,"agile, build, devops, java, root cause..., scrum, server automation, use cases",8,16,"agile, build, devops, java, root cause..., scrum, server automation, use cases",8.42
salesforce developer and administrator,"apex, css, data loader, html5..., javascript, jquery, triggers, visualforce",8,16,"apex, css, data loader, html5..., javascript, jquery, triggers, visualforce",8.42
fpga emulation engineer - arm/soc,"edk, fpga..., linux, pcie, serdes, static timing analysis, synopsys, tcl",8,16,"edk, fpga..., linux, pcie, serdes, static timing analysis, synopsys, tcl",8.42
"ruby on rails lead, nlp lead, python and mean stack developers","data analysis, java, nlp, python, rdbms, ruby, tableau..., web scraping",8,16,"data analysis, java, nlp, python, rdbms, ruby, tableau..., web scraping",8.42
bi developer - etl/ unix/ linux,"c++, html5, java, linux..., perl, python, sql, unix",8,16,"c++, html5, java, linux..., perl, python, sql, unix",8.42
gmi business analyst,"..., application development, automation, business analyst, db2, http, rpg, sql",8,16,"..., application development, automation, business analyst, db2, http, rpg, sql",8.42
lead software engineer - python/ apache,"cassandra, java, mongodb, mysql, nosql, python, rabbitmq, spark...",8,16,"cassandra, java, mongodb, mysql, nosql, python, rabbitmq, spark...",8.42
hiring for seo & smm executive with 1+ yr exp (immidiate joine,"google adwords, google analytics, link building..., ppc, sem, seo, smm, smo",8,16,"google adwords, google analytics, link building..., ppc, sem, seo, smm, smo",8.42
genpact walk-in for collections process - 22nd-27th oct,"b2b, b2c..., bp0, call center, fresher, inbound, international bpo, outbound",8,16,"b2b, b2c..., bp0, call center, fresher, inbound, international bpo, outbound",8.42
data quality / business analyst - sql,"collibra, informatica, intellimatch, ms project..., obiee, ofsaa, sql, tableau",8,16,"collibra, informatica, intellimatch, ms project..., obiee, ofsaa, sql, tableau",8.42
p2p/ s2p implementation consultant / analyst,"asis, brd..., business analysis, documentation, frd, solutioning, sow, uat",8,16,"asis, brd..., business analysis, documentation, frd, solutioning, sow, uat",8.42
automation test engineers(ruby + cucumber + bdd)-4-6 years exp,"automation testing, bdd, chef, cucumber, jenkins, mysql, rspec, ruby",8,16,"automation testing, bdd, chef, cucumber, jenkins, mysql, rspec, ruby",8.42
syntel is hiring for iot professionals - pune location,"aws, azure..., big data, cloud foundry, java, paas, rest, web technologies",8,16,"aws, azure..., big data, cloud foundry, java, paas, rest, web technologies",8.42
senior ux developer,"ajax, angularjs, gimp, html5, information architecture..., javascript, mvc, ux",8,16,"ajax, angularjs, gimp, html5, information architecture..., javascript, mvc, ux",8.42
senior software engineer - c#/python,"cassandra, mysql, nosql, postgres, python..., rabbitmq, redis, sql",8,16,"cassandra, mysql, nosql, postgres, python..., rabbitmq, redis, sql",8.42
"full stack developer - node.js,angularjs,typescript and microservices","..., angular, angularjs, javascript, microservices, node.js, nodejs, typescript",8,16,"..., angular, angularjs, javascript, microservices, node.js, nodejs, typescript",8.42
senior ux designer,"adobe, analytics, axure, product design, prototype, user..., ux, visual design",8,16,"adobe, analytics, axure, product design, prototype, user..., ux, visual design",8.42
sas professional - banking domain,"..., banking, data manipulation, data mining, excel, machine learning, sas, sql",8,16,"..., banking, data manipulation, data mining, excel, machine learning, sas, sql",8.42
full stack architect position,"c#, docker, java, javascript, node.js, nosql, python..., scala",8,16,"c#, docker, java, javascript, node.js, nosql, python..., scala",8.42
analytics engineer - python/spark,"..., analytics, analytics engineer, big data stack, hadoop, hive, python, spark",8,16,"..., analytics, analytics engineer, big data stack, hadoop, hive, python, spark",8.42
manager - catalogue & listings,"..., business process, inventory management..., manager - catalogue & listings, operations, product management, project management, stakeholder management",8,16,"..., business process, inventory management..., manager - catalogue & listings, operations, product management, project management, stakeholder management",8.42
developer tech support manager | mnc client of aeronube | mumbai,"app, appkit, construct 2, games, html5, storyboard..., uikit, unity",8,16,"app, appkit, construct 2, games, html5, storyboard..., uikit, unity",8.42
senior java developers & enterprise architect,"css, gradle, html, html5..., intellij, java, javascript, spring boot",8,16,"css, gradle, html, html5..., intellij, java, javascript, spring boot",8.42
qc analyst netflix mumbai,"broadcast, digital, digital formats, netflix, ott, ott qc, qc, qc tools",8,16,"broadcast, digital, digital formats, netflix, ott, ott qc, qc, qc tools",8.42
aricent!tech lead (ui developer) opening in bangalore,"angularjs, bootstrap, css, html, html5, javascript, ui development, ux...",8,16,"angularjs, bootstrap, css, html, html5, javascript, ui development, ux...",8.42
angular developer 2/4/5/6 - front end immediate opening,"angular2, angular4, angular5..., angularjs, bootstrap, css, front end, node.js",8,16,"angular2, angular4, angular5..., angularjs, bootstrap, css, front end, node.js",8.42
sr. proposal & solution manager,"copy editing, proof reading, rfi, rfis, rfp, rfps, rfq..., solutioning",8,16,"copy editing, proof reading, rfi, rfis, rfp, rfps, rfq..., solutioning",8.42
cto/cio - d2c marketing services platform - iit/nit/bits,"android, architecture, cto, ios app development, java, my sql, solar, unix",8,16,"android, architecture, cto, ios app development, java, my sql, solar, unix",8.42
ots - senior analyst - senior,"project execution, project management, strategy, due diligence, planning..., transaction...",6,21,"project execution, project management, strategy, due diligence, planning..., transaction...",8.29
opentext ecm tools,"sap, outsourcing, agile, archiving..., business process, operations",6,21,"sap, outsourcing, agile, archiving..., business process, operations",8.29
salesforce administrator - testing & support,"salesforce, salesforce.com, sfdc, workflow, approvals, crm..., dashboards",7,18,"salesforce, salesforce.com, sfdc, workflow, approvals, crm..., dashboards",8.29
practice head - it recruitment - executive search firm,"hr, it recruitment, business development, client relationship..., executive search, hiring, talent acquisition...",7,18,"hr, it recruitment, business development, client relationship..., executive search, hiring, talent acquisition...",8.29
sql developer,"sql development, ssis, data modeling, data warehousing..., etl, ssas, ssrs",7,18,"sql development, ssis, data modeling, data warehousing..., etl, ssas, ssrs",8.29
oracle procedural language extensions to sql,"business process..., data analysis, oracle, plsql, informatica, stored procedures, unix",7,18,"business process..., data analysis, oracle, plsql, informatica, stored procedures, unix",8.29
director - human resource/leadership development,"hr, leadership development, learning, talent management, team management...",5,25,"hr, leadership development, learning, talent management, team management...",8.22
consultant - customer analytics - iit/ iim/ bits/ nit/ sp jain/ mdi,"advanced analytics..., customer analytics, data analytics, iim, tableau",5,25,"advanced analytics..., customer analytics, data analytics, iim, tableau",8.22
angularjs,"business process, mvc, outsourcing..., stored procedures, visual studio",5,25,"business process, mvc, outsourcing..., stored procedures, visual studio",8.22
lead analytics - digital,"analytical engines, big data, campaign management, data modeling, saas",5,25,"analytical engines, big data, campaign management, data modeling, saas",8.22
head - analytics - manufacturing,"analytics, business process..., data analytics, data science, head - analytics",5,25,"analytics, business process..., data analytics, data science, head - analytics",8.22
industry lead - it hiring - executive search firm,"executive search..., hr, it hiring, recruitment, talent acquisition",5,25,"executive search..., hr, it hiring, recruitment, talent acquisition",8.22
head - data science & analytics - financial services,"analytics, data mining, data science, factor analysis..., machine learning",5,25,"analytics, data mining, data science, factor analysis..., machine learning",8.22
microsoft sql server reporting services (srss,"business intelligence, business process, coding, operations..., outsourcing",5,25,"business intelligence, business process, coding, operations..., outsourcing",8.22
finance analytics & business finance - bangalore,"accounting, business finance, mis, presales..., project sales",5,25,"accounting, business finance, mis, presales..., project sales",8.22
senior development manager - p&i analytics hana dw and sap data hub,"big data..., development management, dw, hana, product development",5,25,"big data..., development management, dw, hana, product development",8.22
business analyst- advance analytics,"advanced analytics, algorithms, data mining, data science, machine learning",5,25,"advanced analytics, algorithms, data mining, data science, machine learning",8.22
assistant vice president - acquisition strategy - analytics - bank,"acquisition strategy, analytics, clustering, segmentation..., strategy",5,25,"acquisition strategy, analytics, clustering, segmentation..., strategy",8.22
business analyst â€“ malaysia,"business analysis, payment systems, presales..., technology consulting, uml",5,25,"business analysis, payment systems, presales..., technology consulting, uml",8.22
fp&a lead,"accounting, budgeting, finance, financial analysis, financial planning...",5,25,"accounting, budgeting, finance, financial analysis, financial planning...",8.22
consultant - data analytics - machine learning,"business intelligence, sql, business development, data analytics...",4,30,"business intelligence, sql, business development, data analytics...",7.89
sap abap development,"outsourcing, business process, operations, business objects, manager technology..., sap abap",6,20,"outsourcing, business process, operations, business objects, manager technology..., sap abap",7.89
node.js,"analytical, business process, outsourcing, hibernate, jpa, paas..., sql",7,17,"analytical, business process, outsourcing, hibernate, jpa, paas..., sql",7.83
specialized analytics intermediate analyst,"oracle, sas, sql, analytics intermediate analyst, rdbms, sas jmp, teradata",7,17,"oracle, sas, sql, analytics intermediate analyst, rdbms, sas jmp, teradata",7.83
visualization professional - c++/vtk/image processing,"c++, image processing, qt, boost, design patterns..., visualization, vtk",7,17,"c++, image processing, qt, boost, design patterns..., visualization, vtk",7.83
speech scientist - artificial intelligence/machine learning,"artificial intelligence..., machine learning, speech scientist, c++, computer vision, deep learning, natural language processing...",7,17,"artificial intelligence..., machine learning, speech scientist, c++, computer vision, deep learning, natural language processing...",7.83
data scientist - machine learning/ python/ r,"machine learning, python, spark, data structures..., hadoop, mysql, sql",7,17,"machine learning, python, spark, data structures..., hadoop, mysql, sql",7.83
credit and portfolio analyst,"sas, sql, analytics, manager quality assurance, reconciliation, auditing...",6,19,"sas, sql, analytics, manager quality assurance, reconciliation, auditing...",7.5
senior .net developer,"asp.net, c#, ado.net, asp.net mvc, entity framework, jquery..., sql server",7,16,"asp.net, c#, ado.net, asp.net mvc, entity framework, jquery..., sql server",7.37
vice president - analytics - bank,"deep learning, machine learning, python, stakeholder management...",4,28,"deep learning, machine learning, python, stakeholder management...",7.37
informatica powercenter,"business process, informatica, ..., data modeling, datastage, olap, outsourcing",7,16,"business process, informatica, ..., data modeling, datastage, olap, outsourcing",7.37
statistical analyst,"analytics, predictive modeling, statistical analyst, time series analysis...",4,28,"analytics, predictive modeling, statistical analyst, time series analysis...",7.37
associate director - analytics,"analytics, business generation, data analytics, marketing analytics...",4,28,"analytics, business generation, data analytics, marketing analytics...",7.37
head - analytics,"data analytics, data science, predictive modeling, project management...",4,28,"data analytics, data science, predictive modeling, project management...",7.37
digital analytics - tag management (dtm,"adobe analytics, digital analytics, digital marketing..., web analytics",4,28,"adobe analytics, digital analytics, digital marketing..., web analytics",7.37
taleo consultant,"hris, ..., analytics reporting, data analytics, it, oracle support, taleo",7,16,"hris, ..., analytics reporting, data analytics, it, oracle support, taleo",7.37
senior security analyst - secops,"server security, mobile applications, mobile applications..., security testing, web technologies, web technologies..., windows server",7,16,"server security, mobile applications, mobile applications..., security testing, web technologies, web technologies..., windows server",7.37
bi developer/analyst - etl,"bi, adf, azure, bi developer, data modelling, dw, etl",7,16,"bi, adf, azure, bi developer, data modelling, dw, etl",7.37
acn - digital - analytics - customer analytics,"consulting, sql, analytical..., data analysis, data management, fmcg, spss",7,16,"consulting, sql, analytical..., data analysis, data management, fmcg, spss",7.37
manager - strategy & algorithm - capital markets domain,".net, c#, computer science, matlab..., quantitative analysis, strategy",6,18,".net, c#, computer science, matlab..., quantitative analysis, strategy",7.11
job opening for business analytics /data scientist,"data manipulation, data science, hadoop..., machine learning, python, sql",6,18,"data manipulation, data science, hadoop..., machine learning, python, sql",7.11
google search analyst,"google..., search analyst, search engine, search engine optimization, sem, seo",6,18,"google..., search analyst, search engine, search engine optimization, sem, seo",7.11
business development & insurance analytics role,"base sas, insurance analytics, linear regression, r..., segmentation, strategy",6,18,"base sas, insurance analytics, linear regression, r..., segmentation, strategy",7.11
spot offer - bpo- uk web-chat process @ kalyani nagar,"calling, chat, inbound, international voice process, outbound, web - chat...",6,18,"calling, chat, inbound, international voice process, outbound, web - chat...",7.11
interview scheduled for data analyst on 6th october at powai location,"banking, bfsi, data analysis, investment..., oracle sql, retail banking",6,18,"banking, bfsi, data analysis, investment..., oracle sql, retail banking",7.11
java architect_product development_bangalore,"azure, iot, java, javascript, python, supply chain",6,18,"azure, iot, java, javascript, python, supply chain",7.11
acn digital- analytics customer analytics-cdm - 09,"business intelligence, microsoft, production support, sas, sdlc..., sql",6,18,"business intelligence, microsoft, production support, sas, sdlc..., sql",7.11
cn - strategy - mc - resources utilities,"asset management, cyber security..., dms, gis, scada, system integration",6,18,"asset management, cyber security..., dms, gis, scada, system integration",7.11
"claims / insurance analytics - quantium, hyderabad","claims analytics..., data science, nlp, python, text analytics, text mining",6,18,"claims analytics..., data science, nlp, python, text analytics, text mining",7.11
sap data & development,"analytical, data mapping..., data migration, data structures, epc, outsourcing",6,18,"analytical, data mapping..., data migration, data structures, epc, outsourcing",7.11
senior engineer developer - analytics,"agile, fluentd, logstash..., python programming, software solutions, tdd",6,18,"agile, fluentd, logstash..., python programming, software solutions, tdd",7.11
data scientist - r/python & spark - consulting firm,"advanced analytics, data..., deep learning, machine learning, python, spark",6,18,"advanced analytics, data..., deep learning, machine learning, python, spark",7.11
senior manager - actuarial - p&c insurance,"predictive modeling, risk analytics, sas, sql, statistical analysis, vba...",6,18,"predictive modeling, risk analytics, sas, sql, statistical analysis, vba...",7.11
data information management analyst,"analytical, automation, cognos..., data management, financial services, sas",6,18,"analytical, automation, cognos..., data management, financial services, sas",7.11
head marketing - retail (sobha metercube,"atl, brand positioning..., branding, btl, digital marketing, sales",6,18,"atl, brand positioning..., branding, btl, digital marketing, sales",7.11
manager - sas analytics/modeling,"..., analytics, excel powerpoint, predictive modeling, sas sql, segmentation",6,18,"..., analytics, excel powerpoint, predictive modeling, sas sql, segmentation",7.11
assistant manager - retail analytics - kpo,"retail analytics, sas, tableau, analytics manager, excel powerpoint, problem solving",6,18,"retail analytics, sas, tableau, analytics manager, excel powerpoint, problem solving",7.11
urgent job vacancy for clinical sas programmer- team manager/team lead,"adam, life sciences..., sas, sdtm, statistical programming, statistics",6,18,"adam, life sciences..., sas, sdtm, statistical programming, statistics",7.11
area credit manager - home loans/lap in leading nbfc,"banking, credit management, finance, home loans, lap, sales...",6,18,"banking, credit management, finance, home loans, lap, sales...",7.11
job openings for clinical sas programmer- team lead & team manager,"adam, life sciences..., sas, sdtm, statistical programming, statistics",6,18,"adam, life sciences..., sas, sdtm, statistical programming, statistics",7.11
urgent:: data analyst at chennai,"analytics, data analysis, machine data..., machine learning, python, tableau",6,18,"analytics, data analysis, machine data..., machine learning, python, tableau",7.11
data and analytics lead,"data analysis, data analytics, data architecture, erp, reporting tools, sap...",6,18,"data analysis, data analytics, data architecture, erp, reporting tools, sap...",7.11
project manager - analytics/ sas - bfsi domain - kpo/ bpo - iit + iim,"bpo, client management, communication skills, iim, kpo, project management",6,18,"bpo, client management, communication skills, iim, kpo, project management",7.11
product manager - it/tech services,"agile development, machine learning, nlp, sas, test scenarios..., user stories",6,18,"agile development, machine learning, nlp, sas, test scenarios..., user stories",7.11
post sales/ customer success executive,"advertising, communication skills..., inbound, marketing, outbound, post sales",6,18,"advertising, communication skills..., inbound, marketing, outbound, post sales",7.11
javascript,"business process, html, j2ee, jquery, operations..., outsourcing",6,18,"business process, html, j2ee, jquery, operations..., outsourcing",7.11
avp - program management - change management/transformation/analytics,"analytics, change management, lean, program management, six..., transformation",6,18,"analytics, change management, lean, program management, six..., transformation",7.11
associate - analytics,"analytics, machine learning, python, sas, spss, time series",6,18,"analytics, machine learning, python, sas, spss, time series",7.11
associate - model validation - banking analytics (4-7 years,"banking analytics, business modeling..., metrics, sas, sql, statistics",6,18,"banking analytics, business modeling..., metrics, sas, sql, statistics",7.11
practice head - digital,"agile, analytics..., business analysis, networking, presales, telecom",6,18,"agile, analytics..., business analysis, networking, presales, telecom",7.11
manager - machine learning/r/matlab,"c++, data mining, java, machine learning, matlab..., python",6,18,"c++, data mining, java, machine learning, matlab..., python",7.11
pm analytics in mnc bpo in pune,"bi..., business intelligence, requirement analysis, sas, sql, us healthcare",6,18,"bi..., business intelligence, requirement analysis, sas, sql, us healthcare",7.11
looking advance data scientist for analytics product,"algorithms..., c++, deep learning, machine learning, neural networks, python",6,18,"algorithms..., c++, deep learning, machine learning, neural networks, python",7.11
lead sap hcm consultant - e2e implementation,"ess, gap analysis, mss, sap hcm, uat, user acceptance testing...",6,18,"ess, gap analysis, mss, sap hcm, uat, user acceptance testing...",7.11
vice president - data analytics- predictive modelling & text analytics,"..., machine learning, predictive modeling, sas, text analytics, text mining",6,18,"..., machine learning, predictive modeling, sas, text analytics, text mining",7.11
manager - social media - media,"digital marketing, sem, seo, display advertising..., smm, social media marketing...",6,18,"digital marketing, sem, seo, display advertising..., smm, social media marketing...",7.11
portfolio manager - high frequency trading,".net, algorithms, c#..., c++, investment strategies, matlab",6,18,".net, algorithms, c#..., c++, investment strategies, matlab",7.11
"manager, statistical analysis & general operations","..., analytics, data analysis, general management, python, statistical analysis",6,18,"..., analytics, data analysis, general management, python, statistical analysis",7.11
lead data analyst _ bangalore,"alteryx, data analysis, sas, spss, statistical software, tableau...",6,18,"alteryx, data analysis, sas, spss, statistical software, tableau...",7.11
c++ developer,"c++, http, linux, multithreading, rest, soap, xml",7,15,"c++, http, linux, multithreading, rest, soap, xml",6.91
head - digital marketing - bfsi,"digital marketing, ..., digital media, online marketing, sem, seo, social media",7,15,"digital marketing, ..., digital media, online marketing, sem, seo, social media",6.91
research scientist - machine learning development - java/c++/perl/pyth,"java, c++, machine learning, matlab, perl, predictive modeling..., python",7,15,"java, c++, machine learning, matlab, perl, predictive modeling..., python",6.91
sap sd sales order management,"order management, business process, outsourcing..., nat, outsourcing, risk management",6,17,"order management, business process, outsourcing..., nat, outsourcing, risk management",6.71
lead/head - product management - iit/nit/iim/xlri/fms,"customer experience, digital marketing, sales, seo, web analytics, customer...",6,17,"customer experience, digital marketing, sales, seo, web analytics, customer...",6.71
lead - data/web analytics,"amazon redshift, amazon s3..., data analytics, google analytics, web analytics",5,20,"amazon redshift, amazon s3..., data analytics, google analytics, web analytics",6.58
program manager- data analytics,"data analysis, data analyst..., data analytics, program management, retail",5,20,"data analysis, data analyst..., data analytics, program management, retail",6.58
associate - asset management - investment management,".net, c#, computer science, investment management..., quantitative analysis",5,20,".net, c#, computer science, investment management..., quantitative analysis",6.58
acn - digital - analytics - fs analytics - 9,"account management..., data management, machine learning, python, sql",5,20,"account management..., data management, machine learning, python, sql",6.58
lead - functional learning sales,"coordination, data services, impact analysis, learning..., training delivery",5,20,"coordination, data services, impact analysis, learning..., training delivery",6.58
manager - internal audit - ca - big4,"accounting, auditing, big4..., enterprise risk management, internal audit",5,20,"accounting, auditing, big4..., enterprise risk management, internal audit",6.58
splunk analytics professional ( with adm exp,"analytics..., bigdata, data modeling, splunk, splunk analytics",5,20,"analytics..., bigdata, data modeling, splunk, splunk analytics",6.58
business analyst - oracle cpq,"business analysis, business analyst, oracle cpq, requirement analysis, uat",5,20,"business analysis, business analyst, oracle cpq, requirement analysis, uat",6.58
work from home - sr. consultant - recruitment,"hiring, hr..., recruitment, technical hiring, technical recruitment",5,20,"hiring, hr..., recruitment, technical hiring, technical recruitment",6.58
lead analytics manager,"analytics, machine learning, python..., sas, statistical modeling",5,20,"analytics, machine learning, python..., sas, statistical modeling",6.58
opening for manager-retail loans,"branch banking..., hr, performance appraisal, self service, training",5,20,"branch banking..., hr, performance appraisal, self service, training",6.58
looking for analytics professional,"analytics, logistic regression..., sales, sas, statistical modeling",5,20,"analytics, logistic regression..., sales, sas, statistical modeling",6.58
senior consultant - business research,"..., business research, company profiling, primary research, project management",5,20,"..., business research, company profiling, primary research, project management",6.58
senior data analytics sme - sas / sql,"data analysis, data analytics, data governance, data mining, data quality...",5,20,"data analysis, data analytics, data governance, data mining, data quality...",6.58
azure cloud architect - amazon web services,".net, design patterns, paas..., sql azure, web services",5,20,".net, design patterns, paas..., sql azure, web services",6.58
senior manager - retail analytics - retail/fmcg/cpg domain,"business generation..., cpg, data analytics, retail analytics, sas sql",5,20,"business generation..., cpg, data analytics, retail analytics, sas sql",6.58
machine learning researcher - kpo,"analytics..., computer vision, deep learning, machine learning, text mining",5,20,"analytics..., computer vision, deep learning, machine learning, text mining",6.58
director - analytics - machine learning - kpo - iit/iim/xlri/mdi,"analytics, machine learning, python libraries..., pytorch, tensorflow",5,20,"analytics, machine learning, python libraries..., pytorch, tensorflow",6.58
"sr. business analyst, fueling industry products, kurla, mumbai","..., ba, brd, documentation, gather requirements, retail pos, retail sales apps",7,14,"..., ba, brd, documentation, gather requirements, retail pos, retail sales apps",6.45
associate manager data engineering,"analytics, automation, javascript, machine learning..., python, ruby, sql",7,14,"analytics, automation, javascript, machine learning..., python, ruby, sql",6.45
chief financial officer - ca - manufacturing/fmcd/ auto,"..., auditing, budgeting, finance, financial analysis, sales, variance analysis",7,14,"..., auditing, budgeting, finance, financial analysis, sales, variance analysis",6.45
vp - engineering - product startup - iit/nit,"data structures..., object - oriented design, product development, project management, stakeholder management, technical design, vp...",7,14,"data structures..., object - oriented design, product development, project management, stakeholder management, technical design, vp...",6.45
financial controller - heavy machinery industry (pune,"accounting, ca, finance control, financial controller, pune, tax, us gaap...",7,14,"accounting, ca, finance control, financial controller, pune, tax, us gaap...",6.45
nagios tools administration,"linux administration, nagios, networking, solarwinds..., unix, windows, zabbix",7,14,"linux administration, nagios, networking, solarwinds..., unix, windows, zabbix",6.45
application integration specialist (analyst / developer,"apache camel, java, jboss, mule esb, oracle..., spring integration, wso2",7,14,"apache camel, java, jboss, mule esb, oracle..., spring integration, wso2",6.45
business analyst / associate manager - data analytics,"analytics, data analytics, python, sas, scala, spot fire..., tableau",7,14,"analytics, data analytics, python, sas, scala, spot fire..., tableau",6.45
senior/ lead engineer - web apps & analytics - node.js,"aws..., java, nlp, node.js, python, rest, software engineering",7,14,"aws..., java, nlp, node.js, python, rest, software engineering",6.45
system analyst - data warehouse,"data integration, etl, power bi, sql queries, ssis, ssrs, tableau...",7,14,"data integration, etl, power bi, sql queries, ssis, ssrs, tableau...",6.45
hadoop developer - rdbms/netezza/oracle,"digital marketing, hadoop, hbase, netezza, oracle sql..., sql server, unix",7,14,"digital marketing, hadoop, hbase, netezza, oracle sql..., sql server, unix",6.45
integreon- network engineer- mumbai,"ccna, ccnp, cisco voip..., ip routing, networking, switching, wan connectivity",7,14,"ccna, ccnp, cisco voip..., ip routing, networking, switching, wan connectivity",6.45
xamarin system analyst,"android, blackberry, coding, debugging, enterprise..., system analyst, windows",7,14,"android, blackberry, coding, debugging, enterprise..., system analyst, windows",6.45
senior software engineer _full stack dot net developer,"debugging..., javascript, jquery, mvc, plsql, wcf, web development",7,14,"debugging..., javascript, jquery, mvc, plsql, wcf, web development",6.45
programme manager (annuities domain,"business analysis..., c#, consulting, oracle sql, sdlc, sql server, vb.net",7,14,"business analysis..., c#, consulting, oracle sql, sdlc, sql server, vb.net",6.45
backend developer - rest api/ java - iit/ nit/ bits,"data structures, database..., dbms, java, rest, sql, web technologies",7,14,"data structures, database..., dbms, java, rest, sql, web technologies",6.45
sql developer in us mnc,"b.tech, bca, excel, mca, ms sql, ms sql developer, sql development",7,14,"b.tech, bca, excel, mca, ms sql, ms sql developer, sql development",6.45
senior node.js developer,"algorithms, data structures, dbms, elastic search, hadoop, node.js..., rest",7,14,"algorithms, data structures, dbms, elastic search, hadoop, node.js..., rest",6.45
senior mobile developer,"android, html5, ios, javascript, jquery, rest, web services",7,14,"android, html5, ios, javascript, jquery, rest, web services",6.45
manager- quality control- baddi,"gc, hplc, qa management, qc..., quality control management, sor, uv",7,14,"gc, hplc, qa management, qc..., quality control management, sor, uv",6.45
manager/ assistant manager - ccar/ stress testing,"analytics..., banking, ccar, excel, linear regression, sas sql, time series",7,14,"analytics..., banking, ccar, excel, linear regression, sas sql, time series",6.45
genpact mega walk-in ||27th oct,"backend, blended, bpo, ites, non technical..., non voice, non voice process",7,14,"backend, blended, bpo, ites, non technical..., non voice, non voice process",6.45
"senior .net developer - products, v* rmbs","asp.net, c#, investment banking, requirement analysis, sql server, wcf, wpf...",7,14,"asp.net, c#, investment banking, requirement analysis, sql server, wcf, wpf...",6.45
senior analyst - hr,"accounting, benefits, hr, journal entries, onboarding, payroll..., salary",7,14,"accounting, benefits, hr, journal entries, onboarding, payroll..., salary",6.45
sr. web developer/ designer - html/ css,"css, front end, git..., html, javascript, karma, web development",7,14,"css, front end, git..., html, javascript, karma, web development",6.45
staff software engineer - object oriented analysis & design,"html, javascript, jquery, mvc, play framework, rest..., web development",7,14,"html, javascript, jquery, mvc, play framework, rest..., web development",6.45
marketing advisor/consultant - fmcg,"advertising, branding, fmcg, marketing, positioning, sales, strategy...",7,14,"advertising, branding, fmcg, marketing, positioning, sales, strategy...",6.45
software engineer- core java/python,"cassandra, core java, docker, git, javascript, json, software engineering...",7,14,"cassandra, core java, docker, git, javascript, json, software engineering...",6.45
senior management position in intellectual property/patent services,"presales, project management, proposal preparation..., rfi, rfp, rfq, sales",7,14,"presales, project management, proposal preparation..., rfi, rfp, rfq, sales",6.45
aim sbs apac b and i specialized analytics analyst,"adobe, analytical, financial services, omniture, python..., sas, usage",7,14,"adobe, analytical, financial services, omniture, python..., sas, usage",6.45
am - fp&a with us based mnc - day job for gurgaon (ca must,"..., budgeting, financial analysis, financial planning, forecasting, fp&a, fpna",7,14,"..., budgeting, financial analysis, financial planning, forecasting, fp&a, fpna",6.45
assistant manager - credit risk - kpo,"banking, credit risk, data analytics, excel, problem solving, sas, vba",7,14,"banking, credit risk, data analytics, excel, problem solving, sas, vba",6.45
tech lead - java / angularjs,"angularjs, core java, hibernate, java, mvc..., spring, spring boot",7,14,"angularjs, core java, hibernate, java, mvc..., spring, spring boot",6.45
power bi analyst,"linux, microsoft, shell scripting, ssis, ssrs..., telecom, unix",7,14,"linux, microsoft, shell scripting, ssis, ssrs..., telecom, unix",6.45
pre sales executive,"bid, client management, post sales, presales, rfi, rfp, rfq",7,14,"bid, client management, post sales, presales, rfi, rfp, rfq",6.45
"hiring business analyst (trade finance) - tech mahindra, chennai","..., business analysis, core banking, finacle, flexcube, temenos, trade finance",7,14,"..., business analysis, core banking, finacle, flexcube, temenos, trade finance",6.45
personal assistant,"e learning, facebook, html..., internet research, ms office, php, social media",7,14,"e learning, facebook, html..., internet research, ms office, php, social media",6.45
opening for rcm expert in gurgaon,"..., ar, ar calling, healthcare bpo, medical billing, rcm expert, us healthcare",7,14,"..., ar, ar calling, healthcare bpo, medical billing, rcm expert, us healthcare",6.45
social media expert - media & entertainment,"hindi, kannada, social media, social media expert..., tamil, telugu, twitter",7,14,"hindi, kannada, social media, social media expert..., tamil, telugu, twitter",6.45
business analyst - bsfi domain - (immediate joiner,"business analysis, business analyst..., fsd, sdlc, strategy, test cases, uat",7,14,"business analysis, business analyst..., fsd, sdlc, strategy, test cases, uat",6.45
business analyst - bss/order management,"bss, business analysis, business analyst, cots..., crm, data modeling, telecom",7,14,"bss, business analysis, business analyst, cots..., crm, data modeling, telecom",6.45
business analyst - hr domain - r/ sas/ tableau,"business analysis, cpg, excel powerpoint..., hr analytics, sql, tableau, uat",7,14,"business analysis, cpg, excel powerpoint..., hr analytics, sql, tableau, uat",6.45
data/ mis analyst - sharepoint/ infopath,"data collection..., data management, excel, ms access, sharepoint, sql, vba",7,14,"data collection..., data management, excel, ms access, sharepoint, sql, vba",6.45
quantitative analyst -iit/nit/bits,"algorithms, analytics..., c++, data structures, java, languages, programming",7,14,"algorithms, analytics..., c++, data structures, java, languages, programming",6.45
team leader for the digital marketing team,"..., digital marketing, marketing campaigns, sem, seo, social media, teamleadar",7,14,"..., digital marketing, marketing campaigns, sem, seo, social media, teamleadar",6.45
data scientist - r/ weka/ sql/ hive,"data mining, data science, data scientist, hive, mongodb, nosql, sql",7,14,"data mining, data science, data scientist, hive, mongodb, nosql, sql",6.45
lead engineer - backend,"continuous integration, crucible..., docker, java, junit, rest, scala",7,14,"continuous integration, crucible..., docker, java, junit, rest, scala",6.45
lead react.js developer - javascript,"css, github..., html, html5, javascript, jquery, react.js",7,14,"css, github..., html, html5, javascript, jquery, react.js",6.45
manager - acquisition strategy - sas + banking,"analytics, clustering..., correlation, excel, finance, sas, segmentation",7,14,"analytics, clustering..., correlation, excel, finance, sas, segmentation",6.45
manager - campaign analyst - (3-8 years,"css, eloqua, html, marketing campaigns, marketo, sql..., unica campaign",7,14,"css, eloqua, html, marketing campaigns, marketo, sql..., unica campaign",6.45
asp dot net developer walkin on 19th and 20th oct,".net, asp, asp.net, css, html, javascript, ms sql",7,14,".net, asp, asp.net, css, html, javascript, ms sql",6.45
principal architect - bfs,"c++, design patterns, high frequency trading, linux, os, team leading..., vc++",7,14,"c++, design patterns, high frequency trading, linux, os, team leading..., vc++",6.45
senior data scientist - it,"greenplum, ms sql, mysql..., oracle, plsql, python, unix shell scripting",7,14,"greenplum, ms sql, mysql..., oracle, plsql, python, unix shell scripting",6.45
senior designer - womens wear,"design, detailing, embroidery, sketching, stitching, women..., womens wear",7,14,"design, detailing, embroidery, sketching, stitching, women..., womens wear",6.45
senior developer gfts emea,"application development, coding..., iis, ms sql, sdlc, ssis, wcf",7,14,"application development, coding..., iis, ms sql, sdlc, ssis, wcf",6.45
sr analyst sap crm (brf+ development,"abap, brf+, brfplus, odata, sap crm, sap ecc, ui5",7,14,"abap, brf+, brfplus, odata, sap crm, sap ecc, ui5",6.45
"sr azure developer [.net,azure,wcf,c#] - onsite","ado.net, asp.net, c#, microsoft azure, ooad, wcf, web services",7,14,"ado.net, asp.net, c#, microsoft azure, ooad, wcf, web services",6.45
lease abstraction services,"assets, business analytics, cam, email..., part time, real estate, rf",7,14,"assets, business analytics, cam, email..., part time, real estate, rf",6.45
lead analyst sap mm,"ale, business process, edi, management..., sap, sap mm, scheduling",7,14,"ale, business process, edi, management..., sap, sap mm, scheduling",6.45
lead cost estimator,"cost analysis..., cost estimation, design, gas, oil, petrochemical, refinery",7,14,"cost analysis..., cost estimation, design, gas, oil, petrochemical, refinery",6.45
"hiring for accounts & finance head (cfo role) in kundli, sonipat","accounting, bank loan, banking, cfo, cost control..., finance, profit",7,14,"accounting, bank loan, banking, cfo, cost control..., finance, profit",6.45
cloud security architecture,"..., linux, network security, outsourcing, salesforce, troubleshooting, windows",7,14,"..., linux, network security, outsourcing, salesforce, troubleshooting, windows",6.45
cloudiq - sr software engineer,"agile, application development, ios, open source, perl, python, selenium...",7,14,"agile, application development, ios, open source, perl, python, selenium...",6.45
developer ux ui citiinsight,"ajax, css3..., html, illustrator, javascript, json, photoshop",7,14,"ajax, css3..., html, illustrator, javascript, json, photoshop",6.45
solution architect/technology architect/principle engineer - big data,"core java, hadoop, hibernate, j2ee, nosql, spark..., spring",7,14,"core java, hadoop, hibernate, j2ee, nosql, spark..., spring",6.45
dot net manager - windows applications,".net, application software, c#, dot net manager..., wcf, web technologies, wpf",7,14,".net, application software, c#, dot net manager..., wcf, web technologies, wpf",6.45
senior research chemist,"analytical techniques, gc, hplc, ir, nmr, process development..., research",7,14,"analytical techniques, gc, hplc, ir, nmr, process development..., research",6.45
business systems analyst,"agile development..., data quality, java, javascript, jsp, sql server, uml",7,14,"agile development..., data quality, java, javascript, jsp, sql server, uml",6.45
job title: data architect experience level: 10+ years location: hydera,"data warehousing, data..., java, ms sql server, nosql, open source, postgresql",7,14,"data warehousing, data..., java, ms sql server, nosql, open source, postgresql",6.45
lead developer - .net/ asp/ mvc/ c,".net, asp, asp.net mvc, c#, sql server, web services, web technologies...",7,14,".net, asp, asp.net mvc, c#, sql server, web services, web technologies...",6.45
immediate hiring for moblie app developemet,"android, css3..., ios, javascript, react native, react native api, react.js",7,14,"android, css3..., ios, javascript, react native, react native api, react.js",6.45
am / dm -taleo recruitment,"hr, hris, oracle support, performance appraisal, recruitment, sql..., taleo",7,14,"hr, hris, oracle support, performance appraisal, recruitment, sql..., taleo",6.45
vice president - software engineering,"backend, front - end, middleware, nosql, rdbms..., software engineering, sql",7,14,"backend, front - end, middleware, nosql, rdbms..., software engineering, sql",6.45
walk- in for data analyst role at nasik,"charting, excel, macro, pivot table, powerpoint, ppt, vlookup...",7,14,"charting, excel, macro, pivot table, powerpoint, ppt, vlookup...",6.45
acn - digital - analytics - risk - 09,"..., actuarial, auditing, financial services, risk analytics, sql, underwriting",7,14,"..., actuarial, auditing, financial services, risk analytics, sql, underwriting",6.45
product manager -analytics exp (mandatory ) -oracle(bang,"html, java, javascript, sql database, web services, web technologies..., xml",7,14,"html, java, javascript, sql database, web services, web technologies..., xml",6.45
service now architect/specialist,"ajax, architect, automation, html, ldap..., project management, workflow",7,14,"ajax, architect, automation, html, ldap..., project management, workflow",6.45
"qa engineer ( python, rest api","api, automation testing, linux, manual testing, mongodb..., python, rest api",7,14,"api, automation testing, linux, manual testing, mongodb..., python, rest api",6.45
excel mis expert,"advanced excel, formulas, lookup, macros, mis, ms office tools..., vlookup",7,14,"advanced excel, formulas, lookup, macros, mis, ms office tools..., vlookup",6.45
exciting opportunity for associate reporting analyst,"business..., data visualization, etl, power bi, reporting services, ssis, ssrs",7,14,"business..., data visualization, etl, power bi, reporting services, ssis, ssrs",6.45
data scientist - telecom,"algorithms, big data, data analysis..., machine learning, python, scala, spark",7,14,"algorithms, big data, data analysis..., machine learning, python, scala, spark",6.45
data scientist @mumbai/bang/chennai/pune,"business analytics, numpy..., python, regression, scala, scala sql, sql",7,14,"business analytics, numpy..., python, regression, scala, scala sql, sql",6.45
data scientist - etl/analytics,"analytics, data science, etl, machine learning, python, sql, statistics",7,14,"analytics, data science, etl, machine learning, python, sql, statistics",6.45
recruitment executive / senior recruitment executive,"..., hiring, recruitment, screening, shortlisting, sourcing, talent acquisition",7,14,"..., hiring, recruitment, screening, shortlisting, sourcing, talent acquisition",6.45
hiring for data analyst- on contract @ flipkart,"advanced excel, data analysis, data handling, excel, macros, mis, vlookup...",7,14,"advanced excel, data analysis, data handling, excel, macros, mis, vlookup...",6.45
hiring for genre research-media,"..., bmw, consumer insights, genre, market research, research, research analyst",7,14,"..., bmw, consumer insights, genre, market research, research, research analyst",6.45
analyst - cyber security operations,"dlp, firewall, information security, ips, networking..., soc, tripwire",7,14,"dlp, firewall, information security, ips, networking..., soc, tripwire",6.45
us accounting executive / senior executive,"auditing, balance sheet, loss..., profit, quick books, taxation, us accounting",7,14,"auditing, balance sheet, loss..., profit, quick books, taxation, us accounting",6.45
client financial management seniorassociate,"analytical..., consulting, costing, cre, outsourcing, reconciliation, sap",7,14,"analytical..., consulting, costing, cre, outsourcing, reconciliation, sap",6.45
exl: sql etl developer - noida - ba,"..., data warehousing, requirement gathering, sql development, ssis, ssrs, word",7,14,"..., data warehousing, requirement gathering, sql development, ssis, ssrs, word",6.45
opening for sr. ui/ux developers/designers,"angularjs, css, gui, html5, node.js, real time analysis, ui developer...",7,14,"angularjs, css, gui, html5, node.js, real time analysis, ui developer...",6.45
regional sales head - edtech,"b2c, fmcg, lead generation, new..., region, regional sales, revenue generation",7,14,"b2c, fmcg, lead generation, new..., region, regional sales, revenue generation",6.45
reporting analyst,"data analysis..., excel, mis reporting, powerpoint, reporting tools, sql, word",7,14,"data analysis..., excel, mis reporting, powerpoint, reporting tools, sql, word",6.45
data scientist - analytics,"algorithms, c++, java, machine learning, neural networks, python, scala...",7,14,"algorithms, c++, java, machine learning, neural networks, python, scala...",6.45
r&a eds senior associate etl/visualization,"data integration, data quality..., etl, power bi, sql server, ssis, t - sql",7,14,"data integration, data quality..., etl, power bi, sql server, ssis, t - sql",6.45
analytics lead,"analytics, consulting, ms sql, profitability..., sales, spotfire, strategy",7,14,"analytics, consulting, ms sql, profitability..., sales, spotfire, strategy",6.45
manager - presales,"analytical, bidding, cloud computing..., consulting, presales, rfp, windows",7,14,"analytical, bidding, cloud computing..., consulting, presales, rfp, windows",6.45
manager - recruitment - semiconductor/electrical,"client..., hiring, hr, interviewing, recruitment, sourcing, talent acquisition",7,14,"client..., hiring, hr, interviewing, recruitment, sourcing, talent acquisition",6.45
software developer - java/hadoop/python,"angularjs, eclipse, git, java, javascript, software development..., sql",7,14,"angularjs, eclipse, git, java, javascript, software development..., sql",6.45
big data engineer_gurgaon,"big data, hadoop, hadoop developer, hive, pig, scala, spark",7,14,"big data, hadoop, hadoop developer, hive, pig, scala, spark",6.45
"associate attorney llb llm freshers can apply - provana india, noida","affidavits, contract, contract management..., drafting, legal, llb, llm",7,14,"affidavits, contract, contract management..., drafting, legal, llb, llm",6.45
senior business analyst - sql/python,"..., advanced excel, data analysis, data visualization, macros, oracle sql, vba",7,14,"..., advanced excel, data analysis, data visualization, macros, oracle sql, vba",6.45
urgently looking for react front end developer @ chennai,"bootstrap, css, grunt, html, javascript, react.js..., responsive web design",7,14,"bootstrap, css, grunt, html, javascript, react.js..., responsive web design",6.45
manager business analyst,"budgeting, business analysis, business process, financial analysis, gap analysis, integration services, uat",7,14,"budgeting, business analysis, business process, financial analysis, gap analysis, integration services, uat",6.45
android developer - json/mobile/xml/oops/eclipse,"algorithms..., android, core java, design patterns, eclipse ide, soap, xml",7,14,"algorithms..., android, core java, design patterns, eclipse ide, soap, xml",6.45
business analyst (process & compliance & reporting,"..., business analysis, excel, ms office, power bi, process compliance, tableau",7,14,"..., business analysis, excel, ms office, power bi, process compliance, tableau",6.45
sharepoint or .net developer,"asp.net, c#, javascript..., jquery, sql server, telerik controls, wcf services",7,14,"asp.net, c#, javascript..., jquery, sql server, telerik controls, wcf services",6.45
dot net(mscrm,".net, asp.net, javascript, jquery, ms crm, software design..., sql server",7,14,".net, asp.net, javascript, jquery, ms crm, software design..., sql server",6.45
"ux, ui application developer (r&d team",".net, css, java, javascript, jquery, node.js..., supply chain planning",7,14,".net, css, java, javascript, jquery, node.js..., supply chain planning",6.45
"sr principal, model risk analyst","..., credit risk, finance, java, market risk, model validation, risk management",7,14,"..., credit risk, finance, java, market risk, model validation, risk management",6.45
sr. analyst - operations,"..., finance, frm, investment banking, market data, market risk management, var",7,14,"..., finance, frm, investment banking, market data, market risk management, var",6.45
sr. associate/ associate - talent acquisition,"..., hiring, recruitment, screening, shortlisting, sourcing, talent acquisition",7,14,"..., hiring, recruitment, screening, shortlisting, sourcing, talent acquisition",6.45
taxation / accounts / bpo / ites / call center / non voice / banking,"..., bpo, bpos, call center, customer support, technical support, voice support",7,14,"..., bpo, bpos, call center, customer support, technical support, voice support",6.45
team lead - contact center operations - hyderabad - tamil (non voice,"..., call center, contact center, tamil, team handling, team leading, team size",7,14,"..., call center, contact center, tamil, team handling, team leading, team size",6.45
require senior software developer/ tech lead- sitecore,"asp.net, c#, linq, mvc, net, sitecore, web api",7,14,"asp.net, c#, linq, mvc, net, sitecore, web api",6.45
required .net developer with reactjs exp. || incedo inc || gurgaon,"api, asp.net, javascript, mvc, react.js, wcf, web api",7,14,"api, asp.net, javascript, mvc, react.js, wcf, web api",6.45
research and development - iot,"..., cdma, computer science, gsm, layer 3, networking, performance optimization",7,14,"..., cdma, computer science, gsm, layer 3, networking, performance optimization",6.45
"senior associate, data product research & analyst openings","hadoop, java, oracle, software development..., sql queries, unix, vertica",7,14,"hadoop, java, oracle, software development..., sql queries, unix, vertica",6.45
senior business analyst - online/ecommerce - iit/nit/bits/iim/isb/tiss,"..., advanced excel, data analysis, data visualization, macros, oracle sql, vba",7,14,"..., advanced excel, data analysis, data visualization, macros, oracle sql, vba",6.45
sr. web developer/designer - html/css,"css, front end, git..., html, javascript, karma, web development",7,14,"css, front end, git..., html, javascript, karma, web development",6.45
sr. web graphic designer,"graphic designing, html, illustrator, indesign, logo, photoshop, typography...",7,14,"graphic designing, html, illustrator, indesign, logo, photoshop, typography...",6.45
senior software developer with expertise in microsoft azure at thane,"asp.net mvc, c#, html5, javascript, microsoft azure, sql server, web api",7,14,"asp.net mvc, c#, html5, javascript, microsoft azure, sql server, web api",6.45
urgent openings for ssrs/ssas dataware house,"data analysis..., data warehousing, olap, oracle sql, ssas, ssis, ssrs",7,14,"data analysis..., data warehousing, olap, oracle sql, ssas, ssis, ssrs",6.45
software developer,".net framework, asp.net mvc, c#, javascript, sql server, tfs, web services...",7,14,".net framework, asp.net mvc, c#, javascript, sql server, tfs, web services...",6.45
software developer - hadoop/java/python,"angularjs, eclipse, git, java, javascript, software development..., sql",7,14,"angularjs, eclipse, git, java, javascript, software development..., sql",6.45
office assistant,"..., excel, ms office, office assistance, office management, power point, tally",7,14,"..., excel, ms office, office assistance, office management, power point, tally",6.45
returnee program - fp&a-emerging leader (revenue analyst,"accounting, excel, finance, forecasting..., formulas, lookup, mis reporting",7,14,"accounting, excel, finance, forecasting..., formulas, lookup, mis reporting",6.45
data analyst - r/python/perl,"google analytics, html, ms access..., mysql, python, sql server, web analytics",7,14,"google analytics, html, ms access..., mysql, python, sql server, web analytics",6.45
required paralegal patent secretary at mumbai,"intellectual property, ip, ipr..., para legal, paralegal, patent, trademark",7,14,"intellectual property, ip, ipr..., para legal, paralegal, patent, trademark",6.45
required part time/work from home /fresher exp./housewives/online work,"..., content writing, data entry operation, excel, freelancing, notepad, typing",7,14,"..., content writing, data entry operation, excel, freelancing, notepad, typing",6.45
front end developer / ui developer - javascript / html,"backbone.js, css..., front end developer, html, javascript, oops, ui developer",7,14,"backbone.js, css..., front end developer, html, javascript, oops, ui developer",6.45
bigdata azure elt / etl development - engineers- immediate joiner,"azure factory..., big data, data analytics, java, python, spark, sql",7,14,"azure factory..., big data, data analytics, java, python, spark, sql",6.45
manager - structured finance,"abs, cdo, clo..., cmbs, credit analysis, rmbs, structured finance",7,14,"abs, cdo, clo..., cmbs, credit analysis, rmbs, structured finance",6.45
manager - us & india payroll,"auditing, compensation, finance, hr, leave, payroll software..., taxation",7,14,"auditing, compensation, finance, hr, leave, payroll software..., taxation",6.45
urgent opening for dotnet developer,".net, asp.net mvc, javascript, jquery, sql server, wcf, web technologies...",7,14,".net, asp.net mvc, javascript, jquery, sql server, wcf, web technologies...",6.45
urgent opening for mis executive - rajouri garden,"advanced excel, data analysis..., hlookup, lookup, mis, pivot table, vlookup",7,14,"advanced excel, data analysis..., hlookup, lookup, mis, pivot table, vlookup",6.45
consultant role - sas + sql - banking domain - iit/isi/dse,"analytics, banking, excel, predictive modeling, sas, sql, statistics...",7,14,"analytics, banking, excel, predictive modeling, sas, sql, statistics...",6.45
consultant/senior consultant - anti money laundering- sas/analytics,"aml, analytics, big data, hadoop, risk management, sas, sql",7,14,"aml, analytics, big data, hadoop, risk management, sas, sql",6.45
senior associate - talent aquisition,"..., hr, interview scheduling, interviewing, job posting, recruitment, sourcing",7,14,"..., hr, interview scheduling, interviewing, job posting, recruitment, sourcing",6.45
urgent opening for sap basis architect,"bw, netweaver, sap basis..., sap ecc, sap hana, sap security, sap upgrade",7,14,"bw, netweaver, sap basis..., sap ecc, sap hana, sap security, sap upgrade",6.45
"manager, user experience design","application support, coding, css3..., flex, internship, javascript, lan",7,14,"application support, coding, css3..., flex, internship, javascript, lan",6.45
taleo technical / techno -functional position,"interviewing, onboarding, recruitment, selection, sourcing, taleo, training...",7,14,"interviewing, onboarding, recruitment, selection, sourcing, taleo, training...",6.45
l2 and l3 contact center :: synophic systems :: bangalore,"contact center, contact centre, cuic, cvp, icm, ipt, ucce",7,14,"contact center, contact centre, cuic, cvp, icm, ipt, ucce",6.45
senior security engineer - siem,"ccna, ccna security, ccnp, linux..., security engineer, siem, splunk",7,14,"ccna, ccna security, ccnp, linux..., security engineer, siem, splunk",6.45
business system analyst - data analytics & reporting,"business analysis, data analytics, power bi, sql server, ssas, ssis, system...",7,14,"business analysis, data analytics, power bi, sql server, ssas, ssis, system...",6.45
java software engineer / java applications programmer,"data analytics, gwt, gxt, java, soap, software engineering, struts...",7,14,"data analytics, gwt, gxt, java, soap, software engineering, struts...",6.45
ios lead engineer,"..., front end, ios, memory management, objective c, product development, swift",7,14,"..., front end, ios, memory management, objective c, product development, swift",6.45
"java developer, sap ariba","ariba, hadoop, java, microservices, procurement, sap, scalability...",7,14,"ariba, hadoop, java, microservices, procurement, sap, scalability...",6.45
software development engineer,"algorithms, data structures..., django, java, machine learning, python, sql",7,14,"algorithms, data structures..., django, java, machine learning, python, sql",6.45
java architect - mvc/ spring - premium institute,"hibernate, j2ee, java, maven, spring mvc, tomcat, web services...",7,14,"hibernate, j2ee, java, maven, spring mvc, tomcat, web services...",6.45
java/integration analyst - ecommerce,"..., core java, groovy, hibernate, spring batch, spring framework, web services",7,14,"..., core java, groovy, hibernate, spring batch, spring framework, web services",6.45
advocate,"advocate, corporate law, direct law, law, lawyer, legal, litigation...",7,14,"advocate, corporate law, direct law, law, lawyer, legal, litigation...",6.45
urgent hiring for ionic / hybrid developer,"android sdk, android studio, core java, css, html5..., json, sqlite",7,14,"android sdk, android studio, core java, css, html5..., json, sqlite",6.45
marketing specialist,"activation, advertising, b2b, campaigns, keyword research, marketing, ppc...",7,14,"activation, advertising, b2b, campaigns, keyword research, marketing, ppc...",6.45
marketing assistant,"..., data analysis, events, excel, lead generation, marketing operations, sales",7,14,"..., data analysis, events, excel, lead generation, marketing operations, sales",6.45
"marketing executive ( seo, smm and database management","email marketing..., google analytics, online marketing, ppc, sem, seo, smm",7,14,"email marketing..., google analytics, online marketing, ppc, sem, seo, smm",6.45
analyst/associate analyst - actuarial - insurance,"health insurance, provider, sas, spss, sql, statistical software, vba...",7,14,"health insurance, provider, sas, spss, sql, statistical software, vba...",6.45
research scientist - machine learning development - java/c++/perl,"..., c++, java, machine learning, machine learning development, perl, python",7,14,"..., c++, java, machine learning, machine learning development, perl, python",6.45
sutherland is hiring for cargo revenue accounting for travel process,"amadeus, cargo revenue accounting, galileo, gds, iata, travel, worldspan",7,14,"amadeus, cargo revenue accounting, galileo, gds, iata, travel, worldspan",6.45
sap fico consultant - fmcd,"ap, asset accounting, co, finance, profit..., profitability analysis, sap fico",7,14,"ap, asset accounting, co, finance, profit..., profitability analysis, sap fico",6.45
medical imaging engineer - ct/mri - c++/vtk/image processing,"algorithms, boost..., c++, image processing, opencv, opengl, qt",7,14,"algorithms, boost..., c++, image processing, opencv, opengl, qt",6.45
ui developer | ux designer,"dreamweaver, fireworks, illustrator, javascript, jquery, photoshop, ux...",7,14,"dreamweaver, fireworks, illustrator, javascript, jquery, photoshop, ux...",6.45
ui lead engineer- bglr,"bootstrap, css, html, html5, javascript, mvc architecture, rest...",7,14,"bootstrap, css, html, html5, javascript, mvc architecture, rest...",6.45
sap mm consultant - e2e implementation,"fi, invoice verification, master data, procurement, sap mm, sd, third party...",7,14,"fi, invoice verification, master data, procurement, sap mm, sd, third party...",6.45
customer relationship manager head [retail/fmcg industry,"crm, customer behavior, data analytics, fmcg, loyalty..., marketing, retail",7,14,"crm, customer behavior, data analytics, fmcg, loyalty..., marketing, retail",6.45
cvm analytics,"analytical, analytics, automation, operations research, qlikview..., sas, spss",7,14,"analytical, analytics, automation, operations research, qlikview..., sas, spss",6.45
data analyst - mysql/ sas/ pass,"data analysis, data analyst, data designing, mysql, pass, python..., sas",7,14,"data analysis, data analyst, data designing, mysql, pass, python..., sas",6.45
sas analytics - kpo - iit,"analytics, chaid, clustering, cross selling, forecasting, sas, time series",7,14,"analytics, chaid, clustering, cross selling, forecasting, sas, time series",6.45
sas analytics professional - analytics firm - iit/ dse,"advanced analytics, excel, sas macros, sas..., sql, supply chain, vba",7,14,"advanced analytics, excel, sas macros, sas..., sql, supply chain, vba",6.45
sas analytics professional - banking domain - iit/ isi/ mdi/ du,"..., analytics, chaid, linear regression, predictive modeling, sas, time series",7,14,"..., analytics, chaid, linear regression, predictive modeling, sas, time series",6.45
fixed income rates research role - iit/ nit/ bits,"..., analytical techniques, data analytics, fixed income, open source, sql, vba",7,14,"..., analytical techniques, data analytics, fixed income, open source, sql, vba",6.45
fresher/ exp- medical scribe- us semi voice- us shift- kpo- chn,"biology..., fresher, kpo, night shift, semi voice, us healthcare, us shift",7,14,"biology..., fresher, kpo, night shift, semi voice, us healthcare, us shift",6.45
acn - digital - analytics - customer analytics - 11,"consulting, data analysis..., matlab, project management, python, sas, sql",7,14,"consulting, data analysis..., matlab, project management, python, sas, sql",6.45
it web architect - cms/lamp,"css, html, html5..., javascript, jquery, seo, user interface designing",7,14,"css, html, html5..., javascript, jquery, seo, user interface designing",6.45
data architect - big data/spark/linux,"big data, data architect, hbase..., kafka, linux, scala, spark",7,14,"big data, data architect, hbase..., kafka, linux, scala, spark",6.45
"sales assistant, business development","business development, collaterals, crm, finance..., marketing, sales, strategy",7,14,"business development, collaterals, crm, finance..., marketing, sales, strategy",6.45
data analyst - python/java,"cassandra, java, javascript, json, mysql, python..., xml",7,14,"cassandra, java, javascript, json, mysql, python..., xml",6.45
salesforce consultants - large group in bglr,"angularjs, apex, css, design patterns..., javascript, jquery, oauth",7,14,"angularjs, apex, css, design patterns..., javascript, jquery, oauth",6.45
sap abap consultant - webdynpro,"abap objects, badi, bapi, idocs, sap abap, user exits, webdynpro abap...",7,14,"abap objects, badi, bapi, idocs, sap abap, user exits, webdynpro abap...",6.45
content & communication strategist,"analytics..., blogs, content development, page, platforms, seo, social media",7,14,"analytics..., blogs, content development, page, platforms, seo, social media",6.45
sap accountant - fi/co/sd modules,"accounting, auditing, co, finance, financial control, sap fi..., sap fico",7,14,"accounting, auditing, co, finance, financial control, sap fi..., sap fico",6.45
sap bw consultant - hana module,"analytical skills..., bo, hana, sap abap, sap bw, sap ecc, testing tools",7,14,"analytical skills..., bo, hana, sap abap, sap bw, sap ecc, testing tools",6.45
coo,"business development..., customer service delivery, front office, laundry, patient care, team motivation..., training management",7,14,"business development..., customer service delivery, front office, laundry, patient care, team motivation..., training management",6.45
sem analyst /ppc manager - remote,"analytics, css, data analytics, jquery, market research, seo, wordpress",7,14,"analytics, css, data analytics, jquery, market research, seo, wordpress",6.45
full stack developer - node.js,"ajax, html5, javascript, mongodb..., mvc, node.js, web services",7,14,"ajax, html5, javascript, mongodb..., mvc, node.js, web services",6.45
ucce contact center l2 with synophic systems bangalore,"cisco ip telephony, cucm, h323, mgcp, networking..., sip, voice gateways",7,14,"cisco ip telephony, cucm, h323, mgcp, networking..., sip, voice gateways",6.45
mobile lead engineer - apps development - ios/android,"android, ios, java, json, objective c, sqlite..., xml",7,14,"android, ios, java, json, objective c, sqlite..., xml",6.45
modelling and implementation,"analytics, consulting, data management, forecasting, sas, sql, underwriting...",7,14,"analytics, consulting, data management, forecasting, sas, sql, underwriting...",6.45
medical coder (walkin,"cpc, cpt, data analytics..., ed, icd, medical coding, radiology",7,14,"cpc, cpt, data analytics..., ed, icd, medical coding, radiology",6.45
sap accountant - fi/ co/ sd modules,"accounting, auditing, co, finance, financial control, sap fi..., sap fico",7,14,"accounting, auditing, co, finance, financial control, sap fi..., sap fico",6.45
digital marketing analyst - analytics & business intelligence firm,"digital marketing, google adwords, google analytics, online marketing...",4,24,"digital marketing, google adwords, google analytics, online marketing...",6.32
manager - finance,"auditing, accounting standards, finance, budgeting, budgeting..., indirect taxation",6,16,"auditing, accounting standards, finance, budgeting, budgeting..., indirect taxation",6.32
inside sales executive,"business development, inside sales, account management..., digital marketing, lead generation..., solution selling",6,16,"business development, inside sales, account management..., digital marketing, lead generation..., solution selling",6.32
marketo,"html, microsoft dynamics, outsourcing, rca, business process, operations...",6,16,"html, microsoft dynamics, outsourcing, rca, business process, operations...",6.32
seo & ppc specialist,"pay per click, search engine marketing, sem, seo, digital marketing, search...",6,16,"pay per click, search engine marketing, sem, seo, digital marketing, search...",6.32
lead consultant analytics,"advanced analytics, machine learning..., sas, segmentation",4,24,"advanced analytics, machine learning..., sas, segmentation",6.32
director - quant analytics- machine learning & artificial intelligence,"analytics, data analysis, quant analytics, sentiment analysis...",4,24,"analytics, data analysis, quant analytics, sentiment analysis...",6.32
infra. solutions lead,"high level design..., network security, networking, storage",4,24,"high level design..., network security, networking, storage",6.32
associate vp - analytics - model development - credit card,"analytics, banking, model development, people management skills...",4,24,"analytics, banking, model development, people management skills...",6.32
business analyst - e tendering,"bidding, business analysis, e - tendering, techno commmercial",4,24,"bidding, business analysis, e - tendering, techno commmercial",6.32
oracle sales cloud developer - it applications specialist,"business analysis, crm, system administration, workflow, analytics..., scrum",6,16,"business analysis, crm, system administration, workflow, analytics..., scrum",6.32
associate vice president - strategic analytics - us banking domain,"analytics, banking portfolio..., customer management, strategic analytics",4,24,"analytics, banking portfolio..., customer management, strategic analytics",6.32
manager - human capital analytics/ talent analytics - consulting firm,"data mining..., machine learning, neural networks, nlp",4,24,"data mining..., machine learning, neural networks, nlp",6.32
sr-manager-hr,"auditing, forecasting, process improvement..., research associate",4,24,"auditing, forecasting, process improvement..., research associate",6.32
lead - hr systems - people soft - financial services,"change management, consulting..., project management, requirement analysis",4,24,"change management, consulting..., project management, requirement analysis",6.32
structural design engineer,"staad pro, cad, structural analysis, consulting, design..., engineering design",6,16,"staad pro, cad, structural analysis, consulting, design..., engineering design",6.32
technical architect - analytics,"cluster analysis..., data science, linear regression, machine learning",4,24,"cluster analysis..., data science, linear regression, machine learning",6.32
senior business analyst - analytics,"marketing analytics, campaign analytics..., sales analytics, analytics, business analysis",5,19,"marketing analytics, campaign analytics..., sales analytics, analytics, business analysis",6.25
entrepreneur in residence - ecommerce - iit/ iim/ isb,"marketing analytics, online marketing, consulting, e - commerce..., mobile commerce",5,19,"marketing analytics, online marketing, consulting, e - commerce..., mobile commerce",6.25
hiring : llb / llm (law): graduates/ interns /students- walkin,"business services..., business solutions, legal process outsourcing",3,30,"business services..., business solutions, legal process outsourcing",5.92
msbi developer,"cube, msbi, ssas, ssis, ssrs",5,18,"cube, msbi, ssas, ssis, ssrs",5.92
machine learning scientist - r / python,"machine learning, machine learning scientist, python, ..., data mining, java",6,15,"machine learning, machine learning scientist, python, ..., data mining, java",5.92
data scientist - machine learning/artificial intelligence,"artificial intelligence, data science, machine learning, java, python, r...",6,15,"artificial intelligence, data science, machine learning, java, python, r...",5.92
ixo iot applications,"analytics, javascript, scada, operations..., outsourcing, python",6,15,"analytics, javascript, scada, operations..., outsourcing, python",5.92
digital marketing head,"digital marketing, affiliate marketing..., google adwords, search engine marketing, sem..., seo analysis",6,15,"digital marketing, affiliate marketing..., google adwords, search engine marketing, sem..., seo analysis",5.92
senior digital marketing executive,"digital marketing, seo, social media optimization..., google adwords..., google analytics",5,17,"digital marketing, seo, social media optimization..., google adwords..., google analytics",5.59
enterprise architecture,"analytics, outsourcing, enterprise architecture, system software, togaf...",5,17,"analytics, outsourcing, enterprise architecture, system software, togaf...",5.59
director - finance - ecommerce,"finance, ifrs, accounting standards, auditing, igaap, indirect taxation...",6,14,"finance, ifrs, accounting standards, auditing, igaap, indirect taxation...",5.53
property & casualty insurance,"business analysis, outsourcing, ..., business process, gap analysis, operations",6,14,"business analysis, outsourcing, ..., business process, gap analysis, operations",5.53
chief financial officer - internet/online,"finance, financial analysis, financial reporting, forecasting...",4,21,"finance, financial analysis, financial reporting, forecasting...",5.53
trading head - market making/high frequency trading - iit/ nit/ bits,"high frequency trading, trading, hft, market making..., quant, trading head",6,14,"high frequency trading, trading, hft, market making..., quant, trading head",5.53
senior actuarial analyst - insurance,"finance, communication skills, excel, workers compensation...",4,21,"finance, communication skills, excel, workers compensation...",5.53
sem specialist,"google analytics, sem, seo, social media marketing, twitter, youtube...",6,14,"google analytics, sem, seo, social media marketing, twitter, youtube...",5.53
test analyst (tbancs,"manual testing, test planning, qc..., test analysis, test cases, test data",6,14,"manual testing, test planning, qc..., test analysis, test cases, test data",5.53
product marketing manager,"product marketing, ..., marketing programs, omniture, product management, sales",6,14,"product marketing, ..., marketing programs, omniture, product management, sales",5.53
data analyst - statistical modeling,"statistical modeling, business analysis..., data analysis, data analyst, data analytics, quantitative modeling...",6,14,"statistical modeling, business analysis..., data analysis, data analyst, data analytics, quantitative modeling...",5.53
healthcare payer operations,"business analysis, healthcare, business process..., jira, sql, visio",6,14,"business analysis, healthcare, business process..., jira, sql, visio",5.53
data scientist - r/python/machine learning,"machine learning, python, big data, hadoop..., spark, statistics",6,14,"machine learning, python, big data, hadoop..., spark, statistics",5.53
principal software qa engineer,"healthcare, selenium, functional testing, jira..., test cases, troubleshooting",6,14,"healthcare, selenium, functional testing, jira..., test cases, troubleshooting",5.53
senior engineer,"primetime, timing analysis, sta, sta methodology, synthesis, timing closure",6,14,"primetime, timing analysis, sta, sta methodology, synthesis, timing closure",5.53
head - risk analytics - nbfc,"data analysis, predictive modeling..., risk analytics, sas",4,20,"data analysis, predictive modeling..., risk analytics, sas",5.26
senior analyst - broking firm,"analyst - broking, broking, financial research, asset management, asset management...",5,16,"analyst - broking, broking, financial research, asset management, asset management...",5.26
manager/ senior manager - analytics - startup,"campaign analytics, marketing analytics, sales analytics, sales forecasting...",4,20,"campaign analytics, marketing analytics, sales analytics, sales forecasting...",5.26
manager- data science,"analytics, data mining, data science, statistical analysis",4,20,"analytics, data mining, data science, statistical analysis",5.26
director - client services - digital client services team,"client services, data management, operations, project management..., sales",5,16,"client services, data management, operations, project management..., sales",5.26
manager - machine learning - analytics firm,"excel, machine learning, project delivery..., stakeholder management",4,20,"excel, machine learning, project delivery..., stakeholder management",5.26
equity research - auto sector - investment bank,"equity research, finance..., financial modelling, valuation",4,20,"equity research, finance..., financial modelling, valuation",5.26
manager/sr manager (australian banking experience required,"client delivery manager..., client engagement, sas, statistical analysis",4,20,"client delivery manager..., client engagement, sas, statistical analysis",5.26
senior manager - reporting/analytics & business insights - staffing,"business intelligence reporting..., business operations, mis, sales enablement",4,20,"business intelligence reporting..., business operations, mis, sales enablement",5.26
manual tester: immediate joiner,"bug reporting, manual testing, test case design..., test case execution",4,20,"bug reporting, manual testing, test case design..., test case execution",5.26
technical support manager- digital marketing customer care for noida,"customer care..., customer retention, customer support, technical support",4,20,"customer care..., customer retention, customer support, technical support",5.26
sba/ am/ manager/ senior manager - analytics - group disability,"logistic regression, predictive analytics..., predictive modeling, sas",4,20,"logistic regression, predictive analytics..., predictive modeling, sas",5.26
talend developer,"agile development..., etl, strong analytical skills, talend",4,20,"agile development..., etl, strong analytical skills, talend",5.26
executive - digital marketing,"digital marketing, ..., google adwords, google analytics, search marketing, seo",6,13,"digital marketing, ..., google adwords, google analytics, search marketing, seo",5.13
lead/ manager/ senior manager/ associate director - valuation - ipc,"valuation, accounting, data analytics, due diligence..., finance, npv",6,13,"valuation, accounting, data analytics, due diligence..., finance, npv",5.13
technology architect,"java, json, microsoft azure, product marketing, web services..., xml",6,13,"java, json, microsoft azure, product marketing, web services..., xml",5.13
business and integration architect,"outsourcing, analytics, asset management, dms, resource management..., scada",6,13,"outsourcing, analytics, asset management, dms, resource management..., scada",5.13
senior consultant - sas analytics - banking/credit card fomain - iit,"analytics, banking, big data, credit card domain..., excel, sas sql",6,13,"analytics, banking, big data, credit card domain..., excel, sas sql",5.13
senior consultant - sas - iit/ iim/ dse/ jnu,"analytics..., alteryx, finance, machine learning, python, sas sql",6,13,"analytics..., alteryx, finance, machine learning, python, sas sql",5.13
architect,"oracle, agile, business analyst, informatica, pega..., project management",6,13,"oracle, agile, business analyst, informatica, pega..., project management",5.13
assistant manager - sas programming,"base sas, development testing, sas programming, requirement analysis...",4,19,"base sas, development testing, sas programming, requirement analysis...",5.0
data scientist - iit/ nit/ bits,"analytics reporting, data mining, data science, quantitative analysis, user...",5,15,"analytics reporting, data mining, data science, quantitative analysis, user...",4.93
manager / sr.manager - analytics & reporting-sql,"analytics, business management, data analytics, forecasting, reporting",5,15,"analytics, business management, data analytics, forecasting, reporting",4.93
gmra model development,"analytics, matlab, operations research, risk management, sas r...",5,15,"analytics, matlab, operations research, risk management, sas r...",4.93
content manager,"digital marketing, google analytics, search engine marketing, seo, smo...",5,15,"digital marketing, google analytics, search engine marketing, seo, smo...",4.93
manager - supply chain analytics - bpo - iim/ xlri/ fms,"capacity planning..., cost optimization, customer service, iim, operations",5,15,"capacity planning..., cost optimization, customer service, iim, operations",4.93
research scientist/ engineer - computer vision/machine learning/image,"algorithms..., c++, computer vision, deep learning, image processing",5,15,"algorithms..., c++, computer vision, deep learning, image processing",4.93
avp - senior program manager - business analytics/customer experience,"customer service management, excel, operations, sas..., statistical software",5,15,"customer service management, excel, operations, sas..., statistical software",4.93
element14 hiring - ppc senior manager,"digital marketing, marketing, paid search, pay per click, ppc",5,15,"digital marketing, marketing, paid search, pay per click, ppc",4.93
delivery lead/ manager - financial modeling,"dcf, financial analysis, lbo, pitch books, project finance...",5,15,"dcf, financial analysis, lbo, pitch books, project finance...",4.93
acn digital- analytics go to market,"analytical, business process, customer service, forecasting, mining...",5,15,"analytical, business process, customer service, forecasting, mining...",4.93
function leader - data analytics - it,"data analysis, data analytics..., data governance, data mining, data quality",5,15,"data analysis, data analytics..., data governance, data mining, data quality",4.93
project manager | ar & vr education projects | edtech startup,"..., key account management, project management, team handling, team management",5,15,"..., key account management, project management, team handling, team management",4.93
tensorflow,"application development, machine learning, outsourcing..., python, sap",5,15,"application development, machine learning, outsourcing..., python, sap",4.93
technical architect - c#/.net,".net, c#, software engineering, technical design..., unit testing",5,15,".net, c#, software engineering, technical design..., unit testing",4.93
acn - digital - analytics human capital analytics - 11,"data analysis, data management, data mining, digital marketing..., forecasting",5,15,"data analysis, data management, data mining, digital marketing..., forecasting",4.93
credit underwriter - sme segment,"banking, credit risk..., credit underwriting, finance, financial analysis",5,15,"banking, credit risk..., credit underwriting, finance, financial analysis",4.93
job opening | digital marketing executive,"..., digital marketing, on - page optimization, search engine optimization, seo",5,15,"..., digital marketing, on - page optimization, search engine optimization, seo",4.93
adobe analytics - associate tech lead,"adobe analytics, business modeling, google analytics, google..., web analytics",5,15,"adobe analytics, business modeling, google analytics, google..., web analytics",4.93
business analyst(p&c domain,"qlikview, requirement gathering, tableau..., use cases, user stories",5,15,"qlikview, requirement gathering, tableau..., use cases, user stories",4.93
campaign analytics engineer - sql - banking domain,"analytics, campaign analytics engineer, campaign management, sql, unica",5,15,"analytics, campaign analytics engineer, campaign management, sql, unica",4.93
data architecture principles,"business process, data architecture..., outsourcing, python, sas",5,15,"business process, data architecture..., outsourcing, python, sas",4.93
seo manager,"google analytics, seo, link building, keyword analysis, search engine...",5,15,"google analytics, seo, link building, keyword analysis, search engine...",4.93
manager - presales (analytics consulting,"advanced analytics, case studies..., data science, sales, solutioning",5,15,"advanced analytics, case studies..., data science, sales, solutioning",4.93
avp - business analysis/project management & business transformation,"project management, business analysis..., business transformation, project delivery..., requirements management",5,15,"project management, business analysis..., business transformation, project delivery..., requirements management",4.93
"associate director, securities settlements","business analysis, equity, lending, project management, settlements...",5,15,"business analysis, equity, lending, project management, settlements...",4.93
product manager - ecommerce domain,"customer experience, new product..., product management, user experience, ux",5,15,"customer experience, new product..., product management, user experience, ux",4.93
developer/ sr developer - salesforce,"salesforce, salesforce developer..., sfdc, triggers, visualforce",5,15,"salesforce, salesforce developer..., sfdc, triggers, visualforce",4.93
data scientist - predictive analytics/ miss,"data analysis, data analytics, data manipulation, predictive analytics, sas...",5,15,"data analysis, data analytics, data manipulation, predictive analytics, sas...",4.93
avp/senior avp - sas analytics - consulting firm - iim/iit,"analytics, client management, project implementation, sas analytics, sas...",5,15,"analytics, client management, project implementation, sas analytics, sas...",4.93
cn - strategy - mc products aiit,"analytics, automotive, ms access, project delivery..., supply chain",5,15,"analytics, automotive, ms access, project delivery..., supply chain",4.93
acn - digital - analytics - marketing analytics1,"consulting, digital marketing, econometrics, regression analysis..., sas",5,15,"consulting, digital marketing, econometrics, regression analysis..., sas",4.93
vp - machine learning/advanced analytics - kpo,"analytics, big data modeling, data mining, machine learning, text mining...",5,15,"analytics, big data modeling, data mining, machine learning, text mining...",4.93
hr program specialist - coaching,"coaching, hr, performance review, talent development, talent management...",5,15,"coaching, hr, performance review, talent development, talent management...",4.93
senior manager/avp - travel & logistics analytics - credit card/bankin,"logistic regression, machine learning, python..., sas, segmentation",5,15,"logistic regression, machine learning, python..., sas, segmentation",4.93
product manager/senior product manager - consumer web space - iit/nit,"front end..., product management, user experience design, ux, web technologies",5,15,"front end..., product management, user experience design, ux, web technologies",4.93
accenture is hiring for fs analytics-bangalore,"data analytics, data mining, machine learning, spark, statistics...",5,15,"data analytics, data mining, machine learning, spark, statistics...",4.93
python modeller - bfs - kpo/bpo,"analytics, modeler, predictive modeling..., project management, python",5,15,"analytics, modeler, predictive modeling..., project management, python",4.93
manager costing,"budgeting, costing, estimation, rate analysis..., sap fico",5,15,"budgeting, costing, estimation, rate analysis..., sap fico",4.93
manager - debt syndication,"banking, debt syndication, finance, fund raising, ratio analysis...",5,15,"banking, debt syndication, finance, fund raising, ratio analysis...",4.93
urgent hiring for digital marketing executive || noida,"digital marketing, display advertising, google adwords, sem..., seo",5,15,"digital marketing, display advertising, google adwords, sem..., seo",4.93
sales and marketing data analyst - data analytics,"data analysis..., eloqua, marketing automation, sales, salesforce",5,15,"data analysis..., eloqua, marketing automation, sales, salesforce",4.93
data analyst : r/python & machine learning expert @ pune,"data mining, graph algorithms, machine learning, python, text mining...",5,15,"data mining, graph algorithms, machine learning, python, text mining...",4.93
manager/senior manager - industry domain lead - analytics,"accounting..., events, go - to - market strategy, marketing, sales",5,15,"accounting..., events, go - to - market strategy, marketing, sales",4.93
functional test planning,"analytical, business process, operations..., outsourcing, selenium",5,15,"analytical, business process, operations..., outsourcing, selenium",4.93
research management- associate and senior associate,"advanced excel..., data analytics, financial reporting, mis reporting, vba",5,15,"advanced excel..., data analytics, financial reporting, mis reporting, vba",4.93
specialized analytics manager,"financial services, forecasting, business analytics, analytical, customer retention...",5,15,"financial services, forecasting, business analytics, analytical, customer retention...",4.93
patent/ ip engineer,"intellectual property, patent, patent law..., patent searching, patents",5,15,"intellectual property, patent, patent law..., patent searching, patents",4.93
patent professional (m.tech freshers - top institutes in ee/ec/cs/it,"patent analysis, patent drafting, patent research, patent search..., patents",5,15,"patent analysis, patent drafting, patent research, patent search..., patents",4.93
"executive, digital ad sales","ad operations..., ad sales, digital sales, media sales, online advertising",5,15,"ad operations..., ad sales, digital sales, media sales, online advertising",4.93
regional head - digital ad sales - west,"ad sales, national sales, prospecting..., revenue generation, social media",5,15,"ad sales, national sales, prospecting..., revenue generation, social media",4.93
gm - btl marketing,"btl, key account management, key accounts..., marketing, promotions, sales",6,12,"btl, key account management, key accounts..., marketing, promotions, sales",4.74
willis towers hiring for dashboard specialist i night shifts,"..., analytics, business analysis, dashboards, employee benefits, human capital",6,12,"..., analytics, business analysis, dashboards, employee benefits, human capital",4.74
"work & settle | software engineer & design engg. in canada, australia","application designing, design, developer, engineer, software, tester...",6,12,"application designing, design, developer, engineer, software, tester...",4.74
it recruiter (on contract,"hiring, hr solutions..., interviewing, it recruitment, screening, telephonic",6,12,"hiring, hr solutions..., interviewing, it recruitment, screening, telephonic",4.74
it site engineer,"domain server, linux, mdt..., powershell, windows active directory, wsus",6,12,"domain server, linux, mdt..., powershell, windows active directory, wsus",4.74
"lead , business analyst","analytical, analytics, banking, business..., lead business analyst, management",6,12,"analytical, analytics, banking, business..., lead business analyst, management",4.74
immediate hiring for mechanical design engineer_pune,"..., ansys, b.e, mechanical design, mechanical engineering, thermal engineering",6,12,"..., ansys, b.e, mechanical design, mechanical engineering, thermal engineering",4.74
information security manager,"dlp, endpoint security, information security, ips, risk management..., siem",6,12,"dlp, endpoint security, information security, ips, risk management..., siem",4.74
job opportunities for android framework developer,"android framework, c++, computer science..., core java, jni, oops",6,12,"android framework, c++, computer science..., core java, jni, oops",4.74
director- corporate governance and regulator affairs,"advocacy..., company law, corporate law, drafting, legal documentation, sebi",6,12,"advocacy..., company law, corporate law, drafting, legal documentation, sebi",4.74
job opportunity edp/dtp executive for leading education industry,"advanced excel, corel draw, ms office word, pagemaker, photoshop, vlookup...",6,12,"advanced excel, corel draw, ms office word, pagemaker, photoshop, vlookup...",4.74
test engineer,"analytics reporting..., qa, sdlc, test engineering, test scripts, use cases",6,12,"analytics reporting..., qa, sdlc, test engineering, test scripts, use cases",4.74
intermediate research analyst - investment solutions group,"datastream, finance, model validation, quantitative..., research analysis, sql",6,12,"datastream, finance, model validation, quantitative..., research analysis, sql",4.74
java technical project manager,"impact analysis, j2ee, java, project delivery, spring..., techno functional",6,12,"impact analysis, j2ee, java, project delivery, spring..., techno functional",4.74
aem architect - adobe cq5/analytics/java/j2ee,"j2ee architecture, java, javascript..., jms, spring framework, web services",6,12,"j2ee architecture, java, javascript..., jms, spring framework, web services",4.74
acn - digital - analytics customer analytics- cmt,"business objects..., cognos, data management, oracle, sas, spss",6,12,"business objects..., cognos, data management, oracle, sas, spss",4.74
advisory developer - artificial intelligence senior,"computer vision, d3.js, deep learning..., machine learning, opencv, python",6,12,"computer vision, d3.js, deep learning..., machine learning, opencv, python",4.74
vp - engineer - product startup,"new product development, product development, project management, project management..., software development..., stakeholder management",6,12,"new product development, product development, project management, project management..., software development..., stakeholder management",4.74
ux lead - animation,"animation..., design, graphic designing, usability, user research, ux",6,12,"animation..., design, graphic designing, usability, user research, ux",4.74
junior/senior sap hana consultant - lumira,"bi, hana, hana architecture..., lumira, sap hana, sap hana consultant",6,12,"bi, hana, hana architecture..., lumira, sap hana, sap hana consultant",4.74
mutual fund analyst,"mutual funds, research analysis, wealth management",3,24,"mutual funds, research analysis, wealth management",4.74
fraud strategy & analytics - sas analytics,"analytics, credit cards, retail banking",3,24,"analytics, credit cards, retail banking",4.74
accounting advisory ( aas) professional,"accounting, auditing..., finance, ifrs, indian gaap, us gaap",6,12,"accounting, auditing..., finance, ifrs, indian gaap, us gaap",4.74
cloud solution architect,"cloud..., iaas, leadership, saas, solution architecture, solution design",6,12,"cloud..., iaas, leadership, saas, solution architecture, solution design",4.74
cloud technical architect,"aws, cloud, java, product management..., python, requirement analysis",6,12,"aws, cloud, java, product management..., python, requirement analysis",4.74
lead technology engineer - c++/linux - premium institute,"c++, design patterns, high frequency trading, linux, os, software design...",6,12,"c++, design patterns, high frequency trading, linux, os, software design...",4.74
tosca testsuite,"analytical, business process, manager..., operations, outsourcing, supervision",6,12,"analytical, business process, manager..., operations, outsourcing, supervision",4.74
digital marketing expert ( ppc & seo specialist,"digital marketing, google analytics, marketing campaigns..., ppc, sem, seo",6,12,"digital marketing, google analytics, marketing campaigns..., ppc, sem, seo",4.74
project manager - analytics - bank - iit/ iim/ isi/ nit,"analytics, iim, problem solving, project management, sas..., team leading",6,12,"analytics, iim, problem solving, project management, sas..., team leading",4.74
dft design engineer - rtl/vhdl/verilog,"design engineering, dft, failure analysis..., rtl compiler, verilog, vhdl",6,12,"design engineering, dft, failure analysis..., rtl compiler, verilog, vhdl",4.74
technical architect - java/j2ee/spring/hibernate,"hibernate, j2ee, java, scalability, solution design..., spring",6,12,"hibernate, j2ee, java, scalability, solution design..., spring",4.74
assistant manager - content,"blogs, content marketing..., keyword research, link building, ppc, seo",6,12,"blogs, content marketing..., keyword research, link building, ppc, seo",4.74
project manager - automation,"capm..., itil, pmi, pmp, prince2, project management",6,12,"capm..., itil, pmi, pmp, prince2, project management",4.74
vice president - risk analytics - credit risk - bfs,"accounting, anova, excel..., finance, multivariate analysis, sas",6,12,"accounting, anova, excel..., finance, multivariate analysis, sas",4.74
vice president legal/ head legal,"criminal cases, drafting agreements, law, legal drafting, llb, llm...",6,12,"criminal cases, drafting agreements, law, legal drafting, llb, llm...",4.74
senior business analyst/ manager - insurance analytics - sas/r/python,"business analysis..., insurance analytics, linear regression",3,24,"business analysis..., insurance analytics, linear regression",4.74
business operation analyst and senior analyst_hyderabad_mnc,"google adwords..., google analytics, google tag manager, gtm, html, javascript",6,12,"google adwords..., google analytics, google tag manager, gtm, html, javascript",4.74
senior etl developer,"ms sql developer..., mysql, postgres, postgresql, python, python developer",6,12,"ms sql developer..., mysql, postgres, postgresql, python, python developer",4.74
senior executive - digital marketing,"..., digital marketing, google adwords, google analytics, keyword research, seo",6,12,"..., digital marketing, google adwords, google analytics, keyword research, seo",4.74
senior executive/ assistant manager - data analyst - online marketing,"advanced analytics, data..., online marketing, sql, time series, web analytics",6,12,"advanced analytics, data..., online marketing, sql, time series, web analytics",4.74
c++ developer (a-tier college/ product development,"algorithms, c++, data structures, iot..., programming, software development",6,12,"algorithms, c++, data structures, iot..., programming, software development",4.74
senior manager - sas + vba - banking domain,"analytics, forecasting, sas, sas process, stakeholder management, vba",6,12,"analytics, forecasting, sas, sas process, stakeholder management, vba",4.74
senior manager business analytics,"..., business analytics, data analysis, data mining, product engineering, sales",6,12,"..., business analytics, data analysis, data mining, product engineering, sales",4.74
senior manager finance and analysis,"..., budgeting, finance, financial management, financial reporting, forecasting",6,12,"..., budgeting, finance, financial management, financial reporting, forecasting",4.74
jr. digital marketer,"digital marketing, google analytics..., link building, sem, seo, smo",6,12,"digital marketing, google analytics..., link building, sem, seo, smo",4.74
junior / senior sap bi / bw consultant - hana,"architecture, bw analysis..., bw consultant, bw4hana, hana, sap bi",6,12,"architecture, bw analysis..., bw consultant, bw4hana, hana, sap bi",4.74
junior officer/officer/sr. officer - r&d (api,"ftir, gc, hplc, material analysis, pharma formulation..., uv",6,12,"ftir, gc, hplc, material analysis, pharma formulation..., uv",4.74
"sql developer, banking domain - analytics","data warehousing, dwbi, ms sql server..., plsql, sql development, sql server",6,12,"data warehousing, dwbi, ms sql server..., plsql, sql development, sql server",4.74
job opportunity for presales head,"alliances..., digital marketing, digital strategy, presales, rfp, sales",6,12,"alliances..., digital marketing, digital strategy, presales, rfp, sales",4.74
walkin_18th october_associate-fth | contract review,"contract abstraction, contract review, drafting, law, legal services, llb...",6,12,"contract abstraction, contract review, drafting, law, legal services, llb...",4.74
splunk developer | 2 -6 years | bangalore,"css, javascript, jquery, spl, splunk, splunkjs",6,12,"css, javascript, jquery, spl, splunk, splunkjs",4.74
"digital marketing analyst, digital marketing manager","adwords, campaigns, digital marketing, mis reporting, online marketing, seo...",6,12,"adwords, campaigns, digital marketing, mis reporting, online marketing, seo...",4.74
"young managers for technology, data, operations, bd, mktg & creative","content, creative, data analyst, marketing, operations..., technology",6,12,"content, creative, data analyst, marketing, operations..., technology",4.74
ios tech lead/senior engineer - objective c/swift,"google analytics, ios, ios tech lead, mixpanel..., objective c, swift",6,12,"google analytics, ios, ios tech lead, mixpanel..., objective c, swift",4.74
java big data developer java retail,"..., application development, core java, data structures, shell scripting, unix",6,12,"..., application development, core java, data structures, shell scripting, unix",4.74
java developer/lead - multithreading,"agile development..., core java, design patterns, multithreading, soap, xml",6,12,"agile development..., core java, design patterns, multithreading, soap, xml",4.74
"software development engineering, trainee","application support, coding, financial services..., flex, internship, lan",6,12,"application support, coding, financial services..., flex, internship, lan",4.74
product specialist,"asic design, sales, static timing analysis..., synopsys, verilog, vhdl",6,12,"asic design, sales, static timing analysis..., synopsys, verilog, vhdl",4.74
professor/associate professor/assistant professor - ai/ml/data,"ai, assistant professor..., associate professor, data analytics, ml, professor",6,12,"ai, assistant professor..., associate professor, data analytics, ml, professor",4.74
product analyst - sas/spss/ tableau - iit/ iim/ xlri/ bits/ fms,"business analytics, sas, spss, sql, statistical programming, tableau...",6,12,"business analytics, sas, spss, sql, statistical programming, tableau...",4.74
digital marketing manager - it - ahmedabad,"digital marketing, google analytics, keyword research, marketing..., page, seo",6,12,"digital marketing, google analytics, keyword research, marketing..., page, seo",4.74
hr content development & management specialist,"analytics, consulting, documentation..., market research, proof reading, seo",6,12,"analytics, consulting, documentation..., market research, proof reading, seo",4.74
sql specialist,"data analysis, data extraction, excel, provider, reporting, sql...",6,12,"data analysis, data extraction, excel, provider, reporting, sql...",4.74
business analyst-.net-mfg domain-b1 visa-immediate joiner,".net, business analysis, business analytics, frd...., oracle sql, sql database",6,12,".net, business analysis, business analytics, frd...., oracle sql, sql database",4.74
sr mgr / mgr - business process reengineering,"bpo, kpo, lean six sigma, pmp..., program management, project management",6,12,"bpo, kpo, lean six sigma, pmp..., program management, project management",4.74
associate vice president - credit risk - kpo - iit/ nit/ bits,"..., banking, credit cards, credit risk, people management skills, team leading",6,12,"..., banking, credit cards, credit risk, people management skills, team leading",4.74
database administrator(performance tuning,"dataguard, exadata, oracle enterprise manager, oracle rac, patching..., rman",6,12,"dataguard, exadata, oracle enterprise manager, oracle rac, patching..., rman",4.74
lead - quality engineering expert - web/ui automation,"automation testing, manual testing, sdet, selenium..., soa testing, soap ui",6,12,"automation testing, manual testing, sdet, selenium..., soa testing, soap ui",4.74
lead analyst - asp.net application support,"application support, automation, problem management..., sql, vb, wcf",6,12,"application support, automation, problem management..., sql, vb, wcf",4.74
lead big data engineer - java/ aws/ etl,"algorithms, data science, information retrieval, java, spark, sql...",6,12,"algorithms, data science, information retrieval, java, spark, sql...",4.74
avp - ifrs 9 lead - wholesale impairments analytics team,"accounting, credit risk, finance, ifrs, risk analytics, stress testing...",6,12,"accounting, credit risk, finance, ifrs, risk analytics, stress testing...",4.74
business analyst trade life cycle,"business analysis, derivatives, equity, fixed income, otc, uat...",6,12,"business analysis, derivatives, equity, fixed income, otc, uat...",4.74
vertica technical specialist - centre of excellence,"algorithms, c++, data structures, multithreading, r..., sql",6,12,"algorithms, c++, data structures, multithreading, r..., sql",4.74
immediate openings for accounting advisory (aas) 0-2 years exp in big,"accounting, auditing..., finance function, ifrs, indian gaap, us gaap",6,12,"accounting, auditing..., finance function, ifrs, indian gaap, us gaap",4.74
kpo / process associates / medical billing process / night shift,"bpo, kpo, medical billing, mnc, process associate, us healthcare...",6,12,"bpo, kpo, medical billing, mnc, process associate, us healthcare...",4.74
hr talent analytics & insights senior analyst,"business process, consulting, mining, outsourcing, python..., qlikview",6,12,"business process, consulting, mining, outsourcing, python..., qlikview",4.74
human resource- analytics & automation,"hr analyst, hr analytics, human resource analytics, python, tableau..., vba",6,12,"hr analyst, hr analytics, human resource analytics, python, tableau..., vba",4.74
ibm netezza,"analytics, data migration, oracle, postgresql..., python, sql",6,12,"analytics, data migration, oracle, postgresql..., python, sql",4.74
vice president - engineering - internet/ecommerce,"engineering management, it product management, it project..., java, mysql, php",6,12,"engineering management, it product management, it project..., java, mysql, php",4.74
vice president - model monitoring/model development - bfsi,"analytics, credit risk..., model development, model monitoring, python, sas",6,12,"analytics, credit risk..., model development, model monitoring, python, sas",4.74
vice president - risk analytics & modelling - bfsi,"anova, big data analytics..., risk analytics, risk modeling, sas, spss",6,12,"anova, big data analytics..., risk analytics, risk modeling, sas, spss",4.74
senior networking engineer - juniper,"hardware, juniper, lan..., network engineering, networking protocols, wan",6,12,"hardware, juniper, lan..., network engineering, networking protocols, wan",4.74
engineering manager - java/distributed systems - iit/nit/nits/nsit,"aws, distributed systems, engineering manager, java, rdbms..., web services",6,12,"aws, distributed systems, engineering manager, java, rdbms..., web services",4.74
presales consultant - big data/analytics rfp/rfq,"new business development, presales, rfi, rfp..., rfq, sales",6,12,"new business development, presales, rfi, rfp..., rfq, sales",4.74
primary research - interns - 3 months,"fresher, internship, internship trainee, primary research, research, strong...",6,12,"fresher, internship, internship trainee, primary research, research, strong...",4.74
principal engineer - ios & android platform - xcode/oops,"android studio, ios, mobile applications, release engineering..., ux, xcode",6,12,"android studio, ios, mobile applications, release engineering..., ux, xcode",4.74
avp - mis reposting/campaign management - bfsi,"campaign management, cognos, mis reposting, sas, tableau, teradata",6,12,"campaign management, cognos, mis reposting, sas, tableau, teradata",4.74
director/ chief data scientist - nlp - kpo,"..., data mining, information retrieval, machine learning, neural networks, nlp",6,12,"..., data mining, information retrieval, machine learning, neural networks, nlp",4.74
product analyst - analytics - iit/nit/bits,"..., business intelligence, data analysis, data analytics, excel, web analytics",6,12,"..., business intelligence, data analysis, data analytics, excel, web analytics",4.74
ba (annuities domain,"administration, data mapping, excel, gap analysis, team leading..., visio",6,12,"administration, data mapping, excel, gap analysis, team leading..., visio",4.74
technical lead - software engineering,"c++, java, javascript, oops, python, software product development",6,12,"c++, java, javascript, oops, python, software product development",4.74
technical product manager - it/ tech services,"agile development, machine learning, nlp, sas, test scenarios..., user stories",6,12,"agile development, machine learning, nlp, sas, test scenarios..., user stories",4.74
demandware - system analyst,"demandware, e..., enterprise applications, javascript, service, system analyst",6,12,"demandware, e..., enterprise applications, javascript, service, system analyst",4.74
erp programmer analyst - abap,"abap objects, badi..., module pool, sap abap, smartforms, user exits",6,12,"abap objects, badi..., module pool, sap abap, smartforms, user exits",4.74
erp systems analyst - sap ewm,"4 hana, abap..., erp, erp systems analyst, fiori ui, sap ewm",6,12,"4 hana, abap..., erp, erp systems analyst, fiori ui, sap ewm",4.74
esc chennai csc systems team lead,"..., analytics, customer service, process improvement, procurement, recruitment",6,12,"..., analytics, customer service, process improvement, procurement, recruitment",4.74
seo/ppc manager - digital analytics / marketing,"ppc, search engine marketing..., sem, seo, web development, web technologies",6,12,"ppc, search engine marketing..., sem, seo, web development, web technologies",4.74
sf solution architect,"business rules..., hris, linkedin, recruitment, sap hcm, successfactors",6,12,"business rules..., hris, linkedin, recruitment, sap hcm, successfactors",4.74
pre sales product specialist,"css, html, ios..., javascript, pre sales, pre sales product specialist",6,12,"css, html, ios..., javascript, pre sales, pre sales product specialist",4.74
"engineer - quality at pantanagar, rudrapur - auto parts manufacturing","..., capa, quality, quality inspection, rejection analysis, root cause analysis",6,12,"..., capa, quality, quality inspection, rejection analysis, root cause analysis",4.74
engineering manager,"product strategy, project management, purchase order, security operations..., technical specifications, technology solutions...",6,12,"product strategy, project management, purchase order, security operations..., technical specifications, technology solutions...",4.74
pmo sql developer analyst,"etl, reporting tools, sql development..., sql server, ssis, ssrs",6,12,"etl, reporting tools, sql development..., sql server, ssis, ssrs",4.74
seo and sem associate,"digital marketing, display advertising, google adwords..., sem, seo, smo",6,12,"digital marketing, display advertising, google adwords..., sem, seo, smo",4.74
seo executive/ digital executive /internet marketing/ online marketing,"digital marketing, internet marketing, online marketing, ppc..., seo, smm",6,12,"digital marketing, internet marketing, online marketing, ppc..., seo, smm",4.74
seo specialist for ecommerce website,"google analytics, html, javascript..., keyword research, link building, seo",6,12,"google analytics, html, javascript..., keyword research, link building, seo",4.74
python developer - linux,"framework..., linux, python, python developer, rest apis, unix shell scripts",6,12,"framework..., linux, python, python developer, rest apis, unix shell scripts",4.74
python developer-django/flask,"agile, mongodb, python, python developer..., sql, test driven development",6,12,"agile, mongodb, python, python developer..., sql, test driven development",4.74
python model development role - kpo,"ai, ml, python, python model development, sql..., visualization",6,12,"ai, ml, python, python model development, sql..., visualization",4.74
quality assurance analyst iii,"linux..., qa analysis, quality assurance, sql, test cases, test engineering",6,12,"linux..., qa analysis, quality assurance, sql, test cases, test engineering",4.74
data scientist lead,"algorithms, artificial intelligence, deep learning, etl, neural networks, r...",6,12,"algorithms, artificial intelligence, deep learning, etl, neural networks, r...",4.74
data scientist-ii,"hive, mathematics, matlab, pig, sas, statistics",6,12,"hive, mathematics, matlab, pig, sas, statistics",4.74
data scientists - machine learning & artificial intelligence,"data science..., deep learning, html5, nlp, python, text mining",6,12,"data science..., deep learning, html5, nlp, python, text mining",4.74
decision analytics associate,"analysis, analytics, consulting, excel, problem solving, sas...",6,12,"analysis, analytics, consulting, excel, problem solving, sas...",4.74
arm data assurance,"accounting, accounts receivable, data analytics, fraud..., general ledger, sql",6,12,"accounting, accounts receivable, data analytics, fraud..., general ledger, sql",4.74
life sciences commercial services,"..., analytics, business process, outsourcing, release management, test scripts",6,12,"..., analytics, business process, outsourcing, release management, test scripts",4.74
apps developer programmer analyst,"coding, debugging, investment banking..., multithreading, ooad, sql",6,12,"coding, debugging, investment banking..., multithreading, ooad, sql",4.74
team lead / avp / vp - credit - bfsi,"avp, credit analysis..., credit policy, credit risk, team lead, vp",6,12,"avp, credit analysis..., credit policy, credit risk, team lead, vp",4.74
assistant manager - qlik sense expert | finance domain,"consolidation, dashboard, data warehouse, qlik sense, reporting, ssis",6,12,"consolidation, dashboard, data warehouse, qlik sense, reporting, ssis",4.74
ebs business analyst - oracle o2c cycle,"ar, business analysis, gl, o2c..., project accounting, techno functional",6,12,"ar, business analysis, gl, o2c..., project accounting, techno functional",4.74
assistant manager - electronics maintenance,"action..., mtbf, mttr, preventive maintenance, production, root cause analysis",6,12,"action..., mtbf, mttr, preventive maintenance, production, root cause analysis",4.74
assistant manager - marketing analytics/sas - credit card/banking,"analytics, marketing analytics, modeling, sas, sas predictive modeling, sas...",6,12,"analytics, marketing analytics, modeling, sas, sas predictive modeling, sas...",4.74
team leader/coordinator with nielsen india,"leadership skills..., pl, power bi, sql queries, team leading, visual basic",6,12,"leadership skills..., pl, power bi, sql queries, team leading, visual basic",4.74
r2r financial planning and analysis_mnc_us shift_chennai,"budgeting, finance, forecasting, general ledger, r2r, variance analysis...",6,12,"budgeting, finance, forecasting, general ledger, r2r, variance analysis...",4.74
rdbms architect - sql,"analytics, c++..., datawarehousing, rdbms, rdbms architect, sql",6,12,"analytics, c++..., datawarehousing, rdbms, rdbms architect, sql",4.74
data scientist - premium college,"deep learning, java, machine learning, python..., scala, spark",6,12,"deep learning, java, machine learning, python..., scala, spark",4.74
"angular js , azure- analyst","css, html, javascript, software development..., sql server, web services",6,12,"css, html, javascript, software development..., sql server, web services",4.74
position of data scientist with our client based at hyderabad,"..., data science, data visualization, deep learning, predictive analytics, sql",6,12,"..., data science, data visualization, deep learning, predictive analytics, sql",4.74
data scientist - ecommerce,"hadoop, hive, information retrieval, mapreduce, scala..., spark",6,12,"hadoop, hive, information retrieval, mapreduce, scala..., spark",4.74
data scientist - fintech startup - iit/iim/bits/nit,"analytics, data scientist, hadoop..., iim, marketing, python",6,12,"analytics, data scientist, hadoop..., iim, marketing, python",4.74
power bi consultant - business intelligence/data warehousing,"big data, business intelligence, data warehousing, power bi, sql, tableau...",6,12,"big data, business intelligence, data warehousing, power bi, sql, tableau...",4.74
opeartionsconsultant,"hr analytics, hr mis, hr operations, incentives, learning, rewards",6,12,"hr analytics, hr mis, hr operations, incentives, learning, rewards",4.74
opening for model risk management,"..., ccar, consumer finance, model development, risk management, stress testing",6,12,"..., ccar, consumer finance, model development, risk management, stress testing",4.74
soc engineer/team leader,"project development, security monitoring, siem, soc, soc..., vendor management",6,12,"project development, security monitoring, siem, soc, soc..., vendor management",4.74
quant analyst - c,"algorithms, c++, data structures..., finance, financial markets, market data",6,12,"algorithms, c++, data structures..., finance, financial markets, market data",4.74
relationship officer - sales - bfs,"banking products, branch management, negotiation..., planning, sales, training",6,12,"banking products, branch management, negotiation..., planning, sales, training",4.74
data science/analysis expert - machine learning,"data science, deep learning, etl..., machine learning, neural networks, python",6,12,"data science, deep learning, etl..., machine learning, neural networks, python",4.74
assistant manager purchase,"..., negotiation, procurement, purchase management, sourcing, vendor management",6,12,"..., negotiation, procurement, purchase management, sourcing, vendor management",4.74
assistant manager/ manager - central operations for bangalore,"ea to ceo, ea to cfo, ea to cxo, ea to director, ea to md, secretary...",6,12,"ea to ceo, ea to cfo, ea to cxo, ea to director, ea to md, secretary...",4.74
lead/ head - product management - ecommerce,"customer experience, customer..., digital marketing, sales, seo, web analytics",6,12,"customer experience, customer..., digital marketing, sales, seo, web analytics",4.74
senior manager - forensic,"business development, client relationship..., fraud detection..., fraud risk assessment, manager - forensic, project delivery",6,12,"business development, client relationship..., fraud detection..., fraud risk assessment, manager - forensic, project delivery",4.74
senior database engineer,"azure, c#, ms sql server, oltp..., query optimization, software development",6,12,"azure, c#, ms sql server, oltp..., query optimization, software development",4.74
senior developer java ace risk analytics,"core java, linux, multithreading, sql, troubleshooting..., unix",6,12,"core java, linux, multithreading, sql, troubleshooting..., unix",4.74
ccar - secured/unsecured modelling,"analytics, mathematics..., matlab, operations research, risk management, sas r",6,12,"analytics, mathematics..., matlab, operations research, risk management, sas r",4.74
change management ( only female candidate,"..., code review, development testing, itil, system analysis, technical support",6,12,"..., code review, development testing, itil, system analysis, technical support",4.74
sr associate software applications engineer,"analytical, application software..., interpersonal skills, j2ee, linux, python",6,12,"analytical, application software..., interpersonal skills, j2ee, linux, python",4.74
legal associate- general corporate commercial & secretarial compliance,"agreements, compliance..., contract drafting, legal, mous, vetting contracts",6,12,"agreements, compliance..., contract drafting, legal, mous, vetting contracts",4.74
analytics role - predictive analytics/ statistical modelling - bfs,"chaid, excel..., factor analysis, predictive analytics, sas, text mining",6,12,"chaid, excel..., factor analysis, predictive analytics, sas, text mining",4.74
android developer - xml/json,"algorithms, android development, core java, eclipse ide, soap..., xml",6,12,"algorithms, android development, core java, eclipse ide, soap..., xml",4.74
excellent opportunity for finite element analysis(fea) role in b,"..., ansys, fea, finite element analysis, fracture mechanics, mechanical design",6,12,"..., ansys, fea, finite element analysis, fracture mechanics, mechanical design",4.74
taleo techno functional consultant (6-10 yrs,"hcm cloud, integration, java, talent acquisition, taleo, tcc",6,12,"hcm cloud, integration, java, talent acquisition, taleo, tcc",4.74
team lead - search engines optimization - internet / online,"marketing..., search engines optimization, sem, seo, team lead, web analytics",6,12,"marketing..., search engines optimization, sem, seo, team lead, web analytics",4.74
seo / content manager,"content marketing, link building, major, page, seo, strategy...",6,12,"content marketing, link building, major, page, seo, strategy...",4.74
quality analyst - telecom - hyderabad,"..., back office, call quality, ms office, process efficiency, quality analysis",6,12,"..., back office, call quality, ms office, process efficiency, quality analysis",4.74
php developer - mvc/javascript,"data analysis, javascript, mvc, php, php developer, technical process",6,12,"data analysis, javascript, mvc, php, php developer, technical process",4.74
physical design engineer,"drc, floor planning..., physical design, pnr, sta, timing closure",6,12,"drc, floor planning..., physical design, pnr, sta, timing closure",4.74
quality analyst - call quality analyst,"mis..., qa, quality analyst, quality coach, six sigma, six sigma standards",6,12,"mis..., qa, quality analyst, quality coach, six sigma, six sigma standards",4.74
deputy management representative,"analytics, communication..., leadership, planning, scheduling, team management",6,12,"analytics, communication..., leadership, planning, scheduling, team management",4.74
design engineer/ senior design engineer(nastran/ pastran,"cad, cfd, design analysis, fem, nastran, patran",6,12,"cad, cfd, design analysis, fem, nastran, patran",4.74
python automation engineers with development // nouveau labs,"git, linux development, python, unix, version control, virtualization...",6,12,"git, linux development, python, unix, version control, virtualization...",4.74
pmo analyst - financial tracking,"..., budgeting, pmo, program management, purchase requisition, scope management",6,12,"..., budgeting, pmo, program management, purchase requisition, scope management",4.74
officer/executive - qc,"ftir, gc, hplc, material analysis, pharma formulation..., uv",6,12,"ftir, gc, hplc, material analysis, pharma formulation..., uv",4.74
ola fleet technology - business analyst,"..., advanced excel, business analysis, data analytics, data visualization, vba",6,12,"..., advanced excel, business analysis, data analytics, data visualization, vba",4.74
urgently required : accounts & finance executive,"accounting, auditing, tax audit, taxation, tds, vendor reconciliation...",6,12,"accounting, auditing, tax audit, taxation, tds, vendor reconciliation...",4.74
associate- fraud risk strategy (3 - 6 years,"data analysis, excel, risk analytics, risk management..., sas programming, sql",6,12,"data analysis, excel, risk analytics, risk management..., sas programming, sql",4.74
"sr. engineer ll, eng services (sql, obiee, architecture","analytics..., architecture, aws, data visualization, obiee, sql",6,12,"analytics..., architecture, aws, data visualization, obiee, sql",4.74
chief financial officer (cfo,"accounting, cfo, finance, financial reporting, funding..., taxation",6,12,"accounting, cfo, finance, financial reporting, funding..., taxation",4.74
senior manager - analytics,"data science, excel..., machine learning, python, sql, tableau",6,12,"data science, excel..., machine learning, python, sql, tableau",4.74
senior manager - analytics - healthcare,"analytics, big data, coding, hadoop, manager - analytics, underwriting",6,12,"analytics, big data, coding, hadoop, manager - analytics, underwriting",4.74
ls - senior/ research manager,"analytical, consulting, life sciences..., oncology, pharma, pharmaceutical",6,12,"analytical, consulting, life sciences..., oncology, pharma, pharmaceutical",4.74
cloud architect,"application architecture..., cloud foundry, j2ee, nosql, rest, sql",6,12,"application architecture..., cloud foundry, j2ee, nosql, rest, sql",4.74
cloud security operations and management,"analytics, microsoft, monitoring, outsourcing, security operations, siem...",6,12,"analytics, microsoft, monitoring, outsourcing, security operations, siem...",4.74
executive/ sr. executive -call quality analyst,"call audit, call quality, feedback, qc tools..., quality analysis, training",6,12,"call audit, call quality, feedback, qc tools..., quality analysis, training",4.74
exl: facets (heathcare domain) - sba - noida,"data analysis, excel, ms office, process design, program management..., word",6,12,"data analysis, excel, ms office, process design, program management..., word",4.74
assistant manager - sas/unix/sas enterprise guide - bfsi domain,"analytics, big data, hadoop, sas, sas enterprise guide, unix",6,12,"analytics, big data, hadoop, sas, sas enterprise guide, unix",4.74
assistant manager hr,"esic, hr analytics, induction, payroll..., pf, recruitment",6,12,"esic, hr analytics, induction, payroll..., pf, recruitment",4.74
team leader - data warehouse,"..., amazon redshift, data warehousing, engagement management, oracle, teradata",6,12,"..., amazon redshift, data warehousing, engagement management, oracle, teradata",4.74
openings! kpo -operations,"..., back office operations, financial analyst, insurance, kpo, risk management",6,12,"..., back office operations, financial analyst, insurance, kpo, risk management",4.74
analytics manager - biggest nbfc (gurgaon,"data analysis, python, scorecard, sql, team management, working capital",6,12,"data analysis, python, scorecard, sql, team management, working capital",4.74
microsoft crm solution architect - implementation & design,"microsoft dynamics..., ms dynamics crm, presales, rfi, rfp, ssrs",6,12,"microsoft dynamics..., ms dynamics crm, presales, rfi, rfp, ssrs",4.74
manager - strategy & algorithm - high frequency trading - iit/iim/isb,".net, c#, high frequency trading, quantitative analysis, strategy, strategy...",6,12,".net, c#, high frequency trading, quantitative analysis, strategy, strategy...",4.74
senior business analyst/assistant manager - sales support & business d,"..., business intelligence, market research, marketing, presales, sales support",6,12,"..., business intelligence, market research, marketing, presales, sales support",4.74
senior business analyst/assistant manager/manager - pensions/l&a insur,"business analysis, excel, ms office..., office skills, powerpoint, word",6,12,"business analysis, excel, ms office..., office skills, powerpoint, word",4.74
cluster credit manager/credit manager for sri ganganagar & pali,"business loan, credit, mortgage..., msme, secured loan, small and medium",6,12,"business loan, credit, mortgage..., msme, secured loan, small and medium",4.74
senior consultant - financial services,"..., banking, bfsi, financial services, project management, strategy consulting",6,12,"..., banking, bfsi, financial services, project management, strategy consulting",4.74
associate vp - retail analytics - iim / mdi / isb / fms,"analytics, clustering, ranking..., retail analytics, sas, segmentation",6,12,"analytics, clustering, ranking..., retail analytics, sas, segmentation",4.74
manager - credit risk analytics - sas + credit risk,"data analysis, excel, frm..., risk analytics, sas, sql",6,12,"data analysis, excel, frm..., risk analytics, sas, sql",4.74
amo - analyst - gcm 3,"billing, bpo, consulting..., customer service, data processing, recruitment",6,12,"billing, bpo, consulting..., customer service, data processing, recruitment",4.74
analyst - fixed income/treasury,"bloomberg, capital..., equity, finance, financial modelling, research analysis",6,12,"bloomberg, capital..., equity, finance, financial modelling, research analysis",4.74
user interface design and development,"..., outsourcing, prototype, simulation, social media, user interface designing",6,12,"..., outsourcing, prototype, simulation, social media, user interface designing",4.74
ux designer - photoshop/illustrator,"illustrator, photoshop, sketching, usability testing..., user research, ux",6,12,"illustrator, photoshop, sketching, usability testing..., user research, ux",4.74
head seo,"google analytics, link building, off - page optimization, page..., ppc, seo",6,12,"google analytics, link building, off - page optimization, page..., ppc, seo",4.74
automotive engine designer,"design analysis, dfa, dfmea, manufacturing process..., qfd, tool design",6,12,"design analysis, dfa, dfmea, manufacturing process..., qfd, tool design",4.74
urgent requirement of business analyst (female) in mohali,"accounting, banking..., budgeting, costing, finance, taxation",6,12,"accounting, banking..., budgeting, costing, finance, taxation",4.74
urgently hiring for tl/ qa /trainer for bpo-ecommerce process | noida,"bpo, contact center, customer service, operations, team leading..., tl",6,12,"bpo, contact center, customer service, operations, team leading..., tl",4.74
"faasos hiring for "" f & b controller "" ahmedabad","asset protection, auditing, cost control, fixed..., food, inventory management",6,12,"asset protection, auditing, cost control, fixed..., food, inventory management",4.74
application for graphic designer_night shift_navi mumbai,"illustrator, indesign, infographics, ms office, photoshop, premier",6,12,"illustrator, indesign, infographics, ms office, photoshop, premier",4.74
assoc.infrastructurespecialist,"analytics, cisco, issue resolution..., lync, sccm, troubleshooting",6,12,"analytics, cisco, issue resolution..., lync, sccm, troubleshooting",4.74
executive accounts- payroll/general accounting || 6 months -2 years,"accounting, excel, finance, general ledger, payroll processing..., word",6,12,"accounting, excel, finance, general ledger, payroll processing..., word",4.74
executive for hr compliance ( labour law)- mumbai,"bocw, contract labour, esic, factory compliance..., hr compliance, pf",6,12,"bocw, contract labour, esic, factory compliance..., hr compliance, pf",4.74
opening google b2b process salary 4.5lakh +sat -sunoff +no age limit,"american express, b2b, barclays, cognizant, google..., international bpo",6,12,"american express, b2b, barclays, cognizant, google..., international bpo",4.74
regional analytics manager | bangalore location,"business analytics..., crm, data analytics, data quality, data reporting, saas",6,12,"business analytics..., crm, data analytics, data quality, data reporting, saas",4.74
rehlat online services - data analyst,"data analysis, data analytics, data mining, excel, marketing analytics..., sql",6,12,"data analysis, data analytics, data mining, excel, marketing analytics..., sql",4.74
business analyst - sql/oracle/bi/cognos - iit/nit/ bits/ nlu/ iim/ isb,"data mining..., data science, google analytics, iim, oracle sql, python",6,12,"data mining..., data science, google analytics, iim, oracle sql, python",4.74
senior ux designer - photoshop/illustrator,"creative direction..., illustrator, photoshop, usability, ux, visual design",6,12,"creative direction..., illustrator, photoshop, usability, ux, visual design",4.74
data analyst / analytic manager,"data analysis, data analytics, excel, segmentation, sql, statistics...",6,12,"data analysis, data analytics, excel, segmentation, sql, statistics...",4.74
returnee program - fp&a-emerging leader,"auditing, cost accounting, excel, finance, financial planning..., macros",6,12,"auditing, cost accounting, excel, finance, financial planning..., macros",4.74
data quality analyst - iit/iim,"data management, data profiling, data quality, informatica..., oracle, sql",6,12,"data management, data profiling, data quality, informatica..., oracle, sql",4.74
assistant manager/ senior business analyst - fraud analytics,"business analysis, customer service, excel, fraud analytics, sas, strategic...",6,12,"business analysis, customer service, excel, fraud analytics, sas, strategic...",4.74
assistant mgr / sr. analyst - business research,"bpo, business research, hoovers..., kpo, project management, uk shift",6,12,"bpo, business research, hoovers..., kpo, project management, uk shift",4.74
opening in google (b2b) adwords fixed sat -sun off salary 32k,"adwords, convergys, google, google adwords, ibm daksh..., international bpo",6,12,"adwords, convergys, google, google adwords, ibm daksh..., international bpo",4.74
"data architect rsi content solutions india pvt ltd,08-14yrs,chennai","data governance, data integration, master data management..., xml, xsl, xslt",6,12,"data governance, data integration, master data management..., xml, xsl, xslt",4.74
ui/ux designer - photoshop/sketch,"photoshop, prototyping..., usability testing, user research, ux, visual design",6,12,"photoshop, prototyping..., usability testing, user research, ux, visual design",4.74
unified communications engineer conferencing - digital-it,"c..., design, html, integration php, mysql, technical product configuration",6,12,"c..., design, html, integration php, mysql, technical product configuration",4.74
"sap for governance, risk & compliance (grc","access management, business process, operations..., outsourcing, sap, workflow",6,12,"access management, business process, operations..., outsourcing, sap, workflow",4.74
big4-internal audit-non-fs ca/mba-mumbai-interviews on 26th sept,"auditing, big4..., ca, enterprise risk management, internal audit, sox 404",6,12,"auditing, big4..., ca, enterprise risk management, internal audit, sox 404",4.74
bigfix architect,"java, javascript, jdbc, project management, requirement analysis, scrum...",6,12,"java, javascript, jdbc, project management, requirement analysis, scrum...",4.74
"network engineer (cisco, checkpoint, juniper, fortinet, brocade","bpo, cisco..., consulting, customer service, financial services, recruitment",6,12,"bpo, cisco..., consulting, customer service, financial services, recruitment",4.74
"network engineer l3 (meraci, solar wind, azure)_gcm5","bpo, consulting, customer service, financial services, recruitment, vpn...",6,12,"bpo, consulting, customer service, financial services, recruitment, vpn...",4.74
"network engineer l3 (netscaler, solar wind, azure)_gcm5","bpo, consulting, customer service, financial services, recruitment, vpn...",6,12,"bpo, consulting, customer service, financial services, recruitment, vpn...",4.74
"data architect, associate","data architect, sql, ssis, ssrs, stored procedures, technical analysis...",6,12,"data architect, sql, ssis, ssrs, stored procedures, technical analysis...",4.74
data engineer - sr. consultant,"automation, computer science..., data analysis, data extraction, oracle, sql",6,12,"automation, computer science..., data analysis, data extraction, oracle, sql",4.74
rs. sas visual analytics lead - developer,"analytics, cognos..., data visualization, qlikview, sas, tableau",6,12,"analytics, cognos..., data visualization, qlikview, sas, tableau",4.74
data analyst - operations,"alteryx, business analysis, business..., data quality, data visualization, sql",6,12,"alteryx, business analysis, business..., data quality, data visualization, sql",4.74
salesforce wave analytics expert,"einstein, json, salesforce, saql, wave, wave analytics",6,12,"einstein, json, salesforce, saql, wave, wave analytics",4.74
avp/vp - credit risk analytics - bfsi - iim/mdi/iisc/fms/isi,"analytics, credit risk, credit risk analytics, python, r..., sas",6,12,"analytics, credit risk, credit risk analytics, python, r..., sas",4.74
"network developer principal engineer (broadcom, chipset, driver","big data, data center..., hardware, ipv6, network engineering, networking",6,12,"big data, data center..., hardware, ipv6, network engineering, networking",4.74
front end developer/ui developer - javascript/html,"html, html5, javascript, photoshop, ui development, visual design...",6,12,"html, html5, javascript, photoshop, ui development, visual design...",4.74
front-end engineer ii,"coding, css 3.0, html5, javascript, jquery..., programming",6,12,"coding, css 3.0, html5, javascript, jquery..., programming",4.74
core business services associate- finance-r&a-eds- etl,"data analysis, data analytics..., data quality, etl, power bi, sql",6,12,"data analysis, data analytics..., data quality, etl, power bi, sql",4.74
corrosion inspectors (ag - 573,"..., cathodic protection, corrosion inspector, failure analysis, nace, refinery",6,12,"..., cathodic protection, corrosion inspector, failure analysis, nace, refinery",4.74
associate - strategy & algorithm - high frequency trading - iit,".net, c#, c#.net..., c++, high frequency trading, matlab",6,12,".net, c#, c#.net..., c++, high frequency trading, matlab",4.74
supply chain analyst,"logistics, po, purchase, scm..., supply chain, warehouse",6,12,"logistics, po, purchase, scm..., supply chain, warehouse",4.74
sap concur analytics,"analytics, business process, operations, outsourcing, sap, training...",6,12,"analytics, business process, operations, outsourcing, sap, training...",4.74
credit risk modeller - bfs,"chaid..., credit risk, credit risk modeller, ead, lgd model development, pd",6,12,"chaid..., credit risk, credit risk modeller, ead, lgd model development, pd",4.74
medical coder - ed,"coder, ed, em, medical coder, medical coding, us healthcare",6,12,"coder, ed, em, medical coder, medical coding, us healthcare",4.74
talent acquisition role (analytics hiring specialist,"..., analytics hiring, campus hiring, recruitment, sourcing, talent acquisition",6,12,"..., analytics hiring, campus hiring, recruitment, sourcing, talent acquisition",4.74
requirement for finance head,"accounting operations, finance, income tax, sales tax..., service tax, tds",6,12,"accounting operations, finance, income tax, sales tax..., service tax, tds",4.74
senior software engineer | 4 - 10 years | gurgaon,"cosmos, mdx, sql, ssas, ssis, ssrs",6,12,"cosmos, mdx, sql, ssas, ssis, ssrs",4.74
mega walk-in for team member at alight (wipro organization)-day shifts,"..., back office, backend, claims processing, non voice, transaction processing",6,12,"..., back office, backend, claims processing, non voice, transaction processing",4.74
fpna analyst job requirement in r1rcm,"accounting, budgeting, finance, financial planning, forecasting..., fpa",6,12,"accounting, budgeting, finance, financial planning, forecasting..., fpa",4.74
bi architect / noida location / immediate joiner,"analytics, business intelligence, finance, power bi..., sql, tableau",6,12,"analytics, business intelligence, finance, power bi..., sql, tableau",4.74
solution architect in bidw bigdata for pune/mumbai/chennai/blore,"..., cluster analysis, data science, python, sql database, statistical modeling",6,12,"..., cluster analysis, data science, python, sql database, statistical modeling",4.74
senior aem developer (aem- adobe experience manager,"adobe cq, adobe experience manager, aem, aem6.0, aem6.1, osbi",6,12,"adobe cq, adobe experience manager, aem, aem6.0, aem6.1, osbi",4.74
senior analyst/associate - strategy & algorithm - quantitative,".net, analyst..., c#, c#.net, investment management, quantitative analysis",6,12,".net, analyst..., c#, c#.net, investment management, quantitative analysis",4.74
sap sr. security consultant,"ariba..., automation, debugging, fico, identity management, sap",6,12,"ariba..., automation, debugging, fico, identity management, sap",4.74
sap technical consultant,"agile, html5, marketing consulting, odata, oo abap, software development...",6,12,"agile, html5, marketing consulting, odata, oo abap, software development...",4.74
sap pp/pm/qm solution consultant (s/4 hana,"analytical skills..., customer focus, pm, qm, sap pp, solution consulting",6,12,"analytical skills..., customer focus, pm, qm, sap pp, solution consulting",4.74
data analyst _ bangalore,"advance excel with macros, mysql, power bi, scala..., spark, tableau 10.3",6,12,"advance excel with macros, mysql, power bi, scala..., spark, tableau 10.3",4.74
data analyst | 3-5 years | it-startup | gurgaon,"analytics, data analysis, data analyst, data analytics, problem..., statistics",6,12,"analytics, data analysis, data analyst, data analytics, problem..., statistics",4.74
copywriter,"articles, blogs, copy writing, proof reading..., social media, trading",6,12,"articles, blogs, copy writing, proof reading..., social media, trading",4.74
urg req of stores executive/ sr.executive/ asst.mgr for mp/odisha,"abc analysis, fifo, grn, production planning, stock taking..., stores",6,12,"abc analysis, fifo, grn, production planning, stock taking..., stores",4.74
ml developer,"algorithms, data science, machine learning, python, r..., sql",6,12,"algorithms, data science, machine learning, python, r..., sql",4.74
mobile developer for ios and android mobile applications development,"android, concept design, ios, mobile applications, product..., user experience",6,12,"android, concept design, ios, mobile applications, product..., user experience",4.74
mphasis hiring for quality team lead for voice process,"..., bpo, international voice, quality analysis, quality analyst, voice process",6,12,"..., bpo, international voice, quality analysis, quality analyst, voice process",4.74
media trafficking & operations manager ( dv 360,"ad server..., cms, html, html5, javascript, operations management",6,12,"ad server..., cms, html, html5, javascript, operations management",4.74
sap abap consultant with (pm / mrs / pi / isu,"it recruitment, sap abap, sap isu, sap mm, sap plm..., sap pm",6,12,"it recruitment, sap abap, sap isu, sap mm, sap plm..., sap pm",4.74
sap abap crm,"analytics, business process, debugging, operations..., outsourcing, sap crm",6,12,"analytics, business process, debugging, operations..., outsourcing, sap crm",4.74
sap abap programmer,"backend, job scheduling, maintenance activities, root..., sap abap, user exits",6,12,"backend, job scheduling, maintenance activities, root..., sap abap, user exits",4.74
con - azure data factory,"big data, nosql, performance tuning..., spark, sql, unix shell scripting",6,12,"big data, nosql, performance tuning..., spark, sql, unix shell scripting",4.74
continental automotive - senior android software engineer - java,"android, google..., java, payment gateways, software engineering, unit testing",6,12,"android, google..., java, payment gateways, software engineering, unit testing",4.74
consultant - analytics - retail/ecommerce/telecom sector - iit/ bits,"..., business analysis, business development, closure, consulting, interviewing",6,12,"..., business analysis, business development, closure, consulting, interviewing",4.74
consultant - google analytics - kpo - iit/ iims/ isi/ jnu/ dse,"alteryx, analytics..., google analytics, project management, sas, tableau",6,12,"alteryx, analytics..., google analytics, project management, sas, tableau",4.74
sap ariba sr. consultant,"analytics, ariba..., erp, procurement, sap, system integration",6,12,"analytics, ariba..., erp, procurement, sap, system integration",4.74
sap bi/bo developer - bw/abap modules,"bex analyzer, query designer, sap bi, sap bo, sap bw, webi...",6,12,"bex analyzer, query designer, sap bi, sap bo, sap bw, webi...",4.74
controlling professional,"auditing, business planning, forecasting, profitability, sales, strategy...",6,12,"auditing, business planning, forecasting, profitability, sales, strategy...",4.74
cost manager,"cost reduction..., excel, modeler, ms office, purchase, vendor development",6,12,"cost reduction..., excel, modeler, ms office, purchase, vendor development",4.74
security information and event management,"event management..., linux, networking, outsourcing, unix, windows",6,12,"event management..., linux, networking, outsourcing, unix, windows",4.74
medical image processing engineer - dsp/matlab/opencv,"dsp, electrical engineering, image processing, intellectual..., matlab, opencv",6,12,"dsp, electrical engineering, image processing, intellectual..., matlab, opencv",4.74
mega walk in interviews for sr. analyst bi automation @ tmbs,"asp.net, c#, ms sql, query optimization..., stored procedures, visual studio",6,12,"asp.net, c#, ms sql, query optimization..., stored procedures, visual studio",4.74
mega walk-in / kpo (uk shift) / noida / salary - 3lpa to 4.75lpa,"bpo, customer service, kpo, outbound..., uk process, uk shift",6,12,"bpo, customer service, kpo, outbound..., uk process, uk shift",4.74
frontend-senior developer (bangalore,"agile..., html5, java, javascript, web services, web technologies",6,12,"agile..., html5, java, javascript, web services, web technologies",4.74
growth hacker - marketing - internet/online,"brand awareness, campaigns, digital marketing, marketing planning..., ppc, seo",6,12,"brand awareness, campaigns, digital marketing, marketing planning..., ppc, seo",4.74
manager/senior manager - paid media - digital agency-powai,"digital marketing, facebook..., google adwords, google analytics, ppc, yahoo",6,12,"digital marketing, facebook..., google adwords, google analytics, ppc, yahoo",4.74
manager/senior manager - ppc/digital marketing - service based it firm,"bing ads..., digital marketing, google analytics, marketing, ppc, seo",6,12,"bing ads..., digital marketing, google analytics, marketing, ppc, seo",4.74
azure active directory,"business analysis..., consulting, project management, scope, sow, uat",6,12,"business analysis..., consulting, project management, scope, sow, uat",4.74
social/ community manager,"..., content creation, hubspot, media management, product service, social media",6,12,"..., content creation, hubspot, media management, product service, social media",4.74
manager/ senior manager - infra presales ( scheduled walk in- 3rd nov,"bid management, presales, proposal preparation..., rfi, rfp, sales account",6,12,"bid management, presales, proposal preparation..., rfi, rfp, sales account",4.74
head electrical -steel melting shop,"breakdown analysis, electricals, maintenance, panels, root cause, training",6,12,"breakdown analysis, electricals, maintenance, panels, root cause, training",4.74
state head - commercial vehicle business - nbfc,"..., brand strategy, driving, financial analysis, marketing, structured finance",6,12,"..., brand strategy, driving, financial analysis, marketing, structured finance",4.74
strategy/digital marketing role - ecommerce - iit/bit,"affiliate marketing, digital marketing, google adwords, ppc..., sem, seo",6,12,"affiliate marketing, digital marketing, google adwords, ppc..., sem, seo",4.74
gis analyst ( remote sensing ) thane,"..., esri, gis, image processing, remote sensing, statistical analysis",6,12,"..., esri, gis, image processing, remote sensing, statistical analysis",4.74
staff software engineer - digital marketplaces,"j2ee, java, portal, software engineering..., web services, web technologies",6,12,"j2ee, java, portal, software engineering..., web services, web technologies",4.74
"urgent hiring for etl developer with salebuild, pune","alteryx, data analysis, excel, machine learning, mysql, pentaho...",6,12,"alteryx, data analysis, excel, machine learning, mysql, pentaho...",4.74
urgent hiring for hadoop trainer,"big data, hadoop, hadoop developer..., python, scala, spark",6,12,"big data, hadoop, hadoop developer..., python, scala, spark",4.74
marketing manager / senior marketing manager,"b2b, marketing, marketing manager, marketo, product marketing, wordpress...",6,12,"b2b, marketing, marketing manager, marketo, product marketing, wordpress...",4.74
analyst/ consultant - operations - sourcing & procurement - iim/xlri,"business development, market research, procurement, rfi..., sourcing, strategy",6,12,"business development, market research, procurement, rfi..., sourcing, strategy",4.74
analyst/consultant - financial service/insurance consulting practice,"accounts payable, auditing..., finance, general accounting, mba, treasury",6,12,"accounts payable, auditing..., finance, general accounting, mba, treasury",4.74
functional analyst cum scrum master,"agile, hibernate, j2ee, java, scrum master..., spring framework",6,12,"agile, hibernate, j2ee, java, scrum master..., spring framework",4.74
consultant ii - sas + sql - non banking domain - iit/dse/isi,"analytics, data management..., modelling, predictive modeling, sas, sql",6,12,"analytics, data management..., modelling, predictive modeling, sas, sql",4.74
consultant/senior consultant/manager/senior manager - data science,"data science, k..., predictive modeling, python, sas, statistical modelling",6,12,"data science, k..., predictive modeling, python, sas, statistical modelling",4.74
client integration manager,"advanced excel, ms access, private equity, sql, swaps..., vba",6,12,"advanced excel, ms access, private equity, sql, swaps..., vba",4.74
senior data engineer - cloud bi production implementation,"data modeling..., data warehousing, etl, ms sql server, power bi, ssis",6,12,"data modeling..., data warehousing, etl, ms sql server, power bi, ssis",4.74
senior chief manager - it - web & mobile platforms,"..., android, business operations, ios, software development, vendor management",6,12,"..., android, business operations, ios, software development, vendor management",4.74
hiring contact center professional for bangalore location,"contact center, cuic, cvp, icm, ucce, unified contact center enterprise...",6,12,"contact center, cuic, cvp, icm, ucce, unified contact center enterprise...",4.74
lti invites abinitio developers in mumbai!! spot offer!! - on 3 nov,"ab initio..., autosys, data warehousing, etl, sql, unix shell scripting",6,12,"ab initio..., autosys, data warehousing, etl, sql, unix shell scripting",4.74
"lycatel hiring mis analyst, chennai location","advanced excel, macros, mis, mis reporting, ms access, sql",6,12,"advanced excel, macros, mis, mis reporting, ms access, sql",4.74
senior quality analyst - test automation,"automation testing, cste, istqb, quality analysis..., sdlc, test planning",6,12,"automation testing, cste, istqb, quality analysis..., sdlc, test planning",4.74
urgent opening for internal auditor,"auditing, final audit..., finance, ifc, internal audit, internal control",6,12,"auditing, final audit..., finance, ifc, internal audit, internal control",4.74
urgent opening for ppc executive | us travel process,"analytical skills, cpa, excel, online marketing, ppc, us inbound sales...",6,12,"analytical skills, cpa, excel, online marketing, ppc, us inbound sales...",4.74
structual analysis (fea,"abaqus, ansys, fea, hypermesh, structual analysis, structural engineering",6,12,"abaqus, ansys, fea, hypermesh, structual analysis, structural engineering",4.74
am/manager/senior manager - regulatory reporting/modeling - sas - iit,"analytics, basel, ccar, lgd, project management, senior management...",6,12,"analytics, basel, ccar, lgd, project management, senior management...",4.74
manager : accounts payable,"analytical, automation..., balance sheet, corporate finance, mis, supply chain",6,12,"analytical, automation..., balance sheet, corporate finance, mis, supply chain",4.74
senior associate/ manager/ senior manager - consulting - it,"bidding, business development, consulting..., market research, rfi, rfp",6,12,"bidding, business development, consulting..., market research, rfi, rfp",4.74
senior bi developer,"domo..., microsoft power bi, power bi, qlik sense, qlikview, tableau",6,12,"domo..., microsoft power bi, power bi, qlik sense, qlikview, tableau",4.74
"general manager finance & accounts, chartered accountant (male","accounting, auditing, income tax, ledger scrutiny, tax returns..., taxation",6,12,"accounting, auditing, income tax, ledger scrutiny, tax returns..., taxation",4.74
general manager â€“ qa & qc,"..., cro, finished products, general management, qa management, quality control",6,12,"..., cro, finished products, general management, qa management, quality control",4.74
interface analyst - hl7,"data mapping..., emr, interfaces, plsql, software development, sql",6,12,"data mapping..., emr, interfaces, plsql, software development, sql",4.74
urgent openings for wfm/rta in bangalore salary upto 3.00 lpa,"bpo..., mis reporting, report generation, wfm, wfm analyst, wfm executive",6,12,"bpo..., mis reporting, report generation, wfm, wfm analyst, wfm executive",4.74
software engineer - c,"agile development..., c++, linux, os, software engineering, unix",6,12,"agile development..., c++, linux, os, software engineering, unix",4.74
software engineer - multiple role,"angularjs, codeigniter, core php, laravel, mysql..., software engineering",6,12,"angularjs, codeigniter, core php, laravel, mysql..., software engineering",4.74
senior business consultant - analytics,"algorithms..., analytics, machine learning, python, sas, spss",6,12,"algorithms..., analytics, machine learning, python, sas, spss",4.74
sr. mgr/chief mgr-credit for stressed assets for delhi location,"..., accounting, cma data, credit analysis, credit appraisal, credit monitoring",6,12,"..., accounting, cma data, credit analysis, credit appraisal, credit monitoring",4.74
sr. sas data analytics consultant,"analytics..., base sas, data analysis, sas stat, statistics, text mining",6,12,"analytics..., base sas, data analysis, sas stat, statistics, text mining",4.74
analyst - operations,"analysis, analyst, data analysis, data analytics..., operations, review",6,12,"analysis, analyst, data analysis, data analytics..., operations, review",4.74
analyst / associate - asset management team,"argus, assets, dcf..., financial model, financial modelling, real estate",6,12,"argus, assets, dcf..., financial model, financial modelling, real estate",4.74
analyst organizational effectiveness,"analytical, dashboards, hr, hr analytics, od, organizational effectiveness",6,12,"analytical, dashboards, hr, hr analytics, od, organizational effectiveness",4.74
manager / deputy manager - mis ( finance & accounts,"..., accounting, budgeting, finance control, financial reporting, mis reporting",6,12,"..., accounting, budgeting, finance control, financial reporting, mis reporting",4.74
manager / sr. manager - customer insights,"banking analytics, crm, excel, python, retail analytics, sas",6,12,"banking analytics, crm, excel, python, retail analytics, sas",4.74
urgent opening for general ledger-mumbai,"closing and reporting, general ledger, gl, month end..., r2r, record to report",6,12,"closing and reporting, general ledger, gl, month end..., r2r, record to report",4.74
urgently required digital marketing executive || noida,"digital marketing, directory submission, page..., ppc, seo, smo",6,12,"digital marketing, directory submission, page..., ppc, seo, smo",4.74
am / manager - portfolio management with european mnc,"data analytics, data..., portfolio, portfolio management, risk management, sql",6,12,"data analytics, data..., portfolio, portfolio management, risk management, sql",4.74
"business analyst, gainsight","..., business analysis, project management, requirements, salesforce, scorecard",6,12,"..., business analysis, project management, requirements, salesforce, scorecard",4.74
j2ee admin,"facilities, j2ee, java, operating systems..., scalability, unix",6,12,"facilities, j2ee, java, operating systems..., scalability, unix",4.74
senior manager - sales hr - automobile/fmcg/ fmcd/ electronics,"..., employee relations, recruitment, strategic hr, talent management, training",6,12,"..., employee relations, recruitment, strategic hr, talent management, training",4.74
java software architect ($60k/yr) - remote work,"big data, data analysis, java, java developer, python..., software development",6,12,"big data, data analysis, java, java developer, python..., software development",4.74
job opportunity for search engine marketing (sem) manager,"cpc, digital marketing..., google adwords, ppc, search engine marketing, sem",6,12,"cpc, digital marketing..., google adwords, ppc, search engine marketing, sem",4.74
senior marketing manager - digital,"digital marketing, display advertising, email marketing, sales..., sem, seo",6,12,"digital marketing, display advertising, email marketing, sales..., sem, seo",4.74
senior salesforce business systems analyst,"business..., channel sales, customer experience, primary, salesforce, strategy",6,12,"business..., channel sales, customer experience, primary, salesforce, strategy",4.74
senior security operations analyst (lead) for gurgaon,"ceh, cism, cissp, crisc, information security operations..., isoc",6,12,"ceh, cism, cissp, crisc, information security operations..., isoc",4.74
senior security operations analyst - cissp/cism/ech,"cism, cissp, http..., security operations, security operations analyst, smtp",6,12,"cism, cissp, http..., security operations, security operations analyst, smtp",4.74
worksoft certify,"business process, jira, operations..., outsourcing, sap, test cases",6,12,"business process, jira, operations..., outsourcing, sap, test cases",4.74
walkin drive for freshers - 27th oct (saturday)- hyderabad,"computer, excel, management skills, time management..., typing, word",6,12,"computer, excel, management skills, time management..., typing, word",4.74
senior manager - product costing,"..., accounting, budgeting, process costing, product costing, variance analysis",6,12,"..., accounting, budgeting, process costing, product costing, variance analysis",4.74
walk-ins for indesign operator,"css, epub, html, team leader, xml, xslt",6,12,"css, epub, html, team leader, xml, xslt",4.74
senior business analyst - kpo,"business analysis, excel..., python, sales, sas, statistical modeling",6,12,"business analysis, excel..., python, sales, sas, statistical modeling",4.74
sr. manager / agm - loyalty / gtm,"go to market, gtm, loyalty programs, marketing, rewards..., schemes management",6,12,"go to market, gtm, loyalty programs, marketing, rewards..., schemes management",4.74
senior software engineer (backend role,"azure sql database..., bi, data warehouse, etl, sql, ssas tabular",6,12,"azure sql database..., bi, data warehouse, etl, sql, ssas tabular",4.74
urgent opening for technical leader (java,"core java, css, good analytical and programming skills, pearl, xml, xslt",6,12,"core java, css, good analytical and programming skills, pearl, xml, xslt",4.74
business analyst - merchant services,"merchant services, html, php, client servicing..., requirement gathering",5,14,"merchant services, html, php, client servicing..., requirement gathering",4.61
senior manager - machine learning - python/ml/nlp/text mining - iit,"machine learning, nlp, python, text mining, client relationship...",5,14,"machine learning, nlp, python, text mining, client relationship...",4.61
business development & insurance analytics role - kpo,"business development, insurance analytics..., strategy, team management, bd",5,14,"business development, insurance analytics..., strategy, team management, bd",4.61
avp/senior avp - retail/cpg/media/digital domain - analytics - iit/nit,"analytics, analytics head..., business consulting, project implementation",4,17,"analytics, analytics head..., business consulting, project implementation",4.47
business analyst internal audit,"analytics, risk management, sql, manager internal audit, operational risk...",5,13,"analytics, risk management, sql, manager internal audit, operational risk...",4.28
accounts payable executive,"accounts payable, auditing, invoice processing, gst..., sap accounting",5,13,"accounts payable, auditing, invoice processing, gst..., sap accounting",4.28
quantitative analytics manager,"finance, market risk, structured products, derivatives, operational risk...",5,13,"finance, market risk, structured products, derivatives, operational risk...",4.28
microsoft sql server integration services,"business process, operations..., outsourcing, business intelligence, coding",5,13,"business process, operations..., outsourcing, business intelligence, coding",4.28
manager - digital marketing,"digital marketing, sem, facebook, google analytics, social media...",5,13,"digital marketing, sem, facebook, google analytics, social media...",4.28
social media strategist,"digital marketing, pr, project management, networking..., social media",5,13,"digital marketing, pr, project management, networking..., social media",4.28
turtlemint - analyst/ senior analyst - analytics,"data science..., market research, product marketing, solution sales",4,16,"data science..., market research, product marketing, solution sales",4.21
vp-strategic analytics,"business banking, mathematics, retail banking, risk management...",4,16,"business banking, mathematics, retail banking, risk management...",4.21
senior manager - sap fico,"accounts payable, accounts receivable..., gl accounting, internal orders",4,16,"accounts payable, accounts receivable..., gl accounting, internal orders",4.21
decision analytics manager - supply chain & manufacturing,"business consulting, capability building, management skills..., supply chain",4,16,"business consulting, capability building, management skills..., supply chain",4.21
practitioner sales manager - cyber security,"analytics, forecasting, sales planning, salesforce...",4,16,"analytics, forecasting, sales planning, salesforce...",4.21
principal investment,"corporate finance, financial modelling, portfolio management..., valuation",4,16,"corporate finance, financial modelling, portfolio management..., valuation",4.21
agm / dgm - analytics lead - marketing function,"cement marketing, crm..., integrated marketing, marketing budget",4,16,"cement marketing, crm..., integrated marketing, marketing budget",4.21
sr consultant - advanced analytics,"advanced analytics, linear regression, statistical modeling, statistics...",4,16,"advanced analytics, linear regression, statistical modeling, statistics...",4.21
senior business systems analyst - ms dynamics ax functional,"business case, project management, project scheduling, solution design...",4,16,"business case, project management, project scheduling, solution design...",4.21
technology head - erp - healthcare domain,".net, oracle database..., software development, sql server",4,16,".net, oracle database..., software development, sql server",4.21
senior data scientist | karvy analytics | bangalore,"data science, deep learning, machine learning, python...",4,16,"data science, deep learning, machine learning, python...",4.21
adobe analytics lead developer,"adobe analytics, adobe target, omniture, sitecatalyst",4,16,"adobe analytics, adobe target, omniture, sitecatalyst",4.21
job opportunity for senior strategic finance analyst in chennai & pune,"finance, financial management, maintenance, project operations...",4,16,"finance, financial management, maintenance, project operations...",4.21
content analyst,"administration work, articulate storyline, captivate, scorm...",4,16,"administration work, articulate storyline, captivate, scorm...",4.21
manager/ lead - machine learning/ analytics,"analytics, machine learning, natural language processing..., team leading",4,16,"analytics, machine learning, natural language processing..., team leading",4.21
national head - gt sales i leading fmcg brand | bangalore/delhi,"distribution channel, general trade, gt, super stockist model...",4,16,"distribution channel, general trade, gt, super stockist model...",4.21
big data analyst - python/r/data analytics,"data mining, hadoop, machine learning, statistical modeling...",4,16,"data mining, hadoop, machine learning, statistical modeling...",4.21
lead - data analytics/statistical modeling,"data analytics..., predictive analytics, sas, statistical modeling",4,16,"data analytics..., predictive analytics, sas, statistical modeling",4.21
manager - financial due diligence (transaction advisory services,"due diligence, financial analysis, financial..., transaction advisory services",4,16,"due diligence, financial analysis, financial..., transaction advisory services",4.21
assistant vice president - insurance analytics - p&c domain - sas/r/py,"insurance analytics, model development, predictive analytics, sas...",4,16,"insurance analytics, model development, predictive analytics, sas...",4.21
head - customer support - it product firm,"networking..., process design, service desk, technical support",4,16,"networking..., process design, service desk, technical support",4.21
"rewards & analytics lead -field, contractual for (3-6 months), gurgaon","benefits, compensation, compensation benchmarking, rewards",4,16,"benefits, compensation, compensation benchmarking, rewards",4.21
manager/ senior manager - data analytics,"auditing, business development, data analytics..., revenue maximization",4,16,"auditing, business development, data analytics..., revenue maximization",4.21
manager - analytics - kpo,"business intelligence, communication protocols..., data analytics",3,21,"business intelligence, communication protocols..., data analytics",4.14
"senior analytics analyst (bigdata, spark) - gurgaon, hr","hr, senior analytics analyst bigdata, spark - gurgaon",3,21,"hr, senior analytics analyst bigdata, spark - gurgaon",4.14
research engineer - big data/machine learning - java/c++/perl/python,"machine learning, python, big data, c++..., research engineer",5,12,"machine learning, python, big data, c++..., research engineer",3.95
associate - hr reporting,"hr reporting, internal control, ms office tools, process..., variance analysis",5,12,"hr reporting, internal control, ms office tools, process..., variance analysis",3.95
senior android developer,"android, java, android sdk, json, rest",5,12,"android, java, android sdk, json, rest",3.95
"senior advisor, product management","product management, data analytics, market analysis..., product marketing, product portfolio",5,12,"product management, data analytics, market analysis..., product marketing, product portfolio",3.95
opening for hr reporting analyst -mumbai,"hr reporting, power bi, advanced excel, excel, powerbi",5,12,"hr reporting, power bi, advanced excel, excel, powerbi",3.95
microsoft bot framework,"debugging, outsourcing, artificial intelligence..., business process, mvc",5,12,"debugging, outsourcing, artificial intelligence..., business process, mvc",3.95
ppc manager,"google adwords, google analytics, facebook..., manager ppc, pay per click",5,12,"google adwords, google analytics, facebook..., manager ppc, pay per click",3.95
lead data scientist,"machine learning, python, predictive modeling, data scientist",4,15,"machine learning, python, predictive modeling, data scientist",3.95
qt/gui developer,"qt, gui, gui developer, object oriented design..., visual studio",5,12,"qt, gui, gui developer, object oriented design..., visual studio",3.95
senior research analyst,"research analysis, ..., business development, market research, primary research",5,12,"research analysis, ..., business development, market research, primary research",3.95
decision analytics associate consultant,"data collection, problem solving, forecasting, projections..., regression",5,12,"data collection, problem solving, forecasting, projections..., regression",3.95
security information & event management (siem) platform operations,"outsourcing, soc, analytics, network planning, siem...",5,12,"outsourcing, soc, analytics, network planning, siem...",3.95
senior project manager,"project management, project operations, project planning, scheduling..., scope",5,12,"project management, project operations, project planning, scheduling..., scope",3.95
manager financial planning analysis,"finance, financial planning, budgeting, financial management, management reporting",5,12,"finance, financial planning, budgeting, financial management, management reporting",3.95
consultant - actuarial - non-life insurance,"actuarial, business tools, client interaction..., non life, sql",5,12,"actuarial, business tools, client interaction..., non life, sql",3.95
manager - social media,"manager - social media, social media, copywriting, marketing, search engine...",5,12,"manager - social media, social media, copywriting, marketing, search engine...",3.95
business data analyst,"data analysis, advanced excel, business analysis, data analytics, uat...",5,12,"data analysis, advanced excel, business analysis, data analytics, uat...",3.95
analyst - investment banking - iit,"pitch books, private equity, company research, finance, financial modelling...",5,12,"pitch books, private equity, company research, finance, financial modelling...",3.95
lead data analyst,"data analysis, computer science, forecasting..., machine learning, python",5,11,"data analysis, computer science, forecasting..., machine learning, python",3.62
lead - data analyst - it,"sql queries, data analytics, data science, excel powerpoint, statistical...",5,11,"sql queries, data analytics, data science, excel powerpoint, statistical...",3.62
sap basis administration,"business process, analytics, crm, outsourcing..., release management",5,11,"business process, analytics, crm, outsourcing..., release management",3.62
sap hana technical architecture,"business process, analytics, crm, outsourcing..., release management",5,11,"business process, analytics, crm, outsourcing..., release management",3.62
senior accounts executive,"book keeping, accounting, balance sheet, balance sheet finalisation, profit...",5,11,"book keeping, accounting, balance sheet, balance sheet finalisation, profit...",3.62
consultant ii/senior consultant - sas analytics - banking domain - isi,"sas, chaid, logistic regression, predictive analytics..., time series",5,11,"sas, chaid, logistic regression, predictive analytics..., time series",3.62
sap financial accntng & oprtns,"business process, application development, consulting, gap analysis..., unit testing",5,11,"business process, application development, consulting, gap analysis..., unit testing",3.62
social media marketing manager,"social media marketing, facebook, marketing campaigns, twitter, youtube...",5,11,"social media marketing, facebook, marketing campaigns, twitter, youtube...",3.62
junior software developer,"javascript, css, html, xhtml, xml",5,11,"javascript, css, html, xhtml, xml",3.62
principal software engineer,"application development, analytics..., microstrategy, rdbms, stored procedures",5,11,"application development, analytics..., microstrategy, rdbms, stored procedures",3.62
amazon web services,"outsourcing, application development, business process, mysql, operations...",5,11,"outsourcing, application development, business process, mysql, operations...",3.62
sales manager,"sales management, crm, online sales, sales analysis, sales support",5,11,"sales management, crm, online sales, sales analysis, sales support",3.62
azure ml engineer,"machine learning, azure, data science..., ml, predictive modeling",5,11,"machine learning, azure, data science..., ml, predictive modeling",3.62
manual tester,"manual testing, ..., analytics reporting, system architecture, web technologies",5,11,"manual testing, ..., analytics reporting, system architecture, web technologies",3.62
c++ developer - data structure/algorithm,"c++, algorithm, c++ developer, data structure, software development...",5,11,"c++, algorithm, c++ developer, data structure, software development...",3.62
senior finance executive,"finance, accounting, online media..., oracle financials, petty cash",5,11,"finance, accounting, online media..., oracle financials, petty cash",3.62
manager - m&a/due diligence - bfsi/consulting,"valuation analysis, business modeling, deal structuring, due diligence, m&a",5,11,"valuation analysis, business modeling, deal structuring, due diligence, m&a",3.62
embedded software development engineer - engine control ecu,"32 bit microcontrollers..., microcontroller, rtos",3,18,"32 bit microcontrollers..., microcontroller, rtos",3.55
fundamental research role - equities global markets - financial servic,"equity research..., fundamental research, investment research",3,18,"equity research..., fundamental research, investment research",3.55
"consultant ,lead generation specialist","lead generation, business development..., client development, sales",4,13,"lead generation, business development..., client development, sales",3.42
financial planning analysis,"financial planning, budgeting..., financial analysis, variance analysis",4,13,"financial planning, budgeting..., financial analysis, variance analysis",3.42
senior consultant/practice leader - recruitment - human capital,"recruitment, hr analytics, human resource management..., marketing",4,13,"recruitment, hr analytics, human resource management..., marketing",3.42
sap sd customer service,"analytical, application lead..., customer service, operations, outsourcing",5,10,"analytical, application lead..., customer service, operations, outsourcing",3.29
copy editor ( scientific journals / books,"content development, content editing, content writing, editing, editing and...",5,10,"content development, content editing, content writing, editing, editing and...",3.29
it business analyst,"business analysis, problem solving..., requirements, sdlc, use cases",5,10,"business analysis, problem solving..., requirements, sdlc, use cases",3.29
research associate at collegesearch | gurgaon,"content generation, data..., online research, secondary research, web research",5,10,"content generation, data..., online research, secondary research, web research",3.29
research analyst - product management group - metrics & analytics,"data analysis, finance, investment banking, monetization, research analysis...",5,10,"data analysis, finance, investment banking, monetization, research analysis...",3.29
credit analyst - investment bank,"credit analysis, credit research, credit risk..., finance, financial modelling",5,10,"credit analysis, credit research, credit risk..., finance, financial modelling",3.29
credit analyst (commercial lending) - o&g sector expertise,"..., corporate credit, credit research, financial analysis, financial modelling",5,10,"..., corporate credit, credit research, financial analysis, financial modelling",3.29
sap fico consultant - ca - fmcd,"asset accounting, co, finance, profitability analysis..., sap fico",5,10,"asset accounting, co, finance, profitability analysis..., sap fico",3.29
sap fi bank accounting,"business process, fico, operations..., outsourcing, product costing",5,10,"business process, fico, operations..., outsourcing, product costing",3.29
data engineer - one apollo digital,"data architecture, data quality, data security, etl, performance analysis",5,10,"data architecture, data quality, data security, etl, performance analysis",3.29
operational risk manager || leading pvt bank || mumbai,"operational risk management, orm, rca..., rcsa, risk control self assessment",5,10,"operational risk management, orm, rca..., rcsa, risk control self assessment",3.29
opening with accenture for financial planning and analysis,"auditing, budgeting, finance, financial accounting, financial reporting...",5,10,"auditing, budgeting, finance, financial accounting, financial reporting...",3.29
opening of business analyst work+settle under govt visa,"business, business analytics, business consulting..., management, mba",5,10,"business, business analytics, business consulting..., management, mba",3.29
data modeling advisor,"data analytics..., econometrics, excel, model validation, sql",5,10,"data analytics..., econometrics, excel, model validation, sql",3.29
data modeler gfts emea,"oracle, production support, rdbms, sql, teradata",5,10,"oracle, production support, rdbms, sql, teradata",3.29
data manager,"database administration..., ms sql server, mysql, postgresql, python",5,10,"database administration..., ms sql server, mysql, postgresql, python",3.29
data information management intermediate analyst,"data extraction, data management, data manipulation, reporting, strategy...",5,10,"data extraction, data management, data manipulation, reporting, strategy...",3.29
sap technology consultant,"abap, hybris, hybrisandmarketing, javascript..., marketingandabap",5,10,"abap, hybris, hybrisandmarketing, javascript..., marketingandabap",3.29
pmo- hr/ automobile/ chennai,"analysis, budget, hr, policies, resource allocation",5,10,"analysis, budget, hr, policies, resource allocation",3.29
plant controller - ammavaru palli (anantapur,"accounting, budgeting, finance, forecasting..., variance analysis",5,10,"accounting, budgeting, finance, forecasting..., variance analysis",3.29
ps business analyst - retail systems,"agile, business process, functional testing, quality assurance..., scrum",5,10,"agile, business process, functional testing, quality assurance..., scrum",3.29
project manager/ senior project manager - agile & waterfall,"agile..., project execution, project governance, project management, waterfall",5,10,"agile..., project execution, project governance, project management, waterfall",3.29
quality assurance engineer - it products,"process capability..., process quality, qa, qms, quality assurance engineering",5,10,"process capability..., process quality, qa, qms, quality assurance engineering",3.29
"quality assurance analyst, associate","flex, lan..., quality assurance analyst, unix, windows",5,10,"flex, lan..., quality assurance analyst, unix, windows",3.29
qa analyst,"encryption, hibernate, qa analyst, scrum, server monitoring...",5,10,"encryption, hibernate, qa analyst, scrum, server monitoring...",3.29
python specialist opening at eclerx: pune,"data analysis, data mining..., python, python developer, web scraping",5,10,"data analysis, data mining..., python, python developer, web scraping",3.29
agm/ dgm - finance & accounting - lucknow,"accounting, budgeting, finance, plant accounting, profit & loss...",5,10,"accounting, budgeting, finance, plant accounting, profit & loss...",3.29
investment banker - real estate,"client handling, finance, investment banking, new business, real estate...",5,10,"client handling, finance, investment banking, new business, real estate...",3.29
intershop solutions,"business process, j2ee..., operations, outsourcing, team management",5,10,"business process, j2ee..., operations, outsourcing, team management",3.29
position available: team leader (resourcing) - bangalore,"bpo, customer research..., kpo, mystery shopping, project management",5,10,"bpo, customer research..., kpo, mystery shopping, project management",3.29
portfolio analytics - valuation/ pricing,"derivatives, finance, fund administration, hedge funds, risk management...",5,10,"derivatives, finance, fund administration, hedge funds, risk management...",3.29
agm costing & mis,"cost accountant, costing, icwa, mis, variance analysis",5,10,"cost accountant, costing, icwa, mis, variance analysis",3.29
internal audit role - ca - pharma domain - big 4,"accounting, auditing, chartered accountant, internal audit, risk advisory...",5,10,"accounting, auditing, chartered accountant, internal audit, risk advisory...",3.29
java developer - j2ee/spring/hibernate,"continuous improvement, hibernate, j2ee, java, spring",5,10,"continuous improvement, hibernate, j2ee, java, spring",3.29
it analyst - sap abap,"idoc, production support..., sap abap, technical support, webdynpro",5,10,"idoc, production support..., sap abap, technical support, webdynpro",3.29
iqvia opening for sr product sppt tech advisor with argus exp,"..., .net framework, business applications, infrastructure services, oracle sql",5,10,"..., .net framework, business applications, infrastructure services, oracle sql",3.29
vice president - compensation & benefits - bfsi,"administration, c&b, compensation & benefits, compensation philosophy..., hr",5,10,"administration, c&b, compensation & benefits, compensation philosophy..., hr",3.29
analog layout engineer- circuit design,"adc, analog layout, assura, circuit designing..., layout design",5,10,"adc, analog layout, assura, circuit designing..., layout design",3.29
urgent requirement_sr rm_hni sales_hni sales,"business development, marketing, new client..., relationship management, sales",5,10,"business development, marketing, new client..., relationship management, sales",3.29
vice president - quantitative modeling lead - isi/iit,"..., analytics, data analysis, statistical modeling, statistical programming",5,10,"..., analytics, data analysis, statistical modeling, statistical programming",3.29
"walk-in interview for fresher / experienced google adword, media","advertising, digital media, journalism, market research..., mass communication",5,10,"advertising, digital media, journalism, market research..., mass communication",3.29
vp & director - engineering - software development - premium institute,"computer science, data structures, distribution..., java, software development",5,10,"computer science, data structures, distribution..., java, software development",3.29
emc signal and power integrity,"..., communication engineering, design analysis, electrical design, electronics",5,10,"..., communication engineering, design analysis, electrical design, electronics",3.29
"ecommerce marketing, brand website marketing","css, html, marketing campaigns..., shopify, web analytics",5,10,"css, html, marketing campaigns..., shopify, web analytics",3.29
"dy. manager / manager/ agm/ dgm - overseas finance, hyderabad","cost accounting, finance, forecasting, mis reporting..., variance analysis",5,10,"cost accounting, finance, forecasting, mis reporting..., variance analysis",3.29
principal engineer - big data/hadoop,"algorithms..., big data, data structures, hadoop, principal engineer",5,10,"algorithms..., big data, data structures, hadoop, principal engineer",3.29
principal consultant - adm process,"cmmi, process consulting, project management, scrum, software development...",5,10,"cmmi, process consulting, project management, scrum, software development...",3.29
enterprise project management developer - solution design,"epm, project management, project server, solution design..., sql database",5,10,"epm, project management, project server, solution design..., sql database",3.29
digital marketing manager (sem and other paid channels,"data analysis, digital marketing, digital marketing manager, sem, sql...",5,10,"data analysis, digital marketing, digital marketing manager, sem, sql...",3.29
deputy general manager - transport - logistics firm,"budgeting, expenses, mis reporting..., process operations, transportation",5,10,"budgeting, expenses, mis reporting..., process operations, transportation",3.29
erp systems analyst - sap fi,"4 hana, erp systems analyst, sap fi, sap functional analyst, wricef...",5,10,"4 hana, erp systems analyst, sap fi, sap functional analyst, wricef...",3.29
equity research analyst - pharma/ telecom/ media/ it/ auto/ fmcg,"equity research, finance, financial modelling, research analysis..., sales",5,10,"equity research, finance, financial modelling, research analysis..., sales",3.29
equity raising role - corporate finance & treasury,"banking..., corporate finance, equity, equity raising, treasury",5,10,"banking..., corporate finance, equity, equity raising, treasury",3.29
equity analyst - buy side,"dcf, equity analysis..., finance, portfolio management, relative valuation",5,10,"dcf, equity analysis..., finance, portfolio management, relative valuation",3.29
delta technology is hiring -senior pre-sales consultant,"it sales manager, presales, presales consultant, saas, sales",5,10,"it sales manager, presales, presales consultant, saas, sales",3.29
delay analyst / claims analyst / forensic planner,"due diligence, impact analysis, primavera, project planning, report writing",5,10,"due diligence, impact analysis, primavera, project planning, report writing",3.29
database architect - sql server,"investment banking, requirement analysis, sql, sql server, vertica...",5,10,"investment banking, requirement analysis, sql, sql server, vertica...",3.29
"r&d scientist, senior_product development","algorithms, data scientist..., engineering, machine learning, sql queries",5,10,"algorithms, data scientist..., engineering, machine learning, sql queries",3.29
walk-in for financial analyst (2-4 years)@exela technologies,"accounting, advanced excel, email, finance, financial analysis",5,10,"accounting, advanced excel, email, finance, financial analysis",3.29
design engineer,"design review, diesel engines, engine design, manufacturing process..., qfd",5,10,"design review, diesel engines, engine design, manufacturing process..., qfd",3.29
deputy manager/assistant manager - internal audit - ca - manufacturing,"accounting, auditing, finance, internal audit, internal control...",5,10,"accounting, auditing, finance, internal audit, internal control...",3.29
product manager - vernacular social network startup - female only,"data analysis, data analytics, excel, product management..., research analysis",5,10,"data analysis, data analytics, excel, product management..., research analysis",3.29
product manager - insurance / third party product,"business development, new business..., product management, sales, strategy",5,10,"business development, new business..., product management, sales, strategy",3.29
amazing job opening with auto oem company for costing role - hansalpur,"auditing..., cost audit, inventory valuation, mis reporting, product costing",5,10,"auditing..., cost audit, inventory valuation, mis reporting, product costing",3.29
am / manager - data governance ( reporting tools,"data extraction, data governance..., data mining, data quality, sql server",5,10,"data extraction, data governance..., data mining, data quality, sql server",3.29
urgently looking for smo expert,"blogs, google analytics, smo, social media marketing..., website analysis",5,10,"blogs, google analytics, smo, social media marketing..., website analysis",3.29
walk-in for executive / sr executive (client service,"client servicing, customer care, customer support, international bpo, voice...",5,10,"client servicing, customer care, customer support, international bpo, voice...",3.29
iot platforms,"active directory, analytics, cosmos..., operations, outsourcing",5,10,"active directory, analytics, cosmos..., operations, outsourcing",3.29
investment management - quantitative research/ quantitative analyst,"..., fixed income, quantitative analysis, quantitative research, risk analytics",5,10,"..., fixed income, quantitative analysis, quantitative research, risk analytics",3.29
product manager - ahmedabad,"new product, online..., product management, sales support, technical marketing",5,10,"new product, online..., product management, sales support, technical marketing",3.29
"product manager (6 -14 years) opentext, a product development company","design patterns..., j2ee, java, multithreading, web services",5,10,"design patterns..., j2ee, java, multithreading, web services",3.29
product analyst - product development firm,"data analysis, data analytics..., data visualization, excel, sql",5,10,"data analysis, data analytics..., data visualization, excel, sql",3.29
process associate,"academic, adaptability..., analytical, data entry, operations",5,10,"academic, adaptability..., analytical, data entry, operations",3.29
process & analytics lead - data analytics - pricing/benchmarking,"analytics, data analytics, modelling, pricing, process & analytics lead",5,10,"analytics, data analytics, modelling, pricing, process & analytics lead",3.29
digital media planner,"advertising, analytics..., data analysis, data mining, marketing",5,10,"advertising, analytics..., data analysis, data mining, marketing",3.29
wcas senior analyst senior,"business accounting, corporate finance, sales..., scope, strategy",5,10,"business accounting, corporate finance, sales..., scope, strategy",3.29
wcas - senior analyst - senior,"communication..., planning, project execution, project management, strategy",5,10,"communication..., planning, project execution, project management, strategy",3.29
acn - digital - analytics - fs analytics - 6,"analytical, digital marketing..., logistics, operations research, sas",5,10,"analytical, digital marketing..., logistics, operations research, sas",3.29
acn - digital - analytics - customer analytics-cdm,"datastage, informatica, production support..., python, sql",5,10,"datastage, informatica, production support..., python, sql",3.29
principal statistician - iit/nit/isi/dse,"data analytics, excel, model validation..., multivariate analysis, sas",5,10,"data analytics, excel, model validation..., multivariate analysis, sas",3.29
digital marketing manager @ white rivers media,"digital marketing, google adwords..., search engine optimization, sem, seo",5,10,"digital marketing, google adwords..., search engine optimization, sem, seo",3.29
"e-4/e5, manager/sr. manager (projects and o&m","..., invoice verification, material planning, mis preparation, network analysis",5,10,"..., invoice verification, material planning, mis preparation, network analysis",3.29
quality analyst - manual/automation testing,"agile..., automation testing, test cases, test planning, test reporting",5,10,"agile..., automation testing, test cases, test planning, test reporting",3.29
quality analyst - hft,"regression testing..., sql, test case execution, test cases, test management",5,10,"regression testing..., sql, test case execution, test cases, test management",3.29
data scientist- lead,"algorithm development, machine learning, python, sas, statistics...",5,10,"algorithm development, machine learning, python, sas, statistics...",3.29
quality executive,"8d..., internal audit, process inspection, rejection analysis, spc",5,10,"8d..., internal audit, process inspection, rejection analysis, spc",3.29
quality controller & research & development - biscuits,"chemical analysis, new product development..., production, qc, quality control",5,10,"chemical analysis, new product development..., production, qc, quality control",3.29
data scientist - artificial intelligence & machine learning,"artificial intelligence, data scientist, machine learning, programming, r...",5,10,"artificial intelligence, data scientist, machine learning, programming, r...",3.29
data scientist ( exp- 8- 14 years) - bangalore location- rmg ecoworld,"data mining, data scientist, machine learning, nlp, python",5,10,"data mining, data scientist, machine learning, nlp, python",3.29
os platform operation,"..., analytics, data analysis, product experience optimization, user experience",5,10,"..., analytics, data analysis, product experience optimization, user experience",3.29
quality analyst in a leading real estate advisory firm,"business development, cold calling, inside sales, lead generation, outbound...",5,10,"business development, cold calling, inside sales, lead generation, outbound...",3.29
plant analytics / mis- meat industries- unnao location,"plant management, plant operations, record keeping, report generation, soft...",5,10,"plant management, plant operations, record keeping, report generation, soft...",3.29
pentaho developer,"data analysis, data integration, etl, software development..., sql queries",5,10,"data analysis, data integration, etl, software development..., sql queries",3.29
"execellent opportunity for tag manger,analyst ,tm hyderabad","ad tags, campaign manager..., dcm, dfp, doubleclick for publishers",5,10,"ad tags, campaign manager..., dcm, dfp, doubleclick for publishers",3.29
exciting opportunity for product manager @ apttus,"gap analysis, prototyping, usability, user interface designing..., ux",5,10,"gap analysis, prototyping, usability, user interface designing..., ux",3.29
excellent opportunity- cmmi 3- accounts executive- noida,"accounting, accounts receivable, expenses, finance, mcom...",5,10,"accounting, accounts receivable, expenses, finance, mcom...",3.29
quality analyst - voice outbound domestic bpo,"call monitoring, domestic bpo, feedback, outbound..., quality analysis",5,10,"call monitoring, domestic bpo, feedback, outbound..., quality analysis",3.29
opening for senior medical coder,"ascribe, medical coding, oec, open ended coding..., verbatim",5,10,"ascribe, medical coding, oec, open ended coding..., verbatim",3.29
opening for search engine marketing - executive,"advertising, bid management..., search engine marketing, sem, social media",5,10,"advertising, bid management..., search engine marketing, sem, social media",3.29
event manager,"events..., market research, marketing, road shows, sponsorship",5,10,"events..., market research, marketing, road shows, sponsorship",3.29
paid media strategist,"adwords, content marketing..., digital marketing, google analytics, seo",5,10,"adwords, content marketing..., digital marketing, google analytics, seo",3.29
data scientist/artificial intelligence,"artificial intelligence, h2o, machine learning, python, scikit...",5,10,"artificial intelligence, h2o, machine learning, python, scikit...",3.29
data scientist/ data analyst - sql/sas - kpo,"data analysis, data mining, machine learning, predictive modeling..., sas",5,10,"data analysis, data mining, machine learning, predictive modeling..., sas",3.29
engineering manager - software architecture & design patterns,"android, design patterns..., software architecture, software design, sql",5,10,"android, design patterns..., software architecture, software design, sql",3.29
engineer- electrical testing & analysis,"acoustic, electricals, load, measurement, type measurement",5,10,"acoustic, electricals, load, measurement, type measurement",3.29
predictive modeling and optimization lead - cpg analytics,"cpg analytics, cpg..., optimization, predictive modeling, statistical analysis",5,10,"cpg analytics, cpg..., optimization, predictive modeling, statistical analysis",3.29
power bi developer(contratual,"advanced excel..., business intelligence, data visualization, sql, tableau",5,10,"advanced excel..., business intelligence, data visualization, sql, tableau",3.29
data scientist / statistical modeler - machine learning / data mining,"data mining, data scientist, machine learning, sas..., statistical modeler",5,10,"data mining, data scientist, machine learning, sas..., statistical modeler",3.29
data scientist / engineer - r/python/sql,"data visualization, discoverer, machine learning, python, sql...",5,10,"data visualization, discoverer, machine learning, python, sql...",3.29
data scientist - sas/r/matlab,"hadoop, mapreduce, neural networks, sql, text analytics...",5,10,"hadoop, mapreduce, neural networks, sql, text analytics...",3.29
sales & business development manager,"..., business development management, distribution management, marketing, sales",5,10,"..., business development management, distribution management, marketing, sales",3.29
safety & reliability engineer (rams,"en 50126, en 50128..., lcc calculation, rams analysis, reliability engineering",5,10,"en 50126, en 50128..., lcc calculation, rams analysis, reliability engineering",3.29
rotating equipment engineers mechanical (ag - 595,"mechanical, oil analysis, rotating equipment, trouble shoot..., vibration",5,10,"mechanical, oil analysis, rotating equipment, trouble shoot..., vibration",3.29
data visualisation engineer,"fireworks, graphic designing, illustrator, interaction design..., photoshop",5,10,"fireworks, graphic designing, illustrator, interaction design..., photoshop",3.29
data specialist,"business case development, data mining, data quality, data..., lead generation",5,10,"business case development, data mining, data quality, data..., lead generation",3.29
data scientist/engineer,"hadoop, machine learning, natural language processing, nlp..., text mining",5,10,"hadoop, machine learning, natural language processing, nlp..., text mining",3.29
excellent opportunity for seo specialist - immediate joinees,"google analytics, link building, search engine optimization, sem..., seo",5,10,"google analytics, link building, search engine optimization, sem..., seo",3.29
excellent opening for advanced java j2ee developers,"advanced java, design patterns, j2ee, multithreading..., spring",5,10,"advanced java, design patterns, j2ee, multithreading..., spring",3.29
excellent job opportunity with indegene for data scientist role,"advanced analytics, data analysis, machine learning, nlp..., python",5,10,"advanced analytics, data analysis, machine learning, nlp..., python",3.29
analyst/avp - equity research - sell side - investment bank,"finance, financial modelling..., investment banking, private equity, sell side",5,10,"finance, financial modelling..., investment banking, private equity, sell side",3.29
urgent requirement!! for data scientist_mumbai,"data analysis..., data science, data visualization, excel, presentation skills",5,10,"data analysis..., data science, data visualization, excel, presentation skills",3.29
urgent requirement for social media analyst @ bangalore,"blogging, content writing, online media, seo, social bookmarking...",5,10,"blogging, content writing, online media, seo, social bookmarking...",3.29
urgent requirement for risk & contract management team,"contract management, risk analysis, risk management, risk mitigation, sow...",5,10,"contract management, risk analysis, risk management, risk mitigation, sow...",3.29
walkins for mis role- male candidate required,"dsr, mis, mis excel, mis executive, mis reporting",5,10,"dsr, mis, mis excel, mis executive, mis reporting",3.29
walkin on 13th october for system design,"control system, matlab, requirements management..., simulink, system design",5,10,"control system, matlab, requirements management..., simulink, system design",3.29
accounts payable executive (sap experienced,"accounts payable, analytics..., fixed assets, sap, taxation",5,10,"accounts payable, analytics..., fixed assets, sap, taxation",3.29
zonal business head - lcv/hcv/ce financing - nbfc - south,"commercial vehicle, driving, hcv, lcv, structured finance...",5,10,"commercial vehicle, driving, hcv, lcv, structured finance...",3.29
accenture hiring for data scientist -python expert,"analytics, data science, predictive analytics..., python, statistical modeling",5,10,"analytics, data science, predictive analytics..., python, statistical modeling",3.29
vice president - transaction regulation - investment bank,"..., data analysis, data validation, process improvement, production management",5,10,"..., data analysis, data validation, process improvement, production management",3.29
project manager-big data,"ms project, project management, project planning, project server..., waterfall",5,10,"ms project, project management, project planning, project server..., waterfall",3.29
project manager - enterprise solutions & mobility,"ai, artificial intelligence, chatbots..., cloud computing, user xperience",5,10,"ai, artificial intelligence, chatbots..., cloud computing, user xperience",3.29
diebold nixdorf hiring senior mobile developer @ goregaon east :mumbai,"hybrid, mobile developer, mobile programmer..., native, software engineering",5,10,"hybrid, mobile developer, mobile programmer..., native, software engineering",3.29
dgm - transport management,"..., fleet management, process operations, transport management, transportation",5,10,"..., fleet management, process operations, transport management, transportation",3.29
dgm - finance controller - gurgaon - automotive mnc - female,"budgeting, business accounting, business partnering..., finance, sales",5,10,"budgeting, business accounting, business partnering..., finance, sales",3.29
enterprise evangelist - big data & analytics technology,"big data analytics, data integration..., mapreduce, scala, spark",5,10,"big data analytics, data integration..., mapreduce, scala, spark",3.29
application support specialist yardi,"development, part time, real estate, rf, technical support...",5,10,"development, part time, real estate, rf, technical support...",3.29
ts- uki-senior analyst,"accounting, auditing, cash flow..., finance, financial planning",5,10,"accounting, auditing, cash flow..., finance, financial planning",3.29
ts- gsa-senior analyst,"accounting..., banking, cash flow, finance, financial due diligence",5,10,"accounting..., banking, cash flow, finance, financial due diligence",3.29
urgent opening for project manager : institutional equity,"business analysis, equity, finance, sales, settlements...",5,10,"business analysis, equity, finance, sales, settlements...",3.29
urgent opening for personality development trainer-delhi/bangalore,"..., communication skills, leadership skills, personality development, training",5,10,"..., communication skills, leadership skills, personality development, training",3.29
urgent opening for medical billing process,"bpo, call center, domestic bpo, international bpo..., voice process",5,10,"bpo, call center, domestic bpo, international bpo..., voice process",3.29
urgent opening for graphics designer (exp 1-3yrs,"design, graphic designing, graphics, indesign, photoshop",5,10,"design, graphic designing, graphics, indesign, photoshop",3.29
project leader - circuit design - data acquisition & flight test,"circuit design, fpga, power analysis..., soc, thermal analysis",5,10,"circuit design, fpga, power analysis..., soc, thermal analysis",3.29
project control engineers ( electrical & instrument ) (skd - 526,"analyse, boq, material approval, material specification..., project control",5,10,"analyse, boq, material approval, material specification..., project control",3.29
digital marketing lead,"digital marketing, google analytics, keyword research..., sem, seo",5,10,"digital marketing, google analytics, keyword research..., sem, seo",3.29
direct walk-in drive for ar analyst(denials) at global healthcare,"healthcare bpo, medical billing, night shift, non voice, rcm...",5,10,"healthcare bpo, medical billing, night shift, non voice, rcm...",3.29
digital media sales professional,"ad sales, digital media, google analytics..., media sales, social media",5,10,"ad sales, digital media, google analytics..., media sales, social media",3.29
job opening for learning & development professional - bengaluru,"development, learning, train the trainer, training need analysis, ttt",5,10,"development, learning, train the trainer, training need analysis, ttt",3.29
inside sales professional - b2b | leading global edtech startup,"corporate relations, hiring managers, new client..., recruitment partners, rpo",5,10,"corporate relations, hiring managers, new client..., recruitment partners, rpo",3.29
analytics associate,"business analytics, marketing programs..., predictive analytics, sas, sql",5,10,"business analytics, marketing programs..., predictive analytics, sas, sql",3.29
analytics (cba) - modellers,"crm, finance, marketing analytics, modellers, sql",5,10,"crm, finance, marketing analytics, modellers, sql",3.29
index specialist,"analysis..., indexing, product development, project documentation, research",5,10,"analysis..., indexing, product development, project documentation, research",3.29
tower service manager,"bpo, customer service, financial services..., recruitmentconsulting, technical",5,10,"bpo, customer service, financial services..., recruitmentconsulting, technical",3.29
total rewards spl,"analytical, analytics, hr, reporting tools, spl",5,10,"analytical, analytics, hr, reporting tools, spl",3.29
toppr - gm & agm sales from tier 1 and tier 2 colleges,"fmcg, lead generation, sales operations, team building..., territory growth",5,10,"fmcg, lead generation, sales operations, team building..., territory growth",3.29
"analyst, fna","accounting, cost control, mba finance, project costing..., variance analysis",5,10,"accounting, cost control, mba finance, project costing..., variance analysis",3.29
urgent opening for business analyst - gurgaon,"business analysis, business analytics, case studies..., data mining, marketing",5,10,"business analysis, business analytics, case studies..., data mining, marketing",3.29
immediate requirement for a senior power bi developer,"data warehousing..., ms sql server, power bi, ssas, ssrs",5,10,"data warehousing..., ms sql server, power bi, ssas, ssrs",3.29
acn digital- analytics customer analytics- cdm-7,"agile, data migration..., information technology, macros, teradata",5,10,"agile, data migration..., information technology, macros, teradata",3.29
acn - digital - analytics customer & channel analytics - prd - 7,"consulting, data analysis, data management, spss, sql",5,10,"consulting, data analysis, data management, spss, sql",3.29
acn - digital - analytics - marketing analytics,"consulting, digital marketing, econometrics, regression analysis..., sas",5,10,"consulting, digital marketing, econometrics, regression analysis..., sas",3.29
acn - digital - analytics - fs analytics - 7,"analytical, digital marketing..., logistics, operations research, sas",5,10,"analytical, digital marketing..., logistics, operations research, sas",3.29
wns || hiring for manager - quality,"continuous improvement..., lean, quality management, six sigma, training needs",5,10,"continuous improvement..., lean, quality management, six sigma, training needs",3.29
web marketing executive,"digital marketing, internet marketing..., seo, web marketing, web promotion",5,10,"digital marketing, internet marketing..., seo, web marketing, web promotion",3.29
analytics/senior business analyst/assistant manager/manager - sas/r,"base..., business analysis, linear regression, model development, segmentation",5,10,"base..., business analysis, linear regression, model development, segmentation",3.29
analytics team lead,"data analysis, facebook..., google adwords, strategy development, team leading",5,10,"data analysis, facebook..., google adwords, strategy development, team leading",3.29
analytics solution manager opening,"bi apps, business intelligence apps, obiee, oracle bi cloud service, oracle...",5,10,"bi apps, business intelligence apps, obiee, oracle bi cloud service, oracle...",3.29
tele marketing,"customer complaints, marketing, quality control..., sales, telemarketing",5,10,"customer complaints, marketing, quality control..., sales, telemarketing",3.29
asp.net mvc,"javascript, stored procedures, supply chain..., visual studio, wcf",5,10,"javascript, stored procedures, supply chain..., visual studio, wcf",3.29
technical manager - real estate,"credit risk, finance, financial modelling..., portfolio analysis, valuation",5,10,"credit risk, finance, financial modelling..., portfolio analysis, valuation",3.29
assistant manager - marketing,"branding, digital marketing, media buying, media planning..., sales",5,10,"branding, digital marketing, media buying, media planning..., sales",3.29
assistant manager - business research - tmt/ ict/ telecom,"bloomberg, business research, competitive intelligence, onesource, research...",5,10,"bloomberg, business research, competitive intelligence, onesource, research...",3.29
assistant manager - big data - hadoop,"big data, data analysis, data modeling, data reporting, sas...",5,10,"big data, data analysis, data modeling, data reporting, sas...",3.29
assistant manager - analytics - reporting & business intelligence,"bi..., business intelligence, data warehousing, sql, tableau",5,10,"bi..., business intelligence, data warehousing, sql, tableau",3.29
treasury manager,"accounts payable, fund, fund management, mis, mis reporting...",5,10,"accounts payable, fund, fund management, mis, mis reporting...",3.29
"trainee campaign manager, ahmedabad,night shift (freshers are welcome","adwords, digital marketing, email marketing..., online marketing, sem",5,10,"adwords, digital marketing, email marketing..., online marketing, sem",3.29
analytics delivery lead - supply chain,"data..., demand planning, inventory optimization, predictive analytics, sql",5,10,"data..., demand planning, inventory optimization, predictive analytics, sql",3.29
junior business analyst,"..., business analyst, lead generation, pre sales support, requirement analysis",5,10,"..., business analyst, lead generation, pre sales support, requirement analysis",3.29
job opportunity - big data arcitect,"hadoop, hive, mapreduce, scala, spark",5,10,"hadoop, hive, mapreduce, scala, spark",3.29
job openings for data analysis with corporate markets,"data analysis, data governance, data management, data quality, excel...",5,10,"data analysis, data governance, data management, data quality, excel...",3.29
job opening-business analyst,"digital marketing..., gap analysis, ms visio, requirement gathering, scope",5,10,"digital marketing..., gap analysis, ms visio, requirement gathering, scope",3.29
lead - business development - it project delivery - bank,"business development, presales, rfi, rfp, sales",5,10,"business development, presales, rfi, rfp, sales",3.29
lan / wan / desktop support / troubleshooting / networking/ be /b tech,"b..., lotus notes, system troubleshooting, technical skills, technical support",5,10,"b..., lotus notes, system troubleshooting, technical skills, technical support",3.29
hr executive generalist,"employee engagement, hr, pressure handling, recruitment, retention",5,10,"employee engagement, hr, pressure handling, recruitment, retention",3.29
lead datascience,"data science, deep learning, machine..., neural networks, predictive analytics",5,10,"data science, deep learning, machine..., neural networks, predictive analytics",3.29
lead data architect,"data governance..., data modeling, data warehousing, etl, sql",5,10,"data governance..., data modeling, data warehousing, etl, sql",3.29
lead data analyst(p&c,"data visualization, excel, qlikview, software development..., tableau",5,10,"data visualization, excel, qlikview, software development..., tableau",3.29
lead data analyst - p&c insurance domain,"excel, project management..., qlikview, sql queries, tableau",5,10,"excel, project management..., qlikview, sql queries, tableau",3.29
lead consultant - sap fico(s/4 hana) - 8-12 yrs,"co, cost center accounting, profitability analysis..., sap fi, sap fico",5,10,"co, cost center accounting, profitability analysis..., sap fi, sap fico",3.29
tech mahindra hiring for quality analyst - kannada (or) malayalam,"qa, quality analysis, quality analyst..., quality management, voice process",5,10,"qa, quality analysis, quality analyst..., quality management, voice process",3.29
tivoli/netcool support engineer,"data warehousing..., itm, netcool omnibus, performance tuning, tivoli",5,10,"data warehousing..., itm, netcool omnibus, performance tuning, tivoli",3.29
threat analysis specialist (sme,"application software..., arcsight, network analysis, soc, splunk",5,10,"application software..., arcsight, network analysis, soc, splunk",3.29
"immediate opportunity for business analyst,technology with kantar","..., business process mapping, project management, use cases, workflow analysis",5,10,"..., business process mapping, project management, use cases, workflow analysis",3.29
immediate openings for credit executives & credit officers,"banking, credit analysis, credit policy, field operations..., finance",5,10,"banking, credit analysis, credit policy, field operations..., finance",3.29
immediate opening || sap hana consultant || mnc || hyderabad location,"analytical skills, sap fiori, sap hana, sap slt..., stored procedures",5,10,"analytical skills, sap fiori, sap hana, sap slt..., stored procedures",3.29
ui develoer&designer||4+years exp||immediate joiner||bund gardan(pune,"html5, javascript, jquery, user interface designing, web designing...",5,10,"html5, javascript, jquery, user interface designing, web designing...",3.29
android developer - java/design patterns,"android, design patterns, design..., java, object oriented analysis",5,10,"android, design patterns, design..., java, object oriented analysis",3.29
android developer - java/c/c,"android developer, c++, firmware, hardware..., java",5,10,"android developer, c++, firmware, hardware..., java",3.29
test architect,"automation testing, cucumber, load testing..., qtp, selenium webdriver",5,10,"automation testing, cucumber, load testing..., qtp, selenium webdriver",3.29
lead product manager,"..., customer experience, product management, product manager, product strategy",5,10,"..., customer experience, product management, product manager, product strategy",3.29
assistant manager / manager- pricing model validation,"derivatives, equity, model validation, options..., pricing model validation",5,10,"derivatives, equity, model validation, options..., pricing model validation",3.29
assistant manager - sas analytics - analytics firm,"analytics, data mining, regression, reject inference..., sas sql",5,10,"analytics, data mining, regression, reject inference..., sas sql",3.29
assistant manager - retail analytics,"customer management..., excel, model development, retail analytics, sas",5,10,"customer management..., excel, model development, retail analytics, sas",3.29
assistant manager - post merger integration specialist - post deal,"business accounting, corporate finance, financial analysis, sales, strategy...",5,10,"business accounting, corporate finance, financial analysis, sales, strategy...",3.29
team lead - ppc for noida location,"digital marketing, google adwords, search engine marketing, sem..., seo",5,10,"digital marketing, google adwords, search engine marketing, sem..., seo",3.29
team head - credit risk analytics - decision sciences unit - nbfc,"cash flow, credit risk, finance, risk analytics, unsecured loans...",5,10,"cash flow, credit risk, finance, risk analytics, unsecured loans...",3.29
team assistant,"accounting, excel, finance, financial analysis..., financial reporting",5,10,"accounting, excel, finance, financial analysis..., financial reporting",3.29
assistant manager - analytics - healthcare - iim/isb/mdi/fms,"analytics, analytics manager, data management, sas, sql",5,10,"analytics, analytics manager, data management, sas, sql",3.29
trainee - sqa,"cmmi, iso, process compliance, project management, root cause analysis...",5,10,"cmmi, iso, process compliance, project management, root cause analysis...",3.29
"area sales manager ,consumer audio","area sales, area sales manager, distribution, distribution sales, retail",5,10,"area sales, area sales manager, distribution, distribution sales, retail",3.29
area sales manager & sales representative - state kr all major cities,"dealer network, market analysis, market research..., market survey, sales",5,10,"dealer network, market analysis, market research..., market survey, sales",3.29
area sales manager & sales representative - state c.g all major cities,"dealer network, market analysis, market research..., market survey, sales",5,10,"dealer network, market analysis, market research..., market survey, sales",3.29
immediate hiring for data scientist for bng/chn/pune/mumbai,"data science, data scientist, python, sas, senior data scientist...",5,10,"data science, data scientist, python, sas, senior data scientist...",3.29
lead - business intelligence - pharma domain,"business intelligence, qlikview, spotfire, tableau, technology leadership...",5,10,"business intelligence, qlikview, spotfire, tableau, technology leadership...",3.29
"hr manager - field rewards , analytics & business partnering","business partners, compensation..., field rewards, hr analytics, hr consulting",5,10,"business partners, compensation..., field rewards, hr analytics, hr consulting",3.29
hr associate// immediate joining,"employee relations, hr operations, induction, onboarding..., talent engagement",5,10,"employee relations, hr operations, induction, onboarding..., talent engagement",3.29
system analyst - pp/qm analyst,"qm, quality management, sap, sap pp, sap production planning",5,10,"qm, quality management, sap, sap pp, sap production planning",3.29
support business analyst - glrs,"application support, balance sheet, financial services, loans..., pmp",5,10,"application support, balance sheet, financial services, loans..., pmp",3.29
supply chain analytics manager,"predictive modeling, python..., sas, statistical modeling, supply chain",5,10,"predictive modeling, python..., sas, statistical modeling, supply chain",3.29
success factors analyst,"change management, compensation, incident management..., itil, policies",5,10,"change management, compensation, incident management..., itil, policies",3.29
success factor reporting - assistant manager. loc - pune,"data reporting..., hiring, hr analytics, hr reporting, training",5,10,"data reporting..., hiring, hr analytics, hr reporting, training",3.29
subject matter expert - it network products,"business analysis..., epc, it networking, project management, user stories",5,10,"business analysis..., epc, it networking, project management, user stories",3.29
associate - financial modeling & contract analysis - iim/fms/xlri/iift,"accounting, auditing..., finance, financial modelling, taxation",5,10,"accounting, auditing..., finance, financial modelling, taxation",3.29
tech mahindra hiring for content management-team lead/quality analyst,"content editor, content writer..., editing, proof reading, quality analysis",5,10,"content editor, content writer..., editing, proof reading, quality analysis",3.29
lead business analyst | gaming company | bangalore,"analytics, business analysis, data analysis, forecasting..., regression",5,10,"analytics, business analysis, data analysis, forecasting..., regression",3.29
lead android developer - sdk/java,"android, java, mysql, product design..., test driven development",5,10,"android, java, mysql, product design..., test driven development",3.29
lead - sales operations,"account..., change management, program management, sales operations, six sigma",5,10,"account..., change management, program management, sales operations, six sigma",3.29
immediate opening for data warehouse - data analyst (hyd location,"data governance, data profiling, data quality..., etl tool, sql server",5,10,"data governance, data profiling, data quality..., etl tool, sql server",3.29
immediate joiners financial planning & analysis | leading mnc,"budgeting, financial planning, forecasting, fpna, variance analysis...",5,10,"budgeting, financial planning, forecasting, fpna, variance analysis...",3.29
test lead - black box testing,"test case execution, test cases, test lead..., test reporting, test strategy",5,10,"test case execution, test cases, test lead..., test reporting, test strategy",3.29
lead sas campaign management developer - dw/ bi projects,"analytics, base sas, campaign management, marketing..., sas di",5,10,"analytics, base sas, campaign management, marketing..., sas di",3.29
hiring for sql/plsql mapper developer,"inner and outer joins..., plsql, sql, sql queries, written communication",5,10,"inner and outer joins..., plsql, sql, sql queries, written communication",3.29
hiring for social media specialist in leading ecommerce industry,"facebook, marketing, social media, social networking..., twitter",5,10,"facebook, marketing, social media, social networking..., twitter",3.29
hiring for seo/sem associate for real estate company,"ppc, search engine marketing, search engine optimization..., sem, seo",5,10,"ppc, search engine marketing, search engine optimization..., sem, seo",3.29
looking for sr. ecommerce businees analyst,"atg commerce, b2b, business analysis, client management..., e - commerce",5,10,"atg commerce, b2b, business analysis, client management..., e - commerce",3.29
looking for it infrastructure project manager,"it infrastructure..., pmp, prince2, project management, solutioning",5,10,"it infrastructure..., pmp, prince2, project management, solutioning",3.29
looking for freelance consultants for one of our leading client,"bpm, cloud, enterprise architecture, java, open source",5,10,"bpm, cloud, enterprise architecture, java, open source",3.29
looking for ea/pa for ceo of a co working space organization -gurgaon,"ea, executive assistant, pa..., personal assistant, personal secretary",5,10,"ea, executive assistant, pa..., personal assistant, personal secretary",3.29
looking for data scientist for an mnc client at jamshedpur & kolkata,"cluster analysis, logistic regression, principal component analysis, r..., sas",5,10,"cluster analysis, logistic regression, principal component analysis, r..., sas",3.29
assistant manger -database,"data modeling, front..., root cause analysis, sql queries, system architecture",5,10,"data modeling, front..., root cause analysis, sql queries, system architecture",3.29
technical content writer - analytics and bi blogs (1-3 years) noida,"blogs, content writing, editor skills..., technical writing, writing skills",5,10,"blogs, content writing, editor skills..., technical writing, writing skills",3.29
"technical business analysis, advisory","administration, analytical, business analysis, business process, operations...",5,10,"administration, analytical, business analysis, business process, operations...",3.29
techical specialist - connected platform,"firmware architect, firmware architecture, iot architect, iot firmware, iot...",5,10,"firmware architect, firmware architecture, iot architect, iot firmware, iot...",3.29
huge openings for quality analyst in teleperformance,"call monitoring, feedback, process quality, quality tools, root cause...",5,10,"call monitoring, feedback, process quality, quality tools, root cause...",3.29
"hr recruiter, 2-5 yrs exp ( medical billing exp only) @dlf porur","interview scheduling, interviewing..., screening, sourcing, telephonic",5,10,"interview scheduling, interviewing..., screening, sourcing, telephonic",3.29
hr portfolio specialist,"analytics, customer relationship, managerial..., market research, pricing",5,10,"analytics, customer relationship, managerial..., market research, pricing",3.29
hr cum admin/business head,"business development, employee management, hiring, hr..., manager",5,10,"business development, employee management, hiring, hr..., manager",3.29
lucrative job opportunity for senior manager data scientist,"data analytics, machine learning, microsoft azure..., statistics, tableau",5,10,"data analytics, machine learning, microsoft azure..., statistics, tableau",3.29
sr. manager|data analytics|premier b-school |healthcare preferred,"analytics, data analysis, data analytics, data mining, statistical analysis...",5,10,"analytics, data analysis, data analytics, data mining, statistical analysis...",3.29
sr. manager - business development - chennai,"bi sales, erp sales, sales..., software sales, software solution sales",5,10,"bi sales, erp sales, sales..., software sales, software solution sales",3.29
"sr. manager , mice","big data analytics, execution, food, hospitality management..., sow",5,10,"big data analytics, execution, food, hospitality management..., sow",3.29
associate vice president - analytics - life insurance - iit/iim/isb,"analytics, analytics head..., insurance analytics, sas, team leading",5,10,"analytics, analytics head..., insurance analytics, sas, team leading",3.29
associate vice president,"ecl, python, r programming, risk analytics, vba",5,10,"ecl, python, r programming, risk analytics, vba",3.29
associate manager - deal advisory / m&a - business research,"capital iq..., company profiling, mba finance, pitch books, project management",5,10,"capital iq..., company profiling, mba finance, pitch books, project management",3.29
sr. analyst - analytics (engineering from tier 1 college,"analytics, business analytics, business case, sas, variance analysis",5,10,"analytics, business analytics, business case, sas, variance analysis",3.29
associate - asset management - investment management firm - iit + iim,"investment management..., quantitative analysis, sas, spss, statistics",5,10,"investment management..., quantitative analysis, sas, spss, statistics",3.29
team leader operations,"customer experience, domestic process, kra, people management, team leading...",5,10,"customer experience, domestic process, kra, people management, team leading...",3.29
team leader,"feedback, leadership, team management..., team motivation, training",5,10,"feedback, leadership, team management..., team motivation, training",3.29
team lead- search engines optimization-internet/online - premier instt,"internet marketing, search engine, senior management..., seo, social media",5,10,"internet marketing, search engine, senior management..., seo, social media",3.29
hr - pmo,"business hr, hr analytics, hr policies, hr processes, process orientation...",5,10,"business hr, hr analytics, hr policies, hr processes, process orientation...",3.29
hod - qc,"chemical analysis..., finished products, inprocess, qc, quality control",5,10,"chemical analysis..., finished products, inprocess, qc, quality control",3.29
hiring sitecore dev/sr.dev/lead @ perficient nagpur,"asp.net, c#, mvc..., windows communication foundation, windows forms",5,10,"asp.net, c#, mvc..., windows communication foundation, windows forms",3.29
hiring for sr. statistician - mumbai,"chaid, neural networks, predictive analytics, r..., regression analysis",5,10,"chaid, neural networks, predictive analytics, r..., regression analysis",3.29
sr manager finance (fp&a) - financial planning & analysis (ca / cpa,"busgeting..., finance, financial planning, financial planning & analysis, fp&a",5,10,"busgeting..., finance, financial planning, financial planning & analysis, fp&a",3.29
"sr manager advanced analytics and planning, mumbai","analytics, cross - sell, r..., revenue and retention planning, up - sell",5,10,"analytics, cross - sell, r..., revenue and retention planning, up - sell",3.29
sr manager / avp analytics,"advanced analytics, machine learning, neural networks, python, tableau...",5,10,"advanced analytics, machine learning, neural networks, python, tableau...",3.29
sr manager - finance | disruptive co-living startup | gurgaon,"accounting, finance, financial control..., financial management, real estate",5,10,"accounting, finance, financial control..., financial management, real estate",3.29
sr executive/assistant manager-social media marketing,"campaigns, media marketing, social media, social site..., socialmedia",5,10,"campaigns, media marketing, social media, social site..., socialmedia",3.29
"sr engineer ii, systems requirements engineers - infotainment","automotive infotainment, dxl, java..., python, software development",5,10,"automotive infotainment, dxl, java..., python, software development",3.29
sr dialer engineer / genesys support engineer - immediately available,"contact center..., information security, l1, networking, third party",5,10,"contact center..., information security, l1, networking, third party",3.29
sr analyst java,"hibernate, java, software development, spring, sql",5,10,"hibernate, java, software development, spring, sql",3.29
sr analyst (financial modelling & research,"cfa, dcf, financial analyst..., financial modelling, valuation",5,10,"cfa, dcf, financial analyst..., financial modelling, valuation",3.29
talent acquisition lead- it/ technical - noida,"hiring, recruitment, staffing, ta, talent acquisition",5,10,"hiring, recruitment, staffing, ta, talent acquisition",3.29
talend big data,"analytics..., business intelligence, data modeling, performance tuning, python",5,10,"analytics..., business intelligence, data modeling, performance tuning, python",3.29
looking for consultant isu -- hyderabad- bangalore,"business analysis, data extraction..., data mapping, idocs, lsmw",5,10,"business analysis, data extraction..., data mapping, idocs, lsmw",3.29
life & health insurance analytics,"..., insurance analytics, machine learning, marketing analytics, text mining",5,10,"..., insurance analytics, machine learning, marketing analytics, text mining",3.29
lead.digital marketing,"html, seo analysis, seo executive..., web technologies, web tools",5,10,"html, seo analysis, seo executive..., web technologies, web tools",3.29
hr executive / hr generalist ( human resource ) hr fresher - mnc,"hr executive, hr generalist, hr manager, hr officer, payroll hr executive...",5,10,"hr executive, hr generalist, hr manager, hr officer, payroll hr executive...",3.29
magento tech lead,"magento, php, problem solving..., requirement analysis, third party",5,10,"magento, php, problem solving..., requirement analysis, third party",3.29
manager - finance & accounts,"accounts payable, auditing..., finance, financial accounting, general ledger",5,10,"accounts payable, auditing..., finance, financial accounting, general ledger",3.29
manager - digital marketing - internet/online,"digital marketing, display advertising, sem..., seo, social media marketing",5,10,"digital marketing, display advertising, sem..., seo, social media marketing",3.29
manager - digital marketing - high frequency trading organisation,"digital marketing, display advertising, sem, seo, social media...",5,10,"digital marketing, display advertising, sem, seo, social media...",3.29
manager - digital marketing - ecommerce,"..., digital marketing, ppc, sem, seo",5,10,"..., digital marketing, ppc, sem, seo",3.29
manager - digital marketing & ecommerce - dairy/fmcg,"brand marketing, digital marketing, ecommerce, marketing..., sales",5,10,"brand marketing, digital marketing, ecommerce, marketing..., sales",3.29
manager - digital analytics - fintech,"adobe analytics, data mining, digital analytics, strategy, web technologies...",5,10,"adobe analytics, data mining, digital analytics, strategy, web technologies...",3.29
manager - compensation & benefits,"benefits, compensation, hr analytics, hr operations, talent acquisition...",5,10,"benefits, compensation, hr analytics, hr operations, talent acquisition...",3.29
hiring for email/chat support/uk shift sal upto 3.5lpa,"customer service, international bpo, international voice, ites..., uk shift",5,10,"customer service, international bpo, international voice, ites..., uk shift",3.29
hiring for digital marketing manager (google adwords,"adwords..., google adwords, google analytics, marketing management, ppc",5,10,"adwords..., google adwords, google analytics, marketing management, ppc",3.29
associate (avp) - financial reporting and analytics,"auditing..., budgeting, finance, financial reporting, project delivery",5,10,"auditing..., budgeting, finance, financial reporting, project delivery",3.29
assoc. project manager,"..., analytical, enterprise software, project management, relationship building",5,10,"..., analytical, enterprise software, project management, relationship building",3.29
assoc. infrastructure analyst,"lte, project delivery..., technical support, tools, xml",5,10,"lte, project delivery..., technical support, tools, xml",3.29
structural analysis- drivetrain & powertrain components,"abaqus, engine components..., fea, structural analysis, transmission",5,10,"abaqus, engine components..., fea, structural analysis, transmission",3.29
strategy & architecture manager (dwbi) at zs,"analytics, business intelligence, data management..., dwbi, strategy",5,10,"analytics, business intelligence, data management..., dwbi, strategy",3.29
"statistician, lead","customer relationship, hadoop..., predictive analytics, statistician, strategy",5,10,"customer relationship, hadoop..., predictive analytics, statistician, strategy",3.29
manager - business analyst - erp implementation - accounting change,"business process..., erp implementation, gaap, stakeholder management, uat",5,10,"business process..., erp implementation, gaap, stakeholder management, uat",3.29
manager - financial planning & analysis - bfsi,"accounting, budgeting, finance, financial planning, management reporting...",5,10,"accounting, budgeting, finance, financial planning, management reporting...",3.29
solution consultant,"product management, product marketing, product sales, sales training, sales...",5,10,"product management, product marketing, product sales, sales training, sales...",3.29
solution architect - java,"android, enterprise architecture, java, jee, web application development...",5,10,"android, enterprise architecture, java, jee, web application development...",3.29
back office executive,"back office, data entry, excel, marketing coordinator, sales coordinator",5,10,"back office, data entry, excel, marketing coordinator, sales coordinator",3.29
b com / m com fresher - mnc hiring for capital markets analyst,"bcom, capital market, investment banking..., market analysis, mcom",5,10,"bcom, capital market, investment banking..., market analysis, mcom",3.29
software engineer - spark,"apache, hadoop, java, scala, spark",5,10,"apache, hadoop, java, scala, spark",3.29
software engineer - full stack development,"agile, digital analytics..., scrum, software development, software engineering",5,10,"agile, digital analytics..., scrum, software development, software engineering",3.29
big data analyst,"analytics, big data, data analysis, neural networks, python",5,10,"analytics, big data, data analysis, neural networks, python",3.29
bic cello india - assistant manager ppc,"..., capacity planning, material procurement, production planning, supply chain",5,10,"..., capacity planning, material procurement, production planning, supply chain",3.29
looking for data analyst senior associate,"advanced analytics, data analysis, data mining, machine learning..., sql",5,10,"advanced analytics, data analysis, data mining, machine learning..., sql",3.29
associate / specialist,"data analyst, data scientist, mathematics, maths, statistics",5,10,"data analyst, data scientist, mathematics, maths, statistics",3.29
associate - strategy & algorithm - investment management firm - iit,".net, c#, computer science, investment management..., quantitative analysis",5,10,".net, c#, computer science, investment management..., quantitative analysis",3.29
manager - analytics - r/ sql,"data analytics, data extraction, problem..., root cause analysis, sql database",5,10,"data analytics, data extraction, problem..., root cause analysis, sql database",3.29
management coordinator for hewlett packard enterprise,"back office..., data entry, non bpo, non call center, non voice process",5,10,"back office..., data entry, non bpo, non call center, non voice process",3.29
makemytrip - assistant manager - search engine optimization,"execution..., omniture, online marketing, search engine optimization, seo",5,10,"execution..., omniture, online marketing, search engine optimization, seo",3.29
associate/sr associate- ba with data modelling,"data analytics, data modeling, sql, strong analytical..., verbal communication",5,10,"data analytics, data modeling, sql, strong analytical..., verbal communication",3.29
software architect - distributed systems,"..., design patterns, product management, software design, software development",5,10,"..., design patterns, product management, software design, software development",3.29
big data bi reporting (tableau/ qlikview) @ pune,"big data, business intelligence reporting, qlikview, sybase..., tableau",5,10,"big data, business intelligence reporting, qlikview, sybase..., tableau",3.29
big data qa analyst/testing engineer - hadoop,"automation testing..., hadoop, hive, regression testing, software testing",5,10,"automation testing..., hadoop, hive, regression testing, software testing",3.29
big data engineer - r/hadoop/python,"big data, hadoop, machine learning, mvc framework..., python",5,10,"big data, hadoop, machine learning, mvc framework..., python",3.29
manager - predictive modeling - credit risk - bank,"business strategy..., credit risk, predictive modeling, retail banking, sas",5,10,"business strategy..., credit risk, predictive modeling, retail banking, sas",3.29
manager - mis lead - analytics - credit cards/personal loans vertical,"banking, credit cards, mis development, personal loans, senior management",5,10,"banking, credit cards, mis development, personal loans, senior management",3.29
manager - marketing (gurgaon,"digital marketing, digital media, digital strategy, marketing, saas...",5,10,"digital marketing, digital media, digital strategy, marketing, saas...",3.29
manager - market intelligence - automotive industry,"..., competitive intelligence, industry analysis, market intelligence, strategy",5,10,"..., competitive intelligence, industry analysis, market intelligence, strategy",3.29
hiring brakes cae analyst with automotive domain in chennai location,"abaqus, automotive braking system, cae, hypermesh, nastran",5,10,"abaqus, automotive braking system, cae, hypermesh, nastran",3.29
"sr. advisor, ai/ml product strategy and delivery","excel, predictive analytics, product strategy, project management, sql...",5,10,"excel, predictive analytics, product strategy, project management, sql...",3.29
associate- quality ( process improvement,"internal audit..., quality, quality analyst, quality audit, rca",5,10,"internal audit..., quality, quality analyst, quality audit, rca",3.29
hiring for content writing / google process / salary upto 36k,"content, content editing, content editor..., content writer, content writing",5,10,"content, content editing, content editor..., content writer, content writing",3.29
hiring for big 4 for ia data analytics profile,"auditing, da, data analytics, internal audit, reporting",5,10,"auditing, da, data analytics, internal audit, reporting",3.29
hiring for area head || meq & lap ( delhi,"channel sales, channel..., direct sales, distribution network, event marketing",5,10,"channel sales, channel..., direct sales, distribution network, event marketing",3.29
hiring for analyst (0-4 years experience,"accounting, accounts payable, calling..., invoice processing, reconciliation",5,10,"accounting, accounts payable, calling..., invoice processing, reconciliation",3.29
manager - internal audit - ca,"accounting, auditing, chartered..., enterprise risk management, internal audit",5,10,"accounting, auditing, chartered..., enterprise risk management, internal audit",3.29
business analysis/ business systems analysis - hyperion,"..., bank accounting, business analysis, finance, hyperion financial management",5,10,"..., bank accounting, business analysis, finance, hyperion financial management",3.29
brand team leader - media,"digital campaigns, digital marketing, facebook..., online marketing, ppc",5,10,"digital campaigns, digital marketing, facebook..., online marketing, ppc",3.29
head of data science,"analytics..., data science, machine learning, python, statistics",5,10,"analytics..., data science, machine learning, python, statistics",3.29
manager - strategy & algorithm - brokerage - iit/iim/isb/mdi/xlri,".net, c#, communication skills, computer science, quantitative analysis",5,10,".net, c#, communication skills, computer science, quantitative analysis",3.29
manager - strategic procurement - fmcg - nitie/ spjimr,"change management, fmcg, liquor, organization design, process improvement...",5,10,"change management, fmcg, liquor, organization design, process improvement...",3.29
manager - sas - banking domain - iim/ iit/ isi,"consulting -..., problem solving, sas, statistics, strong communication skills",5,10,"consulting -..., problem solving, sas, statistics, strong communication skills",3.29
manager - risk management - financial/economic modeling,"capital management..., finance, financial risk, frm, risk management",5,10,"capital management..., finance, financial risk, frm, risk management",3.29
manager - reliability analytics - resources firm,"machine learning, python, sas..., sql, statistical analysis",5,10,"machine learning, python, sas..., sql, statistical analysis",3.29
"bpo executive, bpo analyst, bpo associate","bpo, bpo voice, domestic bpo..., non voice process, voice process",5,10,"bpo, bpo voice, domestic bpo..., non voice process, voice process",3.29
"sql, macros, advanced excel mis analyst for international bpo","advanced excel, hlookup, mis reporting, pivot table, vlookup",5,10,"advanced excel, hlookup, mis reporting, pivot table, vlookup",3.29
spring boot,"business process..., hibernate, jpa, manager quality assurance, sql",5,10,"business process..., hibernate, jpa, manager quality assurance, sql",3.29
avp - control testing - assurance/risk & control/internal audit,"auditing, control testing, internal audit, report writing..., risk control",5,10,"auditing, control testing, internal audit, report writing..., risk control",3.29
avp - business analyst - frtb project,"business analysis, frd, market risk, risk analytics, solution design...",5,10,"business analysis, frd, market risk, risk analytics, solution design...",3.29
asst. sales manager -usa & canada,"export sales, promotional events, sales management, sales..., trade operations",5,10,"export sales, promotional events, sales management, sales..., trade operations",3.29
asst. manager - plant quality assurance,"auditing, compliance..., plant quality, process audit, quality assurance",5,10,"auditing, compliance..., plant quality, process audit, quality assurance",3.29
software development engineer - bi/dw/hadoop,"bi, data warehousing..., dw, hadoop, software development engineer",5,10,"bi, data warehousing..., dw, hadoop, software development engineer",3.29
behavioural scientist - bfsi,"anova, behavioural scientist, chi - square, nlp..., regression",5,10,"anova, behavioural scientist, chi - square, nlp..., regression",3.29
seo executive in laxmi nagar,"senior seo executive, seo, seo executive, seo expert, seo specialist...",5,10,"senior seo executive, seo, seo executive, seo expert, seo specialist...",3.29
seo executive (6 month -1 yrs of exp.) / delhi / digital marketing,"internet marketing..., search engine optimization, sem, seo, smo",5,10,"internet marketing..., search engine optimization, sem, seo, smo",3.29
seo analyst and web administrator,"internet marketing..., keyword research, link building, php, seo analysis",5,10,"internet marketing..., keyword research, link building, php, seo analysis",3.29
business analyst - general insurance,"business analysis, business planning, finance, growth strategy, mergers...",5,10,"business analysis, business planning, finance, growth strategy, mergers...",3.29
business analyst - finance projects - financial services,"accounting, brd, budgeting..., business finance, impact analysis",5,10,"accounting, brd, budgeting..., business finance, impact analysis",3.29
business analyst - data modelling - consulting firm,"business analysis, business analyst, data modelling, greenplum..., sql",5,10,"business analysis, business analyst, data modelling, greenplum..., sql",3.29
manager / senior manager - sourcing,"alternate sourcing, logistics planning, procurement, purchase, supply chain...",5,10,"alternate sourcing, logistics planning, procurement, purchase, supply chain...",3.29
head of technology - industrial iot leader,"data science, industrial iot, iot, process optimization..., smart factory",5,10,"data science, industrial iot, iot, process optimization..., smart factory",3.29
head of marketing,"advertising, brand marketing, events, marketing automation..., sales",5,10,"advertising, brand marketing, events, marketing automation..., sales",3.29
social media manager/content writer,"content writing, editorial, journalism, mass communication, social media...",5,10,"content writing, editorial, journalism, mass communication, social media...",3.29
social media and digital marketing executive,"digital marketing, online marketing, sem..., seo, social media marketing",5,10,"digital marketing, online marketing, sem..., seo, social media marketing",3.29
specialist - talent acquisition,"hr, leadership hiring, recruitment, sourcing..., talent acquisition",5,10,"hr, leadership hiring, recruitment, sourcing..., talent acquisition",3.29
spec analytics intermediate analyst,"analytical, analytics, macros, process design, project delivery...",5,10,"analytical, analytics, macros, process design, project delivery...",3.29
head/vp/gm - engineering - python/java/c,"c++, data structures, java, python..., software engineering",5,10,"c++, data structures, java, python..., software engineering",3.29
business analyst ( p&c domain,"business analysis..., qlikview, requirement gathering, use cases, user stories",5,10,"business analysis..., qlikview, requirement gathering, use cases, user stories",3.29
smm smo / digital marketing executive,"digital marketing, google adwords, google analytics, keyword research, page...",5,10,"digital marketing, google adwords, google analytics, keyword research, page...",3.29
business analyst- bancs- corporate action,"custody, functional testing..., test cases, test planning, user acceptance",5,10,"custody, functional testing..., test cases, test planning, user acceptance",3.29
business analyst- agile methodology,"agile methodology, brd and frd, scrum master, sdlc, uat testing...",5,10,"agile methodology, brd and frd, scrum master, sdlc, uat testing...",3.29
senior role- business development - consulting and valuation,"business development, client relationship..., marketing, prospecting, sales",5,10,"business development, client relationship..., marketing, prospecting, sales",3.29
business controller,"accounting, design..., finance, new product development, range planning",5,10,"accounting, design..., finance, new product development, range planning",3.29
business consultant - r/python/sas,"analytics, business consultant..., business consulting, excel, sas",5,10,"analytics, business consultant..., business consulting, excel, sas",3.29
business communication lead| trainer,"..., digital transformation, legal services, ms office tools, technical support",5,10,"..., digital transformation, legal services, ms office tools, technical support",3.29
head - ecommerce business - apparel/garments/textiles/fashion,"apparel, marketing campaigns, promotional campaigns..., retail, sales",5,10,"apparel, marketing campaigns, promotional campaigns..., retail, sales",3.29
head - ecommerce business - apparel/ garments/ textiles/ fashion,"apparel, garments..., marketing campaigns, retail, sales",5,10,"apparel, garments..., marketing campaigns, retail, sales",3.29
head - ecommerce - fmcg/ personal care/ food,"fmcg, marketing campaigns, personal care, promotional campaigns..., sales",5,10,"fmcg, marketing campaigns, personal care, promotional campaigns..., sales",3.29
manager / sr. manager mis - bangalore,"analytical skills, excel, manager mis, manager mis reporting, mis",5,10,"analytical skills, excel, manager mis, manager mis reporting, mis",3.29
bmc remedy adm,"action request system, bmc remedy, itil, itsm, technical support...",5,10,"action request system, bmc remedy, itil, itsm, technical support...",3.29
sg walk- in- analyst/ sr. analyst - revenue management - 3rd oct,"excel powerpoint, market intelligence..., operations, sales, sql database",5,10,"excel powerpoint, market intelligence..., operations, sales, sql database",3.29
servicenow lead/architect,"servicenow, snow, snow architect, snow lead, snow solution architect...",5,10,"servicenow, snow, snow architect, snow lead, snow solution architect...",3.29
server support - sr analyst enterprise technical support,"customer care, customer service, networking..., principal, technical support",5,10,"customer care, customer service, networking..., principal, technical support",3.29
bi developer- spotfire,"agile..., java, ruby, software development methodologies, sql",5,10,"agile..., java, ruby, software development methodologies, sql",3.29
seo executive/ seo manager,"google analytics, internet marketing, sem, seo analysis, social media...",5,10,"google analytics, internet marketing, sem, seo analysis, social media...",3.29
aim - na cards - sbs,"analytical..., analytics, forecasting, predictive modeling, sas",5,10,"analytical..., analytics, forecasting, predictive modeling, sas",3.29
ai and ml,"deep learning, java..., machine learning, pattern recognition, python",5,10,"deep learning, java..., machine learning, pattern recognition, python",3.29
senior media planner,"advertising, adwords..., media buying, media marketing, media planning",5,10,"advertising, adwords..., media buying, media marketing, media planning",3.29
senior marketing executive,"data analytics..., events, exhibitions, marketing campaigns, promotions",5,10,"data analytics..., events, exhibitions, marketing campaigns, promotions",3.29
manager- finance & accounts | leading global ed-tech startup | gurgaon,"accounting, finance, finance manager..., financial analysis, taxation",5,10,"accounting, finance, finance manager..., financial analysis, taxation",3.29
manager- data science machine learning engineering and client manageme,"data science, machine learning, natural language processing, python, r...",5,10,"data science, machine learning, natural language processing, python, r...",3.29
manager(be/b.tech)research & statistics-group corporate office-gurgaon,"analytics, content development, mathematics, research, statistics",5,10,"analytics, content development, mathematics, research, statistics",3.29
manager risk analytics,"chaid, predictive modeling, risk analytics, risk management..., sas",5,10,"chaid, predictive modeling, risk analytics, risk management..., sas",3.29
business development executive / partner relationship executive,"b2b sales, business development, lead generation, marketing, online sales...",5,10,"b2b sales, business development, lead generation, marketing, online sales...",3.29
senior managerial position in credit - agriculture loan,"agri credit..., agri loans, credit underwriting, finance, risk analysis",5,10,"agri credit..., agri loans, credit underwriting, finance, risk analysis",3.29
business analyst - capital markets / investment banking,"capital markets, investment banking, rdbms, software development..., sql",5,10,"capital markets, investment banking, rdbms, software development..., sql",3.29
seo & internet marketing professionals,"internet marketing, online marketing, sem..., seo, social media marketing",5,10,"internet marketing, online marketing, sem..., seo, social media marketing",3.29
senior support engineer - sap leonardo expert - iot & ml,"artificial intelligence, java, machine learning, sap..., supply chain planning",5,10,"artificial intelligence, java, machine learning, sap..., supply chain planning",3.29
business analyst - retail analytics - kpo,"business analysis, business analyst, retail analytics, sas, tableau",5,10,"business analysis, business analyst, retail analytics, sas, tableau",3.29
social content head,"events, marketing campaigns, media strategy..., online marketing, social media",5,10,"events, marketing campaigns, media strategy..., online marketing, social media",3.29
business analyst - regulatory change - bfs domain,"bfsi, business analysis, business process..., finance, investment banking",5,10,"bfsi, business analysis, business process..., finance, investment banking",3.29
senior pega consultant - prpc,"application development, bpm, business rules..., java, pega prpc",5,10,"application development, bpm, business rules..., java, pega prpc",3.29
senior mgr - finance - only from nbfc background,"accounting standards, auditing, finance, financial reporting..., taxation",5,10,"accounting standards, auditing, finance, financial reporting..., taxation",3.29
"urgent requirement for lead engineer,mumbai,max ctc upto 20 l/a","big data, data modeling, java, statistical analysis, technical architecture...",5,10,"big data, data modeling, java, statistical analysis, technical architecture...",3.29
analyst / sr. analyst - scheduling ( wfm / resource planning,"advanced excel..., contact center, scheduling, wfm, workforce management",5,10,"advanced excel..., contact center, scheduling, wfm, workforce management",3.29
internship - decimal point analytics pvt ltd,"intern, internship, research, research analyst, research associate...",5,10,"intern, internship, research, research analyst, research associate...",3.29
international voice process technical & customer support,"international bpo..., ites, tech support, technical support, voice",5,10,"international bpo..., ites, tech support, technical support, voice",3.29
analyst -big 4 -pune ( yerwada) graduate must.immediate interviews,"bpo, communication skills, kpo, ms office..., voice process",5,10,"bpo, communication skills, kpo, ms office..., voice process",3.29
analyst - valuations,"..., company profiling, corporate finance, industry research, research analysis",5,10,"..., company profiling, corporate finance, industry research, research analysis",3.29
analyst - supply chain,"analyst, analytic tools..., cost saving, data analyst, supply chain analyst",5,10,"analyst, analytic tools..., cost saving, data analyst, supply chain analyst",3.29
analyst - marketing,"email marketing..., google analytics, marketing automation, sem, seo",5,10,"email marketing..., google analytics, marketing automation, sem, seo",3.29
business analyst/product owner,"agile, business analysis, scrum, technology solutions..., user stories",5,10,"agile, business analysis, scrum, technology solutions..., user stories",3.29
senior research engineer - nlp/machine learning algorithm,"data mining..., machine learning, natural language processing, nlp, python",5,10,"data mining..., machine learning, natural language processing, nlp, python",3.29
senior qa manager,"capital market, fixed income, presales..., qa management, risk management",5,10,"capital market, fixed income, presales..., qa management, risk management",3.29
senior principal software engineer - java/ j2ee/ big data,"algorithms, data structures, j2ee, java, software development...",5,10,"algorithms, data structures, j2ee, java, software development...",3.29
seo manager/ senior seo executive,"keyword research..., search engine optimization, sem, seo, web analytics",5,10,"keyword research..., search engine optimization, sem, seo, web analytics",3.29
vice president - project management office - financial services,"accounting, investment banking..., mba finance, prince2, project management",5,10,"accounting, investment banking..., mba finance, prince2, project management",3.29
business intelligence (gm )- biggest startup in gurgaon,"analytics, business intelligence, data analysis, python, sas",5,10,"analytics, business intelligence, data analysis, python, sas",3.29
senior manager - digital marketing,"..., content marketing, digital marketing, online advertising, online marketing",5,10,"..., content marketing, digital marketing, online advertising, online marketing",3.29
senior manager - data scientist - banking domain - iit/nit/bits,"data scientist, decision forests..., k - nn, naive bayes, svm",5,10,"data scientist, decision forests..., k - nn, naive bayes, svm",3.29
senior manager - data science,"data science, hive, marketing analytics, sas..., time series",5,10,"data science, hive, marketing analytics, sas..., time series",3.29
gm data research,"advanced excel, data mining, data research..., sas, statistical modeling",5,10,"advanced excel, data mining, data research..., sas, statistical modeling",3.29
gm - data analytics - mumbai,"data analytics, dataanalyst, ims data, market research, project methodology",5,10,"data analytics, dataanalyst, ims data, market research, project methodology",3.29
gl accountant,"accounting, excel, payment processing, po, process efficiency...",5,10,"accounting, excel, payment processing, po, process efficiency...",3.29
manager/ senior manager - customer/ marketing/ financial analytics,"advanced excel, customer analytics, data analysis, sas, sql...",5,10,"advanced excel, customer analytics, data analysis, sas, sql...",3.29
manager/ senior manager - analytics - life & annuities - insurance,"logistic regression, machine learning, sas, sql..., text mining",5,10,"logistic regression, machine learning, sas, sql..., text mining",3.29
manager- tender & business development,"estimation, finance, rate analysis..., road estimator, tendering",5,10,"estimation, finance, rate analysis..., road estimator, tendering",3.29
senior manager/ manager - human resource business partner - online,"compensation..., employee relations, grievance handling, hr, recruitment",5,10,"compensation..., employee relations, grievance handling, hr, recruitment",3.29
senior manager / avp analytics,"advanced analytics, machine learning, neural networks, python..., sas sql",5,10,"advanced analytics, machine learning, neural networks, python..., sas sql",3.29
senior manager - supply chain analytics,"analytics..., data analysis, data mining, sas, statistical modeling",5,10,"analytics..., data analysis, data mining, sas, statistical modeling",3.29
senior manager - server - it admin kharadi pune for us based co,"cloid computing..., linux server, network, vmware esxi, windows server",5,10,"cloid computing..., linux server, network, vmware esxi, windows server",3.29
business manager - ibm product sales,"new business..., product sales, prospecting, selling skills, solution sales",5,10,"new business..., product sales, prospecting, selling skills, solution sales",3.29
senior planning engineer,"gas, mechanical engineering..., ms office, planning engineering, primavera",5,10,"gas, mechanical engineering..., ms office, planning engineering, primavera",3.29
chief manager - business analytics - credit risk,"business analytics, credit, credit risk, data sciences..., microfinance",5,10,"business analytics, credit, credit risk, data sciences..., microfinance",3.29
chief manager - analytics - business performance management analytics,"analytics, calling, machine learning, sas, statistical modeling...",5,10,"analytics, calling, machine learning, sas, statistical modeling...",3.29
senior manager - big data,"big data, project management, rfps, solution design..., spark",5,10,"big data, project management, rfps, solution design..., spark",3.29
senior java developer/lead developer,"algorithms, core java, data structures, database..., multithreading",5,10,"algorithms, core java, data structures, database..., multithreading",3.29
senior hris analyst - sap successfactor,"data mapping, gap analysis, process analysis..., sap hcm, successfactors",5,10,"data mapping, gap analysis, process analysis..., sap hcm, successfactors",3.29
senior hr executive,"exit formalities, induction..., joining formalities, recruitment, senior hr",5,10,"exit formalities, induction..., joining formalities, recruitment, senior hr",3.29
ca - manager - finance & accounts - chembur - navi mumbai,"budgeting, cash flow, finance, financial analysis..., general accounting",5,10,"budgeting, cash flow, finance, financial analysis..., general accounting",3.29
manager/senior manager - model development/validation - credit risk,"credit risk, credit risk modeling, ead, lgd modeling..., project management",5,10,"credit risk, credit risk modeling, ead, lgd modeling..., project management",3.29
manager/senior manager - banking analytics,"banking analytics, basel, model development, model validation, sas...",5,10,"banking analytics, basel, model development, model validation, sas...",3.29
"group product manager, - gastroenterology","market research, primary, product management, sales, trend analysis...",5,10,"market research, primary, product management, sales, trend analysis...",3.29
urgent req - training manager / sr. training manager - mum location,"behavioural training, tna, tni, training delivery..., training management",5,10,"behavioural training, tna, tni, training delivery..., training management",3.29
urgent openings for sap fico/crm/erp functional consultant,"erp functional, functional consultancy, gap analysis, sap crm..., sap fico",5,10,"erp functional, functional consultancy, gap analysis, sap crm..., sap fico",3.29
urgent openings for hl7 at infinx services pvt ltd mumbai,"hipaa, hl7, sql, troubleshooting skills..., us healthcare",5,10,"hipaa, hl7, sql, troubleshooting skills..., us healthcare",3.29
urgent openings for angular js/quick view developer,"angularjs, javascript, qtp view, quick test view..., quick view",5,10,"angularjs, javascript, qtp view, quick test view..., quick view",3.29
urgent opening for quality head for mumbai location,"action plan, document control..., material testing, qms, quality management",5,10,"action plan, document control..., material testing, qms, quality management",3.29
senior etl/sql developer- senior data engineer,"data modeling..., database design, sql development, ssis, t - sql",5,10,"data modeling..., database design, sql development, ssis, t - sql",3.29
competency head,"analytics, e - learning, networking, performance management..., supply chain",5,10,"analytics, e - learning, networking, performance management..., supply chain",3.29
collections manager- operations,"collections, collections manager, loans collection, mis, operations...",5,10,"collections, collections manager, loans collection, mis, operations...",3.29
collection manager,"accounting, collection management, finance, invoicing, revenue collection...",5,10,"accounting, collection management, finance, invoicing, revenue collection...",3.29
senior elearning and training salesperson,"business development..., design development, e - learning, sales, selling",5,10,"business development..., design development, e - learning, sales, selling",3.29
senior digital marketing manager/strategist,"adwords, google analytics..., hubspot, mobile marketing, seo",5,10,"adwords, google analytics..., hubspot, mobile marketing, seo",3.29
senior devops engineer,"continuous integration, jenkins, problem solving, quality tools, root cause...",5,10,"continuous integration, jenkins, problem solving, quality tools, root cause...",3.29
chat support executive,"chat, chat process, email support, email ticket, problem solving...",5,10,"chat, chat process, email support, email ticket, problem solving...",3.29
managr/sr. manager- python + machine learning,"data mining, machine learning, nlp, python..., text mining",5,10,"data mining, machine learning, nlp, python..., text mining",3.29
managing consultant hospitality domain,"analytical skills, business analyst..., cms, forecasting, hospitality",5,10,"analytical skills, business analyst..., cms, forecasting, hospitality",3.29
manager/sr. manager - analytics - life & annuities - insurance domain,"data mining, logistic regression..., machine learning, sas, text mining",5,10,"data mining, logistic regression..., machine learning, sas, text mining",3.29
manager- r modelling,"analytics, banking, credit card domain..., panda, team management",5,10,"analytics, banking, credit card domain..., panda, team management",3.29
head - credit policy - rfs and risk analytics,"credit policy, credit risk, model validation, risk analytics..., risk modeling",5,10,"credit policy, credit risk, model validation, risk analytics..., risk modeling",3.29
senior manager - customer analytics,"customer analytics, customer segmentation, marketing, r..., sales",5,10,"customer analytics, customer segmentation, marketing, r..., sales",3.29
senior manager - cloud security consultant,"cisa, cissp, cloud security..., information security, strategy",5,10,"cisa, cissp, cloud security..., information security, strategy",3.29
senior manager - ccar modeling - bfs,"ccar, model development..., model validation, sas sql, statistical modeling",5,10,"ccar, model development..., model validation, sas sql, statistical modeling",3.29
"civil engineer, billing engineer","..., billing engineering, civil engineering, contractor billing, site execution",5,10,"..., billing engineering, civil engineering, contractor billing, site execution",3.29
chief manager - regulatory compliance - bfs,"advisory..., compliance, consulting, data analysis, regulatory compliance",5,10,"advisory..., compliance, consulting, data analysis, regulatory compliance",3.29
g suite technical delivery manager,"delivery management, pmi, pmp, program management, stakeholder management...",5,10,"delivery management, pmi, pmp, program management, stakeholder management...",3.29
senior associate - transaction support - bfs - ca,"accounting, auditing, client management..., finance, report writing",5,10,"accounting, auditing, client management..., finance, report writing",3.29
senior associate - internal audit,"auditing, budgeting, internal audit, risk management, service delivery...",5,10,"auditing, budgeting, internal audit, risk management, service delivery...",3.29
senior consultant - business research - bfsi,"..., business research, company profiling, primary research, project management",5,10,"..., business research, company profiling, primary research, project management",3.29
senior consultant - analytics,"advanced excel, analytics..., dashboards, ms office, powerpoint",5,10,"advanced excel, analytics..., dashboards, ms office, powerpoint",3.29
senior computer vision engineer - deep learning/image processing,"algorithms..., computer vision, deep learning, image processing, opencv",5,10,"algorithms..., computer vision, deep learning, image processing, opencv",3.29
senior civil engineer - on shore,"civil construction, design, pile foundation, staad pro, structural analysis...",5,10,"civil construction, design, pile foundation, staad pro, structural analysis...",3.29
cluster trainer,"behavioural training, hr, need analysis..., soft skills, training needs",5,10,"behavioural training, hr, need analysis..., soft skills, training needs",3.29
cloud delivery head,"global delivery, iaas, proposals..., saas, solution architecting",5,10,"global delivery, iaas, proposals..., saas, solution architecting",3.29
bwise analyst - it support,"agile methodology, networking, oracle, sql queries, sql server...",5,10,"agile methodology, networking, oracle, sql queries, sql server...",3.29
business systems analyst - bi/ dw,"business intelligence, data integration, data warehousing, etl..., sql",5,10,"business intelligence, data integration, data warehousing, etl..., sql",3.29
senior financial analyst-charted accountant,"corporate accounting, finance, financial reporting, ifrs, us gaap...",5,10,"corporate accounting, finance, financial reporting, ifrs, us gaap...",3.29
senior executive - resource management,"bench management..., hiring, onboarding, resource management, skill matrix",5,10,"bench management..., hiring, onboarding, resource management, skill matrix",3.29
senior executive - recruitment,"hiring, interviewing..., screening, technical recruitment, telephonic",5,10,"hiring, interviewing..., screening, technical recruitment, telephonic",3.29
marketing communications manager,"atl, brand management, btl, marketing communication, social media marketing...",5,10,"atl, brand management, btl, marketing communication, social media marketing...",3.29
client service executive ( walk in interview 03rd november,"customer care, customer service, email process, uk shift, us shift...",5,10,"customer care, customer service, email process, uk shift, us shift...",3.29
fp&a manager position in delhi ncr,"budgeting, financial planning, financial..., forecasting, management reporting",5,10,"budgeting, financial planning, financial..., forecasting, management reporting",3.29
consultant/ senior consultant - demand planner - solution,"..., gap analysis, project leading, project management, requirements management",5,10,"..., gap analysis, project leading, project management, requirements management",3.29
consultant ii - sas + sql - non banking domain - iit/ dse/ isi,"analytics..., data analysis, excel, predictive modeling, sas sql",5,10,"analytics..., data analysis, excel, predictive modeling, sas sql",3.29
consultant - sql - banking domain - iit / isi / dse,"analytics, big data, consultant - sql, hadoop, sql",5,10,"analytics, big data, consultant - sql, hadoop, sql",3.29
consultant - sas analytics - banking/credit card domain - iit/isi/dse,"big data, hadoop, sas, sas analytics, sql",5,10,"big data, hadoop, sas, sas analytics, sql",3.29
cn - strategy - mc pm&o cmt 9,"analytics, budgeting, business analysis..., consulting, forecasting",5,10,"analytics, budgeting, business analysis..., consulting, forecasting",3.29
cn - strategy - mc - cmt - ht,"change management, computer hardware, printing, semiconductor..., wireless",5,10,"change management, computer hardware, printing, semiconductor..., wireless",3.29
senior business analyst - mdm/java,"business analysis, esb, master data management, mdm, project planning...",5,10,"business analysis, esb, master data management, mdm, project planning...",3.29
senior business analyst - analytics firm,"analytics, business analysis, data mining, reject inference..., sas sql",5,10,"analytics, business analysis, data mining, reject inference..., sas sql",3.29
senior big data developer / lead - mapreduce / hadoop,"agile - scrum..., big data, java enterprise, mapreduce, python",5,10,"agile - scrum..., big data, java enterprise, mapreduce, python",3.29
manager/sr manager _ model development,"model development, people management..., sas, scorecard, segmentation",5,10,"model development, people management..., sas, scorecard, segmentation",3.29
general manager - sales & marketing - real estate,"..., competitor analysis, consumer insights, marketing strategy, sales strategy",5,10,"..., competitor analysis, consumer insights, marketing strategy, sales strategy",3.29
senior developer/ tech lead - php,"angular js, nosql..., performance analysis, python, ror",5,10,"angular js, nosql..., performance analysis, python, ror",3.29
"senior data analyst - r, python & machine learning @ gurgaon","data mining, linear regression..., machine learning, python, sas",5,10,"data mining, linear regression..., machine learning, python, sas",3.29
meditech analyst,"data integrity, ehr..., healthcare operations, meditech, stored procedures",5,10,"data integrity, ehr..., healthcare operations, meditech, stored procedures",3.29
fs - senior analyst - senior,"business development, client servicing, qualitative, quantitative..., strategy",5,10,"business development, client servicing, qualitative, quantitative..., strategy",3.29
general manager - analytics,"business..., consulting, project delivery, project management, solution design",5,10,"business..., consulting, project delivery, project management, solution design",3.29
model development role - sas,"model development, predictive modeling, sas, scorecard..., segmentation",5,10,"model development, predictive modeling, sas, scorecard..., segmentation",3.29
model development - sas - bfsi,"analytics, base sas, model development..., risk modeling, sas sql",5,10,"analytics, base sas, model development..., risk modeling, sas sql",3.29
sem analyst/ senior sem/ associate manager sem/ sem lead,"google adwords, google analytics..., ppc, search engine marketing, sem",5,10,"google adwords, google analytics..., ppc, search engine marketing, sem",3.29
selenium test analyst,"automation framework, automation..., qa, sdlc, selenium test analyst",5,10,"automation framework, automation..., qa, sdlc, selenium test analyst",3.29
control - m admin lead,"gap analysis, high level design, lld, oracle..., requirement gathering",5,10,"gap analysis, high level design, lld, oracle..., requirement gathering",3.29
contract role -events team,"event management, event marketing, events, marketing campaigns..., pr",5,10,"event management, event marketing, events, marketing campaigns..., pr",3.29
content marketing manager- bangalore,"content developer, content editor, content writer, content writing, content...",5,10,"content developer, content editor, content writer, content writing, content...",3.29
senior associate - digital marketing - it,"adwords, content..., digital marketing, marketing automation, online marketing",5,10,"adwords, content..., digital marketing, marketing automation, online marketing",3.29
senior associate - debt capital market - investment banking,"bloomberg, capital market..., investment banking, mba finance, pitch books",5,10,"bloomberg, capital market..., investment banking, mba finance, pitch books",3.29
fundamental analyst,"analytics, derivatives, forecasting, networking, rm",5,10,"analytics, derivatives, forecasting, networking, rm",3.29
functional specialist - cross product technology - pune,"brd, business analysis, fsd, functional analysis..., impact analysis",5,10,"brd, business analysis, fsd, functional analysis..., impact analysis",3.29
full time digital marketing trainer,"digital marketing, email marketing, seo, smo..., youtube",5,10,"digital marketing, email marketing, seo, smo..., youtube",3.29
"media analyst, social media analyst, media research executive","analyst, media analyst, research, social media, social media analyst...",5,10,"analyst, media analyst, research, social media, social media analyst...",3.29
mobile app marketing specialist - iit/nit/bits,"google analytics..., keyword research, online marketing, sem, seo",5,10,"google analytics..., keyword research, online marketing, sem, seo",3.29
mis executive / analyst,"excel, formulas, macros, mis, reporting",5,10,"excel, formulas, macros, mis, reporting",3.29
fresher and exp - sr. executive - alert management (fraud analyst,"anti fraud..., fraud analyst, fraud report, investigation report, risk analyst",5,10,"anti fraud..., fraud analyst, fraud report, investigation report, risk analyst",3.29
country manager - data science,"country management, data science, data..., performance management, third party",5,10,"country management, data science, data..., performance management, third party",3.29
financial analysis - modeling (5-8 years,"analytics, excel, linear regression, sas, sql database...",5,10,"analytics, excel, linear regression, sas, sql database...",3.29
finance controller|| finance controllership|| us gaap || indian gaap,"auditing, controllership..., finance control, fixed assets, general accounting",5,10,"auditing, controllership..., finance control, fixed assets, general accounting",3.29
"need ar callers,denial calling for noida based medical billing firm","ar caller, ar calling, denial management..., follow ups, medical billing",5,10,"ar caller, ar calling, denial management..., follow ups, medical billing",3.29
nav technical consultant,"digital marketing, facebook..., internet marketing, marketing, social media",5,10,"digital marketing, facebook..., internet marketing, marketing, social media",3.29
nav controller - business support team,"business support, lns..., nav controller, operational process, recruitment",5,10,"business support, lns..., nav controller, operational process, recruitment",3.29
financial planning analyst,"accounting, financial analysis, financial reporting, financial..., mba finance",5,10,"accounting, financial analysis, financial reporting, financial..., mba finance",3.29
corporate development transaction services analyst,"consulting..., corporate finance, costing, financial services, gaap",5,10,"consulting..., corporate finance, costing, financial services, gaap",3.29
senior android developer - sdk/memory management/performance tuning,"javascript, mvp, mvvm, test driven development..., user experience design",5,10,"javascript, mvp, mvvm, test driven development..., user experience design",3.29
senior analyst - workday,"hr operations, payroll, system testing, test scripts..., user training",5,10,"hr operations, payroll, system testing, test scripts..., user training",3.29
forecasting & text mining analytics,"..., machine learning, marketing analytics, predictive modeling, text mining",5,10,"..., machine learning, marketing analytics, predictive modeling, text mining",3.29
flight operations analysis and incident analysis engineer,"..., predictive analytics, python, regression analysis, statistical analysis",5,10,"..., predictive analytics, python, regression analysis, statistical analysis",3.29
mega walk in interviews for executive financial planning&analysis,"budgeting, cost analysis..., expense analysis, finance, financial planning",5,10,"budgeting, cost analysis..., expense analysis, finance, financial planning",3.29
financial consolidation consultant (ibm cognos controller,"ca, cognos consultant, financial consolidation, ibm cognos controller, icwa...",5,10,"ca, cognos consultant, financial consolidation, ibm cognos controller, icwa...",3.29
financial analyst / manager - charni road mumbai,"banking, big data, data analysis, finance, top management",5,10,"banking, big data, data analysis, finance, top management",3.29
model risk auditor,"auditing, finance, internal audit, internal control, risk management...",5,10,"auditing, finance, internal audit, internal control, risk management...",3.29
"factory incharge /production incharge, icp-ms analyst, telemarketing","factory, factory incharge, icp, icp - ms..., production incharge",5,10,"factory, factory incharge, icp, icp - ms..., production incharge",3.29
exl: sas + sql + marketing analytics - ahmedabad,"marketing analytics, problem solving..., project management, sas, sql",5,10,"marketing analytics, problem solving..., project management, sas, sql",3.29
financial analyst (ca,"finance, financial auditing..., ifrs, management accounting, us gaap",5,10,"finance, financial auditing..., ifrs, management accounting, us gaap",3.29
"sap hana pal (sda,sdi,sds) - hyderabad / pune","data integration..., data science, predictive analytics, python, sap hana",5,10,"data integration..., data science, predictive analytics, python, sap hana",3.29
ct_mobile digital analytics developer - (c1) external,"..., data analysis, data processing, manager quality assurance, troubleshooting",5,10,"..., data analysis, data processing, manager quality assurance, troubleshooting",3.29
crm manager,"..., campaign management, digital marketing, marketing campaigns, web analytics",5,10,"..., campaign management, digital marketing, marketing campaigns, web analytics",3.29
crm & drm lead,"big data, crm & drm lead, crm..., google analytics, marketing automation",5,10,"big data, crm & drm lead, crm..., google analytics, marketing automation",3.29
credit officer for fintech lending company,"banking, fraud control, lending, personal loans..., underwriting",5,10,"banking, fraud control, lending, personal loans..., underwriting",3.29
content marketing manager,"content marketing, editing, editorial, marketing management, social media...",5,10,"content marketing, editing, editorial, marketing management, social media...",3.29
content marketing - digital - hospitality industry - gurgaon,"..., content management, content marketing, digital marketing, google analytics",5,10,"..., content management, content marketing, digital marketing, google analytics",3.29
consultant/sr.consultant senior consultant- risk - internal audit,"enterprise risk management, ifc, internal audit, internal control, sox...",5,10,"enterprise risk management, ifc, internal audit, internal control, sox...",3.29
model anlys valid manager,"ccar, model development, sas sql, statistical analysis..., statistics",5,10,"ccar, model development, sas sql, statistical analysis..., statistics",3.29
mobile application developer ? android,"css, html, javascript, xhtml, xml",5,10,"css, html, javascript, xhtml, xml",3.29
scouting resources @ eclerx services ltd-msbi/reporting consultant,"ms sql server, msbi, operations management, ssis, stored procedures...",5,10,"ms sql server, msbi, operations management, ssis, stored procedures...",3.29
scala programming language,"analytics, business process, outsourcing, scala..., shell scripting",5,10,"analytics, business process, outsourcing, scala..., shell scripting",3.29
sbs na cards digital,"adobe, analytical..., customer retention, financial services, forecasting",5,10,"adobe, analytical..., customer retention, financial services, forecasting",3.29
sap ecc quality management,"analytical, operations, outsourcing, sap ecc..., sap quality management",5,10,"analytical, operations, outsourcing, sap ecc..., sap quality management",3.29
sap eam real estate management,"agile, analytics, business process, outsourcing, portfolio management...",5,10,"agile, analytics, business process, outsourcing, portfolio management...",3.29
opening for process excellence -coimbatore location,"bpo, certified black belt, delivery operations..., kpo, process excellence",5,10,"bpo, certified black belt, delivery operations..., kpo, process excellence",3.29
opening for gl - lead assitant manager,"balance sheet, general ledger, r2r, reconciliation, transaction analysis",5,10,"balance sheet, general ledger, r2r, reconciliation, transaction analysis",3.29
opening for content writer,"blogs, content editing, content marketing, content writing, social media...",5,10,"blogs, content editing, content marketing, content writing, social media...",3.29
online marketing specialist- logicboxes,"digital marketing, google analytics..., mobile marketing, sem, seo",5,10,"digital marketing, google analytics..., mobile marketing, sem, seo",3.29
"online it trainers & job support - all technologies - ba, qa, pm, bi","business analysis, it training, pmp, project management, software testing...",5,10,"business analysis, it training, pmp, project management, software testing...",3.29
cyber and information architect,"cloud security, information security, linux, networking, open source...",5,10,"cloud security, information security, linux, networking, open source...",3.29
customer success manager - real estate,"alliances, business development, market research..., marketing, outbound sales",5,10,"alliances, business development, market research..., marketing, outbound sales",3.29
customer analytics consultant - mumbai (mahape) location,"churn, consulting..., customer analytics, customer segmentation, retention",5,10,"churn, consulting..., customer analytics, customer segmentation, retention",3.29
financial planning & analysis - business finance-ca,"budgeting, cash flow management, finance, financial planning..., mis reporting",5,10,"budgeting, cash flow management, finance, financial planning..., mis reporting",3.29
financial planner & analyst - internet/online,"accounting, budgeting, finance, financial planning, variance analysis...",5,10,"accounting, budgeting, finance, financial planning, variance analysis...",3.29
financial planner & analyst - internet / online,"ca, costing..., financial analyst, financial operations, financial planner",5,10,"ca, costing..., financial analyst, financial operations, financial planner",3.29
adobe campaign (neolane,"adobe, business process, data management, outsourcing, schema...",5,10,"adobe, business process, data management, outsourcing, schema...",3.29
nlp expert (natural language processing,"deep learning, machine learning, natural language processing, nlp, python...",5,10,"deep learning, machine learning, natural language processing, nlp, python...",3.29
network security & network policy & firewalls,"cisco, customer interaction, network security, operations..., outsourcing",5,10,"cisco, customer interaction, network security, operations..., outsourcing",3.29
fd adl- extractable / leachable,"analysis, analyst, extractable, leachable, planning",5,10,"analysis, analyst, extractable, leachable, planning",3.29
salesforce,"business analysis, crm, html, outsourcing, salesforce",5,10,"business analysis, crm, html, outsourcing, salesforce",3.29
sales manager at a fast growing fintech startup | software (it) sales,"b2b sales..., business development, inside sales, lead generation, sales",5,10,"b2b sales..., business development, inside sales, lead generation, sales",3.29
executive / sr. executive/ am / dm - quality control ( lims,"analysis, computer system validation, lims, specification..., test preparation",5,10,"analysis, computer system validation, lims, specification..., test preparation",3.29
executive / am sales / sr counselor -- chennai,"career advisor, counselling..., enrollment executive, sales, student advisor",5,10,"career advisor, counselling..., enrollment executive, sales, student advisor",3.29
executive / am sales / sr counselor -- bangalore,"career advisor, counselling..., enrollment executive, sales, student advisor",5,10,"career advisor, counselling..., enrollment executive, sales, student advisor",3.29
executive - social media,"content strategy, digital marketing, digital media, sales, twitter...",5,10,"content strategy, digital marketing, digital media, sales, twitter...",3.29
executive - account receivable,"ar calling, ar follow - up, healthcare, medical billing..., pain management",5,10,"ar calling, ar follow - up, healthcare, medical billing..., pain management",3.29
opening for sr. manager finance with a top media company,"consolidation, finance, financial management, forecasting, planning...",5,10,"consolidation, finance, financial management, forecasting, planning...",3.29
opening for sr. it recruitment consultants flexible hrs work from home,"head hunting, it recruiter, recruiter..., recruitment, talent acquisition",5,10,"head hunting, it recruiter, recruiter..., recruitment, talent acquisition",3.29
content editor,"content editing..., excel, internet, ms office outlook, word",5,10,"content editing..., excel, internet, ms office outlook, word",3.29
sdet/ qa engineer (corporate financial erp systems,"automation testing, defect logging, manual testing, test cases, test data...",5,10,"automation testing, defect logging, manual testing, test cases, test data...",3.29
sde 2,"analytics, data analytics, data structures..., graphical designs, rest apis",5,10,"analytics, data analytics, data structures..., graphical designs, rest apis",3.29
walk in - data analyst / mis executive - hyderabad,"business forecasting, data analysis, data collection, job posting..., power bi",5,10,"business forecasting, data analysis, data collection, job posting..., power bi",3.29
adobe indesign,"business process..., coding, debugging, salesforce, troubleshooting",5,10,"business process..., coding, debugging, salesforce, troubleshooting",3.29
research analyst - chemicals & natural resources,"data visualization..., qlik, research, research analyst, tableau",5,10,"data visualization..., qlik, research, research analyst, tableau",3.29
data analyst/developer - sql/postgresql,"bash scripting..., data analysis, data mining, predictive modeling, sql",5,10,"bash scripting..., data analysis, data mining, predictive modeling, sql",3.29
data analyst chennai,"data analysis, data extraction, data mining, python, sas",5,10,"data analysis, data extraction, data mining, python, sas",3.29
"data analyst / data science - excel,sql,power bi, r , sas - fresher","data analyst, reporting analyst, sas, sas programmer..., statistics",5,10,"data analyst, reporting analyst, sas, sas programmer..., statistics",3.29
oracle taleo techno-functional consultant,"data migration, onboarding, oracle support, taleo, techno functional...",5,10,"data migration, onboarding, oracle support, taleo, techno functional...",3.29
oracle scm team lead - ebs/erp/r12 modules,"ebs, oracle apps, oracle scm, r12, supply chain management...",5,10,"ebs, oracle apps, oracle scm, r12, supply chain management...",3.29
oracle business intelligence enterprise edition (obiee) plus,"business process, informatica, monitoring, outsourcing..., scheduling",5,10,"business process, informatica, monitoring, outsourcing..., scheduling",3.29
opportunity for junior manager / assistant manager - actuarial,"actuarial, actuarial analyst, actuary, life insurance, regression testing...",5,10,"actuarial, actuarial analyst, actuary, life insurance, regression testing...",3.29
recruitment executive,"hiring..., interview coordination, interviewing, recruitment, screening",5,10,"hiring..., interview coordination, interviewing, recruitment, screening",3.29
react.js / node.js architect,"html, javascript, node.js, python, react.js",5,10,"html, javascript, node.js, python, react.js",3.29
data scientist - machine learning/big data,"analytics, data scientist, machine learning..., modeling, predictive analytics",5,10,"analytics, data scientist, machine learning..., modeling, predictive analytics",3.29
data scientist - gurgaon ( immediate/ early joinee,"deep learning, linear regression, nlp..., statistical modeling, time series",5,10,"deep learning, linear regression, nlp..., statistical modeling, time series",3.29
data scientist general insurance/property& casulity,"analytics, general insurance..., sas, sql, statistical modeling",5,10,"analytics, general insurance..., sas, sql, statistical modeling",3.29
data scientist @ chennai,"banking, data science, deep learning, machine learning, python...",5,10,"banking, data science, deep learning, machine learning, python...",3.29
associate vp - analytics - model development - credit card/banking,"analytics, credit, model development, portfolio risk reporting...",4,12,"analytics, credit, model development, portfolio risk reporting...",3.16
urgent opening for crm exective,"brand management..., campaign management, digital marketing, sales",4,12,"brand management..., campaign management, digital marketing, sales",3.16
urgent opening equtiy settlements/ collateral management amruta,"collateral management, equity, equity settlements..., settlements",4,12,"collateral management, equity, equity settlements..., settlements",3.16
manager/ avp - credit model development,"business analysis, credit analysis..., credit risk management, data analysis",4,12,"business analysis, credit analysis..., credit risk management, data analysis",3.16
general manager - sales (beverages) | leading fmcg brand | delhi,"distribution channel, general trade, gt, super stockist model...",4,12,"distribution channel, general trade, gt, super stockist model...",3.16
consultant ii/senior consultant - social media analytics,"google analytics, link building, social media marketing..., website analysis",4,12,"google analytics, link building, social media marketing..., website analysis",3.16
assistant manager - business research - lifesciences,"business development, company profiling..., marketing, team management",4,12,"business development, company profiling..., marketing, team management",3.16
senior process executive-voice,"customer support, digital marketing..., outbound, product support",4,12,"customer support, digital marketing..., outbound, product support",3.16
applications engineer (rf and microwave components,"business development, customer service..., direct sales, marketing",4,12,"business development, customer service..., direct sales, marketing",3.16
"opening for "" analytics & reporting"" for mnc in pune","client solutions..., delivery management, project management, scope",4,12,"client solutions..., delivery management, project management, scope",3.16
trainee associate / associate - quality index,"banking operations..., communication, general insurance, soft skills",4,12,"banking operations..., communication, general insurance, soft skills",3.16
tracxn - researcher / market research analyst - fresher -us shift,"business research, company profiling..., market research, research",4,12,"business research, company profiling..., market research, research",3.16
tracxn - researcher / market research analyst - fresher - bangalore,"business research, company profiling..., market research, research",4,12,"business research, company profiling..., market research, research",3.16
avp - investments - real estate institutional fund,"finance, financial analysis, financial institutions..., financial modelling",4,12,"finance, financial analysis, financial institutions..., financial modelling",3.16
tracxn - researcher - startup research (0 - 2 yrs) - bangalore,"business research..., market research, research, research analysis",4,12,"business research..., market research, research, research analysis",3.16
delivery manager - insurance domain,"data warehousing..., delivery management, ms project, web technologies",4,12,"data warehousing..., delivery management, ms project, web technologies",3.16
six sigma black belt certified - senior associate - senior specialist,"certified black belt, lean six sigma, ms project..., quality management",4,12,"certified black belt, lean six sigma, ms project..., quality management",3.16
category head - marketing - fmcg,"atl, btl, consumer insights..., developing marketing strategies",4,12,"atl, btl, consumer insights..., developing marketing strategies",3.16
senior business analyst/assistant manager - sales support & business,"business development..., lead generation, marketing, sales management",4,12,"business development..., lead generation, marketing, sales management",3.16
compensation and benefits analyst and specialists - chandigarh,"global shared services, hr shared services, hrss..., shared services",4,12,"global shared services, hr shared services, hrss..., shared services",3.16
application test engineer - manual/automation testing,"automation testing, black box testing, manual testing, test engineering...",4,12,"automation testing, black box testing, manual testing, test engineering...",3.16
solutions manager - supply chain analytics,"information retrieval, predictive analytics, r..., text mining",4,12,"information retrieval, predictive analytics, r..., text mining",3.16
mis analyst / operation executive | wfm analyst | business analyst,"mis analyst, mis coordinator, mis executive, office coordinator...",4,12,"mis analyst, mis coordinator, mis executive, office coordinator...",3.16
team lead - search engines optimization - premier institutes,"internet marketing..., search engines optimization, seo, social media",4,12,"internet marketing..., search engines optimization, seo, social media",3.16
data scientist - delhi ncr,"machine learning, sas..., text mining, time series analysis",4,12,"machine learning, sas..., text mining, time series analysis",3.16
analytics intern,"data analysis, data analytics, healthcare, intern",4,12,"data analysis, data analytics, healthcare, intern",3.16
business analyst- land transaction,"finance, financial analysis, legal documentation, purchase...",4,12,"finance, financial analysis, legal documentation, purchase...",3.16
business analyst- data analytics,"business analysis, business analytics, data analytics..., data extraction",4,12,"business analysis, business analytics, data analytics..., data extraction",3.16
analyst 4 - business application,"business solutions, procurement, supply chain..., user training",4,12,"business solutions, procurement, supply chain..., user training",3.16
sr. manager ( stressed assets,"accounting, business development..., project finance, sales",4,12,"accounting, business development..., project finance, sales",3.16
manager bi and analytics / pune,"business intelligence, data analytics, mis reporting..., ms office",4,12,"business intelligence, data analytics, mis reporting..., ms office",3.16
head marketing,"brand strategy, digital marketing, market research, marketing management...",4,12,"brand strategy, digital marketing, market research, marketing management...",3.16
head delivery-providers,"client interfacing, client management, data analytics..., project management",4,12,"client interfacing, client management, data analytics..., project management",3.16
avp- marketing analytics (sas/r/python,"marketing analytics, predictive modeling, sas, segmentation...",4,12,"marketing analytics, predictive modeling, sas, segmentation...",3.16
big data / iot r&d analytics research expert,"analytics, big data, big data analytics..., iot r&d analytics research",4,12,"analytics, big data, big data analytics..., iot r&d analytics research",3.16
tl - insurance underwriting (non - voice,"back office operations..., insurance underwriting, team leader, underwriting",4,12,"back office operations..., insurance underwriting, team leader, underwriting",3.16
"jee/neet faculty-askiitians.com( uae,oman,bahrain,kuwait,hyderabad","coaching, offline faculty..., offline lecturer, offline teaching",4,12,"coaching, offline faculty..., offline lecturer, offline teaching",3.16
key account manager - corporate sales - air purifier,"corporate sales, crm sales, key account management, sales forecasting...",4,12,"corporate sales, crm sales, key account management, sales forecasting...",3.16
qa engineer,"qa, quality assurance engineering, automation testing, test planning...",4,12,"qa, quality assurance engineering, automation testing, test planning...",3.16
project manager - robotic process automation - blue prism & automation,"business analysis..., data conversion, data processing, prototyping",4,12,"business analysis..., data conversion, data processing, prototyping",3.16
product role - power sector - bank,"credit appraisal, credit assessment..., financial analysis, secondary research",4,12,"credit appraisal, credit assessment..., financial analysis, secondary research",3.16
accounts & finance executive,"accounting, finance, banking, taxation",4,12,"accounting, finance, banking, taxation",3.16
hiring product managers for data analytics segment in reputed company,"data analytics, product management..., product manager, web technologies",4,12,"data analytics, product management..., product manager, web technologies",3.16
analyst/ consultant - sourcing & procurement,"pmo..., project management, spend management, supplier relationship management",4,12,"pmo..., project management, spend management, supplier relationship management",3.16
"urgent job opening for ""international sales executive","digital marketing, digital sales..., email marketing, internet marketing",4,12,"digital marketing, digital sales..., email marketing, internet marketing",3.16
state ftth business pmo,"escalation management, gap analysis..., operations, program management",4,12,"escalation management, gap analysis..., operations, program management",3.16
manager/senior manager - financial planning & analysis,"credit analysis, credit research, finance..., financial analysis",4,12,"credit analysis, credit research, finance..., financial analysis",3.16
core banking,"business analysis, business process, core banking, outsourcing...",4,12,"business analysis, business process, core banking, outsourcing...",3.16
medical billing specialist,"charge entry..., claims processing, medical billing, medical coding",4,12,"charge entry..., claims processing, medical billing, medical coding",3.16
credit client strategy - avp level - mumbai,"communication skills, finance, fixed income securities, mis reporting...",4,12,"communication skills, finance, fixed income securities, mis reporting...",3.16
business analyst - premier institute,"business analysis..., business development, sales process, use cases",4,12,"business analysis..., business development, sales process, use cases",3.16
hpe switching,"advanced analytics, manager technology, operations, outsourcing",4,12,"advanced analytics, manager technology, operations, outsourcing",3.16
hiring seo executive for a digital agency based out in andheri east,"keyword research, link building, on - page optimization..., seo",4,12,"keyword research, link building, on - page optimization..., seo",3.16
business analyst - mis (excel & sql,"business intelligence, data analysis..., mis analyst, mis reporting",4,12,"business intelligence, data analysis..., mis analyst, mis reporting",3.16
vice president - compensation & benefits - bfsi/it/fmcg,"benefits, business strategy, compensation, market analysis...",4,12,"benefits, business strategy, compensation, market analysis...",3.16
hiring for international business development team - tl / executive,"b2b sales, cold calling..., international business development, night shift",4,12,"b2b sales, cold calling..., international business development, night shift",3.16
general manager - finance - omni channel/ecommerce,"compliance..., finance, finance head, investor relation",4,12,"compliance..., finance, finance head, investor relation",3.16
sr. exploit and vulnerability researchers,"machine learning, research analysis, software development...",3,15,"machine learning, research analysis, software development...",2.96
program manager - analytics,"predictive analytics..., program management, project management",3,15,"predictive analytics..., program management, project management",2.96
senior consultant - analytics - management consulting & analytics firm,"industrial engineering..., lean six sigma, manufacturing operations",3,15,"industrial engineering..., lean six sigma, manufacturing operations",2.96
program manager - business analytics course,"business analytics..., program delivery, program management",3,15,"business analytics..., program delivery, program management",2.96
machine learning engineer - nlp,"machine learning, natural language processing, nlp, python",4,11,"machine learning, natural language processing, nlp, python",2.89
analytics developer - startup,"analytics, analytics developer, backend ninja, mobile phones",4,11,"analytics, analytics developer, backend ninja, mobile phones",2.89
work from home_sr. business analyst_only female_anywhere in india,"business analyst, senior business analyst, sr business analyst, sr ba",4,11,"business analyst, senior business analyst, sr business analyst, sr ba",2.89
head - consumer insights marketing - cement firm,"consumer insights, marketing, strategy, market intelligence",4,11,"consumer insights, marketing, strategy, market intelligence",2.89
business and integration practitioner,"business analysis, outsourcing..., core banking, gap analysis",4,11,"business analysis, outsourcing..., core banking, gap analysis",2.89
social media executive,"social media, twitter, facebook, seo",4,11,"social media, twitter, facebook, seo",2.89
accountant,"accounting, finance, accountant, chartered accountant",4,11,"accounting, finance, accountant, chartered accountant",2.89
flipkart hiring female's for warehouse operation,"inventory, warehouse, warehouse operations, supply chain...",4,11,"inventory, warehouse, warehouse operations, supply chain...",2.89
marketing support assistant,"maintenance, market analysis, marketing support, be",4,11,"maintenance, market analysis, marketing support, be",2.89
ios developer,"ios, objective c, swift, core data",4,11,"ios, objective c, swift, core data",2.89
python developer - django,"artificial intelligence, machine learning, python, design patterns...",4,11,"artificial intelligence, machine learning, python, design patterns...",2.89
"quality assurance engineering, analyst","application support, flex, lan, coding",4,11,"application support, flex, lan, coding",2.89
salesforce developer - wave analytics,"salesforce, salesforce developer, wave analytics, bi...",4,11,"salesforce, salesforce developer, wave analytics, bi...",2.89
microsoft sql server analysis services,"business process, operations..., outsourcing, coding",4,11,"business process, operations..., outsourcing, coding",2.89
operations manager,"operations management, production planning control, quality standards, team...",4,10,"operations management, production planning control, quality standards, team...",2.63
research consultant,"qualitative research, secondary research, market research, market sizing...",4,10,"qualitative research, secondary research, market research, market sizing...",2.63
consultant - internal audit,"auditing, internal audit, accounting, risk advisory...",4,10,"auditing, internal audit, accounting, risk advisory...",2.63
"senior associate, marketing data & analytics","salesforce, analytics, crm, data management...",4,10,"salesforce, analytics, crm, data management...",2.63
manager / senior manager - revenue & pricing,"manager - revenue & pricing, pricing, consulting..., process optimization",4,10,"manager - revenue & pricing, pricing, consulting..., process optimization",2.63
hiring 4 associate/ analyst/ insurance process/ non voice/ sal 3.5lpa,"customer support, non voice process, international voice, night shift...",4,10,"customer support, non voice process, international voice, night shift...",2.63
junior investment manager - construction finance,"construction finance, market intelligence, data analysis..., housing finance",4,10,"construction finance, market intelligence, data analysis..., housing finance",2.63
ar caller and analyst- medical billing,"ar calling, medical billing, senior ar associate..., us healthcare",4,10,"ar calling, medical billing, senior ar associate..., us healthcare",2.63
delivery head - advanced analytics - utilities (13-18 years,"advanced analytics, python, accounting, people management...",4,10,"advanced analytics, python, accounting, people management...",2.63
quant analyst & advisor - content development - algorithm/quantitative,"blogs, content development, education, quant analyst",4,10,"blogs, content development, education, quant analyst",2.63
executive assistant,"analytics, business analytics, data analysis..., report preparation",4,10,"analytics, business analytics, data analysis..., report preparation",2.63
vp - engineering - product startup - iit/ nit,"stakeholder management, project management, technical design...",3,13,"stakeholder management, project management, technical design...",2.57
assistant manager finance,"finance, accounting operations, auditing, payables...",4,9,"finance, accounting operations, auditing, payables...",2.37
revenue management analyst/mis business analyst,"revenue management, business analysis, operational support..., operations",4,9,"revenue management, business analysis, operational support..., operations",2.37
urgent hiring for sr.consultant internal audit for big4,"internal audit, accounting, auditing, risk advisory...",4,9,"internal audit, accounting, auditing, risk advisory...",2.37
pas ems ces - advanced analyst,"quality assurance, client management..., operation management, quality control",4,9,"quality assurance, client management..., operation management, quality control",2.37
management consulting - associate / senior associate / asst. manager,"business advisory..., business research analysis, management consulting",3,12,"business advisory..., business research analysis, management consulting",2.37
looking for siebel crm developer,"siebel analytics, siebel configuration, siebel crm",3,12,"siebel analytics, siebel configuration, siebel crm",2.37
senior business analyst/manager - insurance analytics - sas/ r/ python,"business analysis..., insurance analytics, linear regression",3,12,"business analysis..., insurance analytics, linear regression",2.37
immediate requirement for service now business system analyst,"service now, service now bsa..., servicenow",3,12,"service now, service now bsa..., servicenow",2.37
performance testing strategy,"outsourcing, operations..., test cases, test scripts",4,9,"outsourcing, operations..., test cases, test scripts",2.37
product specialist - finance + customer service role,"product specialist, analytics..., credit risk, financial modeling",4,9,"product specialist, analytics..., credit risk, financial modeling",2.37
business analyst - data analytics - ecommerce,"data analytics, business analysis, data analysis..., sales forecasting",4,9,"data analytics, business analysis, data analysis..., sales forecasting",2.37
business analyst - erp system,"business analysis, business analyst, erp system, user acceptance testing...",4,9,"business analysis, business analyst, erp system, user acceptance testing...",2.37
web analytics - adobe analytics,"adobe analytics, media marketing, web analytics..., webtrends",4,9,"adobe analytics, media marketing, web analytics..., webtrends",2.37
program manager - analytics - automobile firm,"predictive analytics..., program management, project management",3,12,"predictive analytics..., program management, project management",2.37
bio statistician,"statistical analysis, protocol designing, sas, tfl",4,9,"statistical analysis, protocol designing, sas, tfl",2.37
accenture is hiring for marketing analytics-bangalore/gurgaon,"customer analytics, machine learning, statistical modeling...",3,12,"customer analytics, machine learning, statistical modeling...",2.37
data entry operator,"data entry, data entry operation, excel, typing",4,9,"data entry, data entry operation, excel, typing",2.37
analyst - private equity - bfs,"private equity, deal origination..., finance, financial analysis",4,9,"private equity, deal origination..., finance, financial analysis",2.37
senior market analyst,"market analysis, analyst relations, case studies..., enterprise applications",4,9,"market analysis, analyst relations, case studies..., enterprise applications",2.37
sr. software developer,"jquery, ajax, analytical, hibernate",4,9,"jquery, ajax, analytical, hibernate",2.37
tas - senior analyst xs,"fixed income securities, options, structured products...",3,12,"fixed income securities, options, structured products...",2.37
consultant - data analytics,"predictive modeling, statistical modeling..., text mining",3,12,"predictive modeling, statistical modeling..., text mining",2.37
senior seo executive,"seo, digital marketing, internet marketing, seo analysis",4,9,"seo, digital marketing, internet marketing, seo analysis",2.37
project manager construction,"civil engineering, construction project management, construction projects...",3,12,"civil engineering, construction project management, construction projects...",2.37
data scientist - nlp/machine learning,"deep learning, machine learning, natural language processing, nlp...",4,9,"deep learning, machine learning, natural language processing, nlp...",2.37
hse manager,"construction engineering, construction supervision..., hse management system",3,12,"construction engineering, construction supervision..., hse management system",2.37
web analyst,"web analysis, data analysis, data analytics, google adwords...",4,9,"web analysis, data analysis, data analytics, google adwords...",2.37
advance analyst - ots,"capital iq..., company profiling, industry research, qualitative",4,8,"capital iq..., company profiling, industry research, qualitative",2.11
walk in interview for dot net with concentrix,"ms sql server, mvc, object oriented programming..., web application",4,8,"ms sql server, mvc, object oriented programming..., web application",2.11
bdm-aws specialist,"aws, operating systems, sales forecasting, web technologies...",4,8,"aws, operating systems, sales forecasting, web technologies...",2.11
bi azure @ hyderabad,"data analytics, maintenance activities..., sql, visual studio",4,8,"data analytics, maintenance activities..., sql, visual studio",2.11
big data analyst - bi/dw program management,"big data analyst..., data analysis, problem solving, program management",4,8,"big data analyst..., data analysis, problem solving, program management",2.11
senior software engineer i,"database design, database development..., database engineer, sql server",4,8,"database design, database development..., database engineer, sql server",2.11
senior sox analyst - bfs,"administration, asset management..., legal management, risk control",4,8,"administration, asset management..., legal management, risk control",2.11
senior staff engineer - python/django - startup,"django, identity access management..., product design, python",4,8,"django, identity access management..., product design, python",2.11
senior strategy consultant - technology vertical,"equity analysis..., equity analyst, research, strategy consultant",4,8,"equity analysis..., equity analyst, research, strategy consultant",2.11
senior structural design engineer - ports / jetty project (10 years,"autocad, staad pro, structural design, structural engineering...",4,8,"autocad, staad pro, structural design, structural engineering...",2.11
business analyst - md & ceo's office - iim/ xlri/ fms/ mdi,"business analysis, iim, project management..., stakeholder management",4,8,"business analysis, iim, project management..., stakeholder management",2.11
business analyst - risk domain - bfsi,"business analysis, business analyst, saccr..., stakeholder management",4,8,"business analysis, business analyst, saccr..., stakeholder management",2.11
business analyst - sharepoint,"business analysis, business process, data conversion..., data modeling",4,8,"business analysis, business process, data conversion..., data modeling",2.11
business analyst / ba (websites and mobile apps,"business analyst, project management, project planning, web technologies",4,8,"business analyst, project management, project planning, web technologies",2.11
senior/ lead software developer,"..., algorithms "", data structures, java developer""",4,8,"..., algorithms "", data structures, java developer""",2.11
seo - senior manager,"analytics reporting, senior management, seo manager, seo specialist...",4,8,"analytics reporting, senior management, seo manager, seo specialist...",2.11
walk in | associate /sr. associate - risk data store,"banking operations..., communication, general insurance, soft skills",4,8,"banking operations..., communication, general insurance, soft skills",2.11
"actively hiring ""statistical analyst"" for a fortune 500 company","analytics..., predictive modeling, sas, time series analysis",4,8,"analytics..., predictive modeling, sas, time series analysis",2.11
walk-in interviews for ar&d oral solid dosage experienced personnel,"analytical method development..., analytical research, ard, documentation",4,8,"analytical method development..., analytical research, ard, documentation",2.11
walk-ins for sales coordinator with prince piping systems in kolkata,"marketing coordination, sales analyst..., sales coordination, sales support",4,8,"marketing coordination, sales analyst..., sales coordination, sales support",2.11
walkin drive for associate - ad operation @ bangalore,"ad operations, advertising, digital marketing, google analytics...",4,8,"ad operations, advertising, digital marketing, google analytics...",2.11
walkin drive for python developer @ eclerx service ltd (1-3 years,"beautifulsoup, flask, selenium, web crawling",4,8,"beautifulsoup, flask, selenium, web crawling",2.11
walkin | analyst e-discovery,"document review, e - discovery, litigation support, ms office...",4,8,"document review, e - discovery, litigation support, ms office...",2.11
eir data & content professional,"computer science, data management, market data, purchase",4,8,"computer science, data management, market data, purchase",2.11
adwords/ fb ads expert (35-80k per month) delhi office- three openings,"account management, campaign management..., google adwords, sem",4,8,"account management, campaign management..., google adwords, sem",2.11
simplilearn - senior product manager - salesforce & internal,"market research, marketing automation, product management..., sales process",4,8,"market research, marketing automation, product management..., sales process",2.11
walk in drive for us healthcare domain || 3 nov,"cashposting, denial handling, healthcare..., us healthcare",4,8,"cashposting, denial handling, healthcare..., us healthcare",2.11
walk in for freshers for market research role,"market intelligence, market research, marketing..., primary research",4,8,"market intelligence, market research, marketing..., primary research",2.11
"software development engineering, associate","application support, coding, flex, lan",4,8,"application support, coding, flex, lan",2.11
seo/sem analyst - goregaon east,"google adwords, pay per click, search engine optimization, seo...",4,8,"google adwords, pay per click, search engine optimization, seo...",2.11
service desk engineer,"it helpdesk, it service desk, service desk, service desk analyst...",4,8,"it helpdesk, it service desk, service desk, service desk analyst...",2.11
service desk_international voice_hyderabad_tech support,"change management, incident management, service desk, technical support...",4,8,"change management, incident management, service desk, technical support...",2.11
senior test analyst/ test analyst - ( automation or etl,"api testing..., automation testing, performance testing, selenium",4,8,"api testing..., automation testing, performance testing, selenium",2.11
it- business analyst- leading nbfc - mumbai,"business analysis, loan origination, project management..., system analysis",4,8,"business analysis, loan origination, project management..., system analysis",2.11
business analyst ( retail domain,"business analysis, category management..., cpg, retail analytics",4,8,"business analysis, category management..., cpg, retail analytics",2.11
windchill,"business process, operations..., outsourcing, system administration",4,8,"business process, operations..., outsourcing, system administration",2.11
hiring for a fortune 100 company for operatonal risk analytics manager,"credit card analytics, machine learning, python, risk analytics",4,8,"credit card analytics, machine learning, python, risk analytics",2.11
manager - marketing,"marketing automation..., marketing campaigns, marketing programs, sales",4,8,"marketing automation..., marketing campaigns, marketing programs, sales",2.11
sharepoint business analyst - infopath,"business process re - engineering, infopath, nintex..., sharepoint designer",4,8,"business process re - engineering, infopath, nintex..., sharepoint designer",2.11
it security analyst - chennai,"ceh, information security, penetration testing, siem...",4,8,"ceh, information security, penetration testing, siem...",2.11
visteon is looking for site manager/site lead for its goa location,"data analytics..., report preparation, site management, team management",4,8,"data analytics..., report preparation, site management, team management",2.11
visual merchandiser || retail industry || mumbai,"promotions, store management, store operations, visual merchandising...",4,8,"promotions, store management, store operations, visual merchandising...",2.11
vp - corporate business development,"corporate business development, franchising..., marketing, sales strategy",4,8,"corporate business development, franchising..., marketing, sales strategy",2.11
head employee engagement,"employee engagement, hr, performance management..., training need analysis",4,8,"employee engagement, hr, performance management..., training need analysis",2.11
manager / senior manager - safety,"environment, risk analysis, safety audit, technician activities",4,8,"environment, risk analysis, safety audit, technician activities",2.11
"manager / sr manager, business development & presales","business development management, client engagement..., presales, sales",4,8,"business development management, client engagement..., presales, sales",2.11
accenture is hiring for data scientist,"customer analytics, predictive modeling, sas, supply chain",4,8,"customer analytics, predictive modeling, sas, supply chain",2.11
business analyst & growth strategy,"corporate finance..., growth strategy, sales planning, team management",4,8,"corporate finance..., growth strategy, sales planning, team management",2.11
business analyst - internet/online - iit/nit/bits,"business analysis, monthly reports..., problem solving, senior management",4,8,"business analysis, monthly reports..., problem solving, senior management",2.11
seo analyst for a product based software company,"digital marketing, online marketing, seo analyst, social media marketing",4,8,"digital marketing, online marketing, seo analyst, social media marketing",2.11
seo analyst- gurgaon,"keyword research..., link building, off - page optimization, seo analysis",4,8,"keyword research..., link building, off - page optimization, seo analysis",2.11
seo manager | disruptive co-living startup | gurgaon,"search engine optimisation, sem..., seo, web technologies",4,8,"search engine optimisation, sem..., seo, web technologies",2.11
product manager - customer interfaces & experience,"marketing, product management, strategy..., user experience",4,8,"marketing, product management, strategy..., user experience",2.11
product manager - data products,"product development..., product management, product positioning, sql",4,8,"product development..., product management, product positioning, sql",2.11
product manager - design/ roadmap,"product life cycle..., product strategy, user experience design, ux",4,8,"product life cycle..., product strategy, user experience design, ux",2.11
product manager - ecommerce - iim/ mdi/isb/ fms,"product development..., product management, user experience, user research",4,8,"product development..., product management, user experience, user research",2.11
product manager - ecommerce - iim/mdi/isb/fms,"product development..., product management, user experience, user research",4,8,"product development..., product management, user experience, user research",2.11
product manager - mobile apps,"marketing..., mobile apps, product manager, product positioning",4,8,"marketing..., mobile apps, product manager, product positioning",2.11
product manager - pdlc,"business development, product management, strategic planning, strategy...",4,8,"business development, product management, strategic planning, strategy...",2.11
product manager - sourcing,"demand forecasting, finance, operations planning..., sales operations",4,8,"demand forecasting, finance, operations planning..., sales operations",2.11
"primavera p6, primavera tester @support remotely/bangalore","primavera analytics, primavera p6, primavera tester..., primavera unifier",4,8,"primavera analytics, primavera p6, primavera tester..., primavera unifier",2.11
principal analyst - market research,"data analysis..., market research, primary research, secondary research",4,8,"data analysis..., market research, primary research, secondary research",2.11
principal architect - ai analytics technology,"client engagement..., it strategy, project management, technology solutions",4,8,"client engagement..., it strategy, project management, technology solutions",2.11
"hiring for ""securities pricing - asst. manager - mumbai","people management, pricing security, security pricing, valuations...",4,8,"people management, pricing security, security pricing, valuations...",2.11
agm- business strategy planning,"auto industry, market intelligence, rfq..., vehicle forecast",4,8,"auto industry, market intelligence, rfq..., vehicle forecast",2.11
agm/dgm - analytics lead - marketing function,"cement marketing, crm..., integrated marketing, marketing budget",4,8,"cement marketing, crm..., integrated marketing, marketing budget",2.11
aim - sbs - c09 - gds - gxt,"digital marketing, marketing strategy, social media, usage...",4,8,"digital marketing, marketing strategy, social media, usage...",2.11
algorithmic risk/algorithmic trading analyst - r/python/oops,"finance, financial services..., risk analysis, risk management",4,8,"finance, financial services..., risk analysis, risk management",2.11
am - analytics - credit strategy - non credit card - healthcare domain,"communication skills, requirement gathering, skill matrix, statistics...",4,8,"communication skills, requirement gathering, skill matrix, statistics...",2.11
vice president - forecast automation - consumer & business banking,"business planning, corporate planning, excel, stress testing...",4,8,"business planning, corporate planning, excel, stress testing...",2.11
vice president marketing,"b2b, marketing initiatives, marketing strategy..., product sales",4,8,"b2b, marketing initiatives, marketing strategy..., product sales",2.11
vice president sales & marketing,"consumer insights, market research..., marketing strategy, sales strategy",4,8,"consumer insights, market research..., marketing strategy, sales strategy",2.11
etl big data senior developer finance,"apache, business intelligence..., python, shell scripting",4,8,"apache, business intelligence..., python, shell scripting",2.11
ppp(public private partnership) expert,"financial analysis, project finance, risk evaluation, risk management...",4,8,"financial analysis, project finance, risk evaluation, risk management...",2.11
pre sales security consultant (automation,"automation, change management, consulting, risk management...",4,8,"automation, change management, consulting, risk management...",2.11
vp/ head - credit risk analytics - sas/ r/ python - bfsi/ fintech,"credit risk management, linear regression, predictive analytics..., sas",4,8,"credit risk management, linear regression, predictive analytics..., sas",2.11
vp/head - credit risk analytics - sas/r/python - bfsi/fintech,"credit risk management, linear regression, predictive analytics..., sas",4,8,"credit risk management, linear regression, predictive analytics..., sas",2.11
walk in - asst. mgr - contract management- finance-17th &18th october,"development management, educational qualification..., icwa, mba finance",4,8,"development management, educational qualification..., icwa, mba finance",2.11
walk in - pricing manager @ andheri,"pricing analyst, pricing research analyst..., product management, purchase",4,8,"pricing analyst, pricing research analyst..., product management, purchase",2.11
product manager (pharmaceuticals) opportunity in bangalore,"brand management..., brand marketing, brand strategy, sales",4,8,"brand management..., brand marketing, brand strategy, sales",2.11
product owner,"competitive analysis, pricing..., product management, product strategy",4,8,"competitive analysis, pricing..., product management, product strategy",2.11
professor/ associate professor/ assistant professor - ai/ml,"ai, data analytics, ml, teaching",4,8,"ai, data analytics, ml, teaching",2.11
digital marketing & affiliate marketing executives,"affiliate marketing, digital marketing, seo, social media marketing...",4,8,"affiliate marketing, digital marketing, seo, social media marketing...",2.11
digital marketing expert / seo manager,"digital marketing, search engine marketing, seo, social media marketing...",4,8,"digital marketing, search engine marketing, seo, social media marketing...",2.11
digital marketing manager (facebook,"facebook marketing, google analytics..., marketing budget, marketing campaigns",4,8,"facebook marketing, google analytics..., marketing budget, marketing campaigns",2.11
program manager - catalog security/fraud prevention - ecommerce,"android, cissp..., program management, project management",4,8,"android, cissp..., program management, project management",2.11
"digital marketing manager - adwords, seo, sem, smo","digital marketing, google adwords, google analytics..., sem",4,8,"digital marketing, google adwords, google analytics..., sem",2.11
pricing analyst|women candidates only | ca mandatory,"accounting, cash flow statement, mba finance, pricing analysis...",4,8,"accounting, cash flow statement, mba finance, pricing analysis...",2.11
project manager ict,"ict, ict reports, project management, secondary reserch...",4,8,"ict, ict reports, project management, secondary reserch...",2.11
equity research analyst - indian banking sector,"equity, equity research, equity research analyst, valuation...",4,8,"equity, equity research, equity research analyst, valuation...",2.11
equity research analyst - indian small & mid-cap financials sector,"credit rating, equity research, equity research analyst, financial model...",4,8,"credit rating, equity research, equity research analyst, financial model...",2.11
principal consultant - sap p2p module,"process mapping, procurement, sap implementation, six sigma...",4,8,"process mapping, procurement, sap implementation, six sigma...",2.11
dm/manager/senior manager - compliance - general/life/health insurance,"health insurance, legality..., regulatory compliance, strong analytical skills",4,8,"health insurance, legality..., regulatory compliance, strong analytical skills",2.11
domain consultant-marketing analytics-customer analytics-bangalore,"campaign analytics, crm analytics, customer analytics, retail analytics...",4,8,"campaign analytics, crm analytics, customer analytics, retail analytics...",2.11
dy. manager - estimation/costing/pre-contracts ( civil package,"concept design, design development, estimation, value engineering...",4,8,"concept design, design development, estimation, value engineering...",2.11
digital marketing project leader,"digital marketing, global marketing, social media, social media marketing",4,8,"digital marketing, global marketing, social media, social media marketing",2.11
java enterprise edition,"business process, javascript, operations, outsourcing",4,8,"business process, javascript, operations, outsourcing",2.11
java groovy & grails,"core java, grails, groovy, java",4,8,"core java, grails, groovy, java",2.11
integration services - senior integration designer,"identity management, operational support, software design, team leading...",4,8,"identity management, operational support, software design, team leading...",2.11
integreon- assistant manager (facilities)- noida,"administration, facilities..., management skills, written communication",4,8,"administration, facilities..., management skills, written communication",2.11
intelligence & research associate (ira,"data analysis, data collection, market research, program management...",4,8,"data analysis, data collection, market research, program management...",2.11
internal audit / senior consultant,"internal audit, internal auditing, internal auditor, internal control...",4,8,"internal audit, internal auditing, internal auditor, internal control...",2.11
internal audit ca/ mba professional,"auditing..., enterprise risk management, internal audit, sox 404",4,8,"auditing..., enterprise risk management, internal audit, sox 404",2.11
project director - civil projects,"civil project management, project scheduling, qa..., resource management",4,8,"civil project management, project scheduling, qa..., resource management",2.11
project evolve p and r transformation team,"analytical, financial services, monitoring..., project management",4,8,"analytical, financial services, monitoring..., project management",2.11
qa manager,"automation testing, qa manager, quality assurance manager, selenium...",4,8,"automation testing, qa manager, quality assurance manager, selenium...",2.11
qa professional,"defect reporting..., manual testing, test cases, test scenarios",4,8,"defect reporting..., manual testing, test cases, test scenarios",2.11
qlick sense / tabelau / cognos developer/programmer,"cognos developer..., data analytics, professional services, qlik sense",4,8,"cognos developer..., data analytics, professional services, qlik sense",2.11
qlikview artichitect - chennai - latentview,"qlik sense, qlikview, qlikview admin..., qlikview developer",4,8,"qlik sense, qlikview, qlikview admin..., qlikview developer",2.11
digital recruiter analyst,"digital recruiter, digital recruiter analyst, pipeline management, sourcing...",4,8,"digital recruiter, digital recruiter analyst, pipeline management, sourcing...",2.11
digital transformation specialist digital lending,"analytics, focus..., manager technology, process improvement",4,8,"analytics, focus..., manager technology, process improvement",2.11
product marketing specialist,"enterprise content..., product management, product marketing, sales enablement",4,8,"enterprise content..., product management, product marketing, sales enablement",2.11
an urgent requirement in a leading television media house,"digital marketing, google adwords, social media..., web analytics",4,8,"digital marketing, google adwords, social media..., web analytics",2.11
analyst - background verification (day shift,"back office, back office operations..., backend, background verification",4,8,"back office, back office operations..., backend, background verification",2.11
analyst - global sourcing - iit / nit / nsit / bits / pec / dtu,"competitive intelligence, global sourcing..., industry reports, strategy",4,8,"competitive intelligence, global sourcing..., industry reports, strategy",2.11
us recruiter role - pune,"internet searching, recruitment..., sourcing, us recruitment",4,8,"internet searching, recruitment..., sourcing, us recruitment",2.11
vice president,"finance, financial analysis, financial modelling..., valuation",4,8,"finance, financial analysis, financial modelling..., valuation",2.11
devops engineer - chef/puppet,"artificial intelligence, django, linux administration..., python",4,8,"artificial intelligence, django, linux administration..., python",2.11
dgm - advanced analytics,"advanced analytics, deep learning, machine learning, predictive analysis...",4,8,"advanced analytics, deep learning, machine learning, predictive analysis...",2.11
project manager - ax development & training,"budgeting..., change management, project management, training need analysis",4,8,"budgeting..., change management, project management, training need analysis",2.11
project manager - sas & banking domain - iit/ iim/ isi,"analytics, iim, project management, team leading",4,8,"analytics, iim, project management, team leading",2.11
"quality assurance analyst, staff","cics, db2, jcl, sql",4,8,"cics, db2, jcl, sql",2.11
analyst - salesforce crm,"analyst - salesforce crm, crm consulting..., e2e, solution design",4,8,"analyst - salesforce crm, crm consulting..., e2e, solution design",2.11
international opening for construction project manager in sudan,"construction, inventory analysis..., inventory control, material planning",4,8,"construction, inventory analysis..., inventory control, material planning",2.11
jda software - consultant - wms,"business analysis, design patterns..., supply chain, unit testing",4,8,"business analysis, design patterns..., supply chain, unit testing",2.11
vice president - compensation & benefits,"administration, benefits, compensation benchmarking, hr",4,8,"administration, benefits, compensation benchmarking, hr",2.11
vice president - credit risk - corporate banking,"corporate banking..., credit analysis, credit policy, credit risk",4,8,"corporate banking..., credit analysis, credit policy, credit risk",2.11
it analyst - windows server,"active directory, exchange server..., system administration, windows server",4,8,"active directory, exchange server..., system administration, windows server",2.11
information security - implementation experience,"intrusion detection, qradar, security operations center..., snort",4,8,"intrusion detection, qradar, security operations center..., snort",2.11
equity research analyst - nbfc & insurance sector,"equity research, equity research analyst, equity sales, equity...",4,8,"equity research, equity research analyst, equity sales, equity...",2.11
deputy manager - health insurance analytics,"analytics, health insurance analytics, programming..., r programming",4,8,"analytics, health insurance analytics, programming..., r programming",2.11
deputy manager - talent management & leadership development - auto,"employee engagement, hr analytics, succession planning..., training",4,8,"employee engagement, hr analytics, succession planning..., training",2.11
deputy manager/ manager- digital marketing,"content strategy, digital marketing, home finance, social media...",4,8,"content strategy, digital marketing, home finance, social media...",2.11
python developer / client facing role/based in netherlands,"algorithms, data validation..., python, unit testing",4,8,"algorithms, data validation..., python, unit testing",2.11
qa data scientist-10 years to 20 years(data scientist+automation test,"data modeling, deep learning, machine learning, nlp",4,8,"data modeling, deep learning, machine learning, nlp",2.11
demand planning - fmcg - supply chain executive / analyst - uae / oman,"demand planning, fmcg, sales forecasting, supply chain...",4,8,"demand planning, fmcg, sales forecasting, supply chain...",2.11
qa executive,"bpo, quality analysis, quality management..., service quality",4,8,"bpo, quality analysis, quality management..., service quality",2.11
urgent opening for product manager with an nbfc at goregaon e,"product design..., product development, product manager, ui ux designer",4,8,"product design..., product development, product manager, ui ux designer",2.11
urgent opportunity for senior analyst - meed reports,"industry reports, primary research, process improvement, writing skills",4,8,"industry reports, primary research, process improvement, writing skills",2.11
urgent requirement digital marketing for punjabi bagh delhi,"digital marketing, marketing concepts, overall understanding..., web analytics",4,8,"digital marketing, marketing concepts, overall understanding..., web analytics",2.11
analyst - private equity & investment decisions (cfa level 2 qualified,"cfa, investment analyst, investment banking, private equity",4,8,"cfa, investment analyst, investment banking, private equity",2.11
urgent requirement for senior client partner(b2b sales) in gurgaon,"b2b sales, business development, corporate sales, marketing planning...",4,8,"b2b sales, business development, corporate sales, marketing planning...",2.11
urgent requirement of senior corporate sales manager(mumbai,"corporate sales, direct sales, marketing, new client acquisition...",4,8,"corporate sales, direct sales, marketing, new client acquisition...",2.11
urgent requirement | hr ( generalist) | noida,"employee engagement, hr generalist activities, recruitment, retention...",4,8,"employee engagement, hr generalist activities, recruitment, retention...",2.11
quality analyst (international bpo,"communication skills, international bpo, quality analysis, sox compliance...",4,8,"communication skills, international bpo, quality analysis, sox compliance...",2.11
quality analyst - automation- immediate joiner,"manual testing, qa analysis, test case execution..., test cases",4,8,"manual testing, qa analysis, test case execution..., test cases",2.11
exciting opportunity for data analyst who have flair for data,"business analysis, business process, data analysis, process documentation...",4,8,"business analysis, business process, data analysis, process documentation...",2.11
exclusive walk - in interview for ar / sr. associate,"accounts receivable, ar analyst, ar calling, revenue cycle management...",4,8,"accounts receivable, ar analyst, ar calling, revenue cycle management...",2.11
paytm hiring for quality analyst (non-technical,"green belt, process excellence, quality analysis..., six sigma",4,8,"green belt, process excellence, quality analysis..., six sigma",2.11
pharmaceutical analyst,"clinical trials, data mining, primary research, secondary research...",4,8,"clinical trials, data mining, primary research, secondary research...",2.11
physical design eng/ sr eng/lead for bangalore & ahmedabad,"floor planning, physical design, place & floorplanning..., place & route",4,8,"floor planning, physical design, place & floorplanning..., place & route",2.11
data scientist - machine learning/nlp,"data analysis..., logistic regression, predictive modeling, text mining",4,8,"data analysis..., logistic regression, predictive modeling, text mining",2.11
regional sales manager - general trade - fmcg,"distribution network, marketing, sales management, secondary sales...",4,8,"distribution network, marketing, sales management, secondary sales...",2.11
regulatory data analyst,"data analysis, data analytics, ms - sql, vba macro",4,8,"data analysis, data analytics, ms - sql, vba macro",2.11
relationship manager (mutual fund sales,"mutual fund sales, relationship management, relationship manager, retail...",4,8,"mutual fund sales, relationship management, relationship manager, retail...",2.11
"quality manager - simplilearn, bangalore(saturday/sunday fixed off","call monitoring..., outbound sales, quality management, training need analysis",4,8,"call monitoring..., outbound sales, quality management, training need analysis",2.11
quality specialist - (sap cloud for customer,"automation testing, functional testing, software testing, white box testing...",4,8,"automation testing, functional testing, software testing, white box testing...",2.11
job opening - data scientist & business analyst,"analytics, business analysis, business analyst..., user experience",4,8,"analytics, business analysis, business analyst..., user experience",2.11
job opening -am / manager -machine learning/ deep learning -gurgaon,"deep learning, machine learning, project life cycle..., python",4,8,"deep learning, machine learning, project life cycle..., python",2.11
informatica big data edition,"business intelligence, database administration..., informatica, python",4,8,"business intelligence, database administration..., informatica, python",2.11
data scientist-lead,"deep learning, machine learning..., natural language processing, text mining",4,8,"deep learning, machine learning..., natural language processing, text mining",2.11
excellent opening for business analyst - mumbai (logistics company,"business analysis, business analyst, business analytics, data analysis",4,8,"business analysis, business analyst, business analytics, data analysis",2.11
excellent opportunity - data scientist- mumbai location,"data analysis, data analytics, predictive modeling, statistical modeling...",4,8,"data analysis, data analytics, predictive modeling, statistical modeling...",2.11
excellent opportunity for role in analytics with a leading retail bank,"machine learning..., predictive analytics, sas, statistical modeling",4,8,"machine learning..., predictive analytics, sas, statistical modeling",2.11
urgent opening for data scientist,"data mining..., data science, machine learning, predictive analytics",4,8,"data mining..., data science, machine learning, predictive analytics",2.11
urgent opening for machine learning / predictive modelling in mumbai,"predictive analytics, predictive modeling, sas, time series...",4,8,"predictive analytics, predictive modeling, sas, time series...",2.11
urgent opening for adwords analyst,"bid management, google adwords, google analytics, ppc",4,8,"bid management, google adwords, google analytics, ppc",2.11
urgent opening for business development representative/sr. bde/manager,"admission counselling, business development..., marketing, outbound sales",4,8,"admission counselling, business development..., marketing, outbound sales",2.11
analyst-amr & abt,"abt..., amr, automated energy meter reading, automated meter reading",4,8,"abt..., amr, automated energy meter reading, automated meter reading",2.11
analytics consultant - python + machine learning + nlp + text minning,"iim, machine learning, nlp, python",4,8,"iim, machine learning, nlp, python",2.11
inside sales (us) - bde/bdm,"cold calling..., inside sales, international calling, selling",4,8,"cold calling..., inside sales, international calling, selling",2.11
job opportunity: group account manager - gurgaon,"digital marketing, display advertising, search engine marketing, seo...",4,8,"digital marketing, display advertising, search engine marketing, seo...",2.11
jr digital marketing executive,"google analytics..., link building, seo analysis, website audit",4,8,"google analytics..., link building, seo analysis, website audit",2.11
data scientist/business analyst - fintech,"business analysis, data analytics, python, statistical analysis...",4,8,"business analysis, data analytics, python, statistical analysis...",2.11
qlikview consultant - kpo,"consultant, qlikview, qlikview consultant, sql",4,8,"consultant, qlikview, qlikview consultant, sql",2.11
quality advisory,"cmmi, metrics analysis, process improvement initiatives, quality management...",4,8,"cmmi, metrics analysis, process improvement initiatives, quality management...",2.11
data scientist - process excellence & analytics,"data science, deep learning, machine learning..., predictive analytics",4,8,"data science, deep learning, machine learning..., predictive analytics",2.11
data scientist / data analyst - r / python & machine learning,"data analyst, data scientist, machine learning..., python",4,8,"data analyst, data scientist, machine learning..., python",2.11
data scientist - hadoop/mapreduce,"data analysis, data mining..., sas, statistical modeling",4,8,"data analysis, data mining..., sas, statistical modeling",2.11
data scientist - it services firm,"big data analytics, neural networks, predictive modeling, use cases...",4,8,"big data analytics, neural networks, predictive modeling, use cases...",2.11
risk analyst- counter party risk - treasury mid office kanjurmarg,"foreign exchange, front office, market data, risk analysis",4,8,"foreign exchange, front office, market data, risk analysis",2.11
risk analytics professional - bfsi,"credit risk..., risk analytics, risk management, sas sql",4,8,"credit risk..., risk analytics, risk management, sas sql",2.11
risk manager systems,"auditing, customer service, information security..., sales management",4,8,"auditing, customer service, information security..., sales management",2.11
unit head - sales,"customer acquisition, new business, sales management, team handling...",4,8,"customer acquisition, new business, sales management, team handling...",2.11
key account manager - consumer durable,"crm sales, key account management, marketing, sales forecasting...",4,8,"crm sales, key account management, marketing, sales forecasting...",2.11
knowledge specialist,"new product development, risk analysis, strategy, strategy consultant...",4,8,"new product development, risk analysis, strategy, strategy consultant...",2.11
immediate openings for inside sales/market research/cold calling,"cold calling, inside sales, market research, research analyst",4,8,"cold calling, inside sales, market research, research analyst",2.11
immediate position |oracle retail application testing-bangalore,"oracle retail..., rms, supply chain management, system integration testing",4,8,"oracle retail..., rms, supply chain management, system integration testing",2.11
urgent hiring-- research analyst,"market analysis, market research, qualitative..., research analysis",4,8,"market analysis, market research, qualitative..., research analysis",2.11
reporting specialist,"auditing, business analysis, data collection..., management reporting",4,8,"auditing, business analysis, data collection..., management reporting",2.11
data scientist with one of the big four accounting firm,"financial modelling..., nlp, predictive modeling, statistical modeling",4,8,"financial modelling..., nlp, predictive modeling, statistical modeling",2.11
data scientist- supply chain,"demand planning, inventory optimization, predictive analytics, r...",4,8,"demand planning, inventory optimization, predictive analytics, r...",2.11
order management specialist - leading global services - dadar location,"customer experience, database management..., ms office suite, order management",4,8,"customer experience, database management..., ms office suite, order management",2.11
outbound tours,"holiday packages, hotel contracting, hotel costing, tour plans...",4,8,"holiday packages, hotel contracting, hotel costing, tour plans...",2.11
urgent opening - management trainee- grant road,"brand development..., finance, management consulting, market research",4,8,"brand development..., finance, management consulting, market research",2.11
data modeller - technical ba,"business analysis, business intelligence, data modeling, erwin...",4,8,"business analysis, business intelligence, data modeling, erwin...",2.11
image editor - ecommerce - walk in,"graphic designing, image editing, image editor..., photoshop designing",4,8,"graphic designing, image editing, image editor..., photoshop designing",2.11
area sales manager - pre analytics,"chromatography, diagnostics - biochemistry..., instruments, lab- chemicals",4,8,"chromatography, diagnostics - biochemistry..., instruments, lab- chemicals",2.11
tracxn - researcher / market research analyst (1 - 2 yrs) -us shift,"business research, company profiling..., market research, research",4,8,"business research, company profiling..., market research, research",2.11
ts - us_ assistant manager,"accounting, audit, due diligence, mergers and acquisitions...",4,8,"accounting, audit, due diligence, mergers and acquisitions...",2.11
application development lead,"analytical, financial services, investment banking..., wealth management",4,8,"analytical, financial services, investment banking..., wealth management",2.11
analytics visualization,"analytics, business operations, business process, data modeling...",4,8,"analytics, business operations, business process, data modeling...",2.11
android developer - mobile application development - java/sdk,"android development..., android sdk, core java, mobile application development",4,8,"android development..., android sdk, core java, mobile application development",2.11
uipath developer - 6 months renewal contract - singapore,"detailing, project management, project scheduling, requirements...",4,8,"detailing, project management, project scheduling, requirements...",2.11
data science manager / sr manager/ head - data science,"data science, machine learning..., neural networks, predictive analytics",4,8,"data science, machine learning..., neural networks, predictive analytics",2.11
data science research manager - it,"analytics, machine learning..., sql, statistical modeling",4,8,"analytics, machine learning..., sql, statistical modeling",2.11
quantity surveyors,"billing, commercial, quantity surveyor activities, rate analysis",4,8,"billing, commercial, quantity surveyor activities, rate analysis",2.11
"data scientist - nlp, machine learning","deep learning, information retrieval, natural language processing, nlp...",4,8,"deep learning, information retrieval, natural language processing, nlp...",2.11
research analyst with info edge india ltd,"market intelligence, primary, research analysis..., secondary research",4,8,"market intelligence, primary, research analysis..., secondary research",2.11
implementation consultant (us shift,"client interfacing..., gap analysis, process mapping, requirement analysis",4,8,"client interfacing..., gap analysis, process mapping, requirement analysis",2.11
kyc analyst / aml analyst / investment banking with kyc - aml,"client management, client solutions, project management, quality control...",4,8,"client management, client solutions, project management, quality control...",2.11
l&d lead learning partner,"change management, learning, process improvement..., training need analysis",4,8,"change management, learning, process improvement..., training need analysis",2.11
lead - business intelligence unit (biu,"analytics, finance..., predictive modeling, statistical modeling",4,8,"analytics, finance..., predictive modeling, statistical modeling",2.11
lead - data products - brand team,"go - to - market strategy, product management, product portfolio..., sales",4,8,"go - to - market strategy, product management, product portfolio..., sales",2.11
image analysis scientist - image processing/ pattern recognition,"algorithms, c++, image processing, pattern recognition...",4,8,"algorithms, c++, image processing, pattern recognition...",2.11
data integration architect/ etl architect,"business intelligence..., data integration, data warehousing, etl tool",4,8,"business intelligence..., data integration, data warehousing, etl tool",2.11
executive assistant to global cio,"data analytics..., internal communication, it management, vendor management",4,8,"data analytics..., internal communication, it management, vendor management",2.11
executive assistant to senior vp - manufacturing strategy,"business intelligence, business strategy, data analytics, new product...",4,8,"business intelligence, business strategy, data analytics, new product...",2.11
executive manager,"budgeting..., business development, business planning, finance",4,8,"budgeting..., business development, business planning, finance",2.11
executive sales coordinator,"business analytics..., letter drafting, ms office, sales coordination",4,8,"business analytics..., letter drafting, ms office, sales coordination",2.11
openings on data analytics with adobe analytics (aka omniture / siteca,"..., adobe analytics aka omniture, site catalyst"", sitecatalyst",4,8,"..., adobe analytics aka omniture, site catalyst"", sitecatalyst",2.11
operation support analyst mnp,"application management, operation support analyst, telecom bss, unix...",4,8,"application management, operation support analyst, telecom bss, unix...",2.11
opportunity for ux designer - globant,"information architecture, user experience design..., user research, ux",4,8,"information architecture, user experience design..., user research, ux",2.11
ops program manager,"ariba..., project management, risk management, supply chain",4,8,"ariba..., project management, risk management, supply chain",2.11
immediate opening for software product sales manager,"business intelligence, marketing planning, product sales..., software sales",4,8,"business intelligence, marketing planning, product sales..., software sales",2.11
immediate opening with our client tcs for kolkata location for data sc,"analytics, data scientist, edw, statistical modeling",4,8,"analytics, data scientist, edw, statistical modeling",2.11
lead business analyst (investment/ capital market domain,"business analysis, capital market, investment domain..., trading",4,8,"business analysis, capital market, investment domain..., trading",2.11
tester/qa analyst - functional testing/automation testing,"automation testing..., functional testing, qa analysis, system testing",4,8,"automation testing..., functional testing, qa analysis, system testing",2.11
data analytics manager ( retail banking) for mumbai,"business analytics, linear regression..., predictive modeling, sas",4,8,"business analytics, linear regression..., predictive modeling, sas",2.11
data architect - greenplum/ hadoop,"data architecture..., data modeling, data warehousing, sql",4,8,"data architecture..., data modeling, data warehousing, sql",2.11
rs - vp - transformation(rpa/robotic) healthcare,"excellence analytics, ml, nlp, robotics",4,8,"excellence analytics, ml, nlp, robotics",2.11
sales account manager,"business development, key account management..., marketing, sales account",4,8,"business development, key account management..., marketing, sales account",2.11
sales advisor @ tech mahindra business services pune,"customer support, inbound sales..., lead generation, outbound sales",4,8,"customer support, inbound sales..., lead generation, outbound sales",2.11
"opening for service delivery lead it, peoplestrong, bangalore","accounting, hr solutions, it recruitment, project management...",4,8,"accounting, hr solutions, it recruitment, project management...",2.11
opening for sr manager accounts,"accounting standards, budgeting, finance, variance analysis...",4,8,"accounting standards, budgeting, finance, variance analysis...",2.11
"opening for sr. data scientist with us product based company, noida","machine learning, predictive analytics, statistical modelling..., statistics",4,8,"machine learning, predictive analytics, statistical modelling..., statistics",2.11
executive assistant & admin | leading analytics & research firm,"office assistant, office secretary..., secretarial task, travel arrangement",4,8,"office assistant, office secretary..., secretarial task, travel arrangement",2.11
"architecture analyst (.net, java, ic, l1) - gurgaon","architecture analyst .net, ic, java, l1 - gurgaon",4,8,"architecture analyst .net, ic, java, l1 - gurgaon",2.11
data scientist (atm) - goregaon east,"analysis, analytics, data scientist, tableau",4,8,"analysis, analytics, data scientist, tableau",2.11
"research analyst ( bir ), 2 - 3 yrs exp. new delhi","data analysis, market research, quantitative..., research analysis",4,8,"data analysis, market research, quantitative..., research analysis",2.11
opening for data analyst (xml,"analytical skills..., library science, visual studio, xml schema",4,8,"analytical skills..., library science, visual studio, xml schema",2.11
opening for digital marketing,"digital marketing, online marketing, pay per click..., seo",4,8,"digital marketing, online marketing, pay per click..., seo",2.11
executive assistant - corporate strategy - manufacturing - iim/xlri,"corporate strategy, finance..., market research, strategic planning",4,8,"corporate strategy, finance..., market research, strategic planning",2.11
sales coordinator(female)-for top footwear manufacturing co. in delhi,"sales analysis, sales coordination, sales management..., sales strategy",4,8,"sales analysis, sales coordination, sales management..., sales strategy",2.11
sales executive -mumbai,"dealing..., distribution, sales analysis, sales executive activities",4,8,"dealing..., distribution, sales analysis, sales executive activities",2.11
sales head - real estate,"business development, channel partners..., marketing, sales strategy",4,8,"business development, channel partners..., marketing, sales strategy",2.11
sales planning and strategy sr advisor,"growth strategy, sales planning, sales strategy..., strategic planning",4,8,"growth strategy, sales planning, sales strategy..., strategic planning",2.11
sales representative ( candidate must have a vehicle,"industrial marketing, industrial sales, industrial selling..., sales",4,8,"industrial marketing, industrial sales, industrial selling..., sales",2.11
salesforce architect,"business analysis, business solutions..., data modeling, impact analysis",4,8,"business analysis, business solutions..., data modeling, impact analysis",2.11
data analytics - r/ r-studio/ python programmer for noida,"data analytics, predictive modelling, python..., statistical modelling",4,8,"data analytics, predictive modelling, python..., statistical modelling",2.11
data analytics and interpretation,"data visualization..., data warehousing, operations, outsourcing",4,8,"data visualization..., data warehousing, operations, outsourcing",2.11
customer financial analysis_ sr.analyst / team leader,"finance..., financial accounting, financial statements, taxation",4,8,"finance..., financial accounting, financial statements, taxation",2.11
immediate hiring for jr. business analyst,"software development..., sql database, uat, user documentation",4,8,"software development..., sql database, uat, user documentation",2.11
immediate opening for - corporate strategy @ chennai joining,"corporate strategy, finance, it consulting, strategic planning...",4,8,"corporate strategy, finance, it consulting, strategic planning...",2.11
operations manager-call center (insurance vertical,"call center operations, insurance, life insurance, operations management",4,8,"call center operations, insurance, life insurance, operations management",2.11
immediate opening for ar /senior ar analyst-day shift @dlf chennai,"communication skills, denial management, medical billing, medical insurance...",4,8,"communication skills, denial management, medical billing, medical insurance...",2.11
asa_ associate_staff 3 / 2 / 1,"billings..., data compliance, financial analysis, project management",4,8,"billings..., data compliance, financial analysis, project management",2.11
assistant category manager - ecommerce,"category management, e - commerce, online sales, vendor management...",4,8,"category management, e - commerce, online sales, vendor management...",2.11
assistant finance controller / agm-finance,"accounting, accounts finalisation..., auditing, finance control",4,8,"accounting, accounts finalisation..., auditing, finance control",2.11
assistant manager (warranty aeronautical specialist,"automobile, mechanical engineering, root cause, warranty analysis...",4,8,"automobile, mechanical engineering, root cause, warranty analysis...",2.11
assistant manager - actuarial - kpo,"budgeting, finance, statistics, valuation",4,8,"budgeting, finance, statistics, valuation",2.11
technology consultant - salesforce,"force.com, salesforce, salesforce.com, solution architecture...",4,8,"force.com, salesforce, salesforce.com, solution architecture...",2.11
customer retention & relationship lead - fmcg,"churn, crm, loyalty programs, marketing",4,8,"churn, crm, loyalty programs, marketing",2.11
customer success head,"content marketing, sales process, seo, social media optimization...",4,8,"content marketing, sales process, seo, social media optimization...",2.11
cyient:: hiring for stress engineers for hyderabad location,"ansys, finite element analysis, machine design..., solid mechanics",4,8,"ansys, finite element analysis, machine design..., solid mechanics",2.11
data analyst - ehr,"data analysis, data visualization..., sas sql, statistical software",4,8,"data analysis, data visualization..., sas sql, statistical software",2.11
data analyst - kpo,"analytics..., data analysis, data analyst, data analytics",4,8,"analytics..., data analysis, data analyst, data analytics",2.11
sam technical analyst,"account management, install base..., sales, strategic planning",4,8,"account management, install base..., sales, strategic planning",2.11
"opening for ""contract management"" - noida","contract management, contract preparation, payroll, uk shift...",4,8,"contract management, contract preparation, payroll, uk shift...",2.11
opening for accountant in export house ( ca qualified)- noida,"ca, ca qualified..., export house, garment export",4,8,"ca, ca qualified..., export house, garment export",2.11
area sales head - traditional trade - fmcg,"area sales, distribution..., retail sales management, secondary sales",4,8,"area sales, distribution..., retail sales management, secondary sales",2.11
opening for ceo - telecom,"business strategy, corporate planning, corporate strategy..., group planning",4,8,"business strategy, corporate planning, corporate strategy..., group planning",2.11
opening for innovations-social business - digital - bank -mumbai,"media management, social media marketing, strategic alliances, strategy...",4,8,"media management, social media marketing, strategic alliances, strategy...",2.11
opening for professional financial analyst,"finance, financial analysis, financial planning, performance measurement...",4,8,"finance, financial analysis, financial planning, performance measurement...",2.11
sap basis solman architect - landscape management database,"interpersonal communication..., sap basis, solman, solution management",4,8,"interpersonal communication..., sap basis, solman, solution management",2.11
credit analyst - debt fund - alternative investment,"credit analysis, credit risk..., deal structuring, finance",4,8,"credit analysis, credit risk..., deal structuring, finance",2.11
credit manager - msme lending,"collections, credit risk, credit underwriting..., unsecured loans",4,8,"collections, credit risk, credit underwriting..., unsecured loans",2.11
credit policy manager,"credit policy, policy, policy implementation, risk analysis",4,8,"credit policy, policy, policy implementation, risk analysis",2.11
credit portfolio consultant - collection strategy,"collections strategy, predictive analytics, risk segmentation, sas",4,8,"collections strategy, predictive analytics, risk segmentation, sas",2.11
credit risk - asset reconstruction distress,"balance sheet analysis, cash flow, credit risk analysis, stress testing...",4,8,"balance sheet analysis, cash flow, credit risk analysis, stress testing...",2.11
credit underwriter - rural finance & micro lending - bfsi,"credit risk..., credit underwriting, financial analysis, rural finance",4,8,"credit risk..., credit underwriting, financial analysis, rural finance",2.11
sap fico functional consultant,"cost center accounting, product costing, profitability analysis..., sap fico",4,8,"cost center accounting, product costing, profitability analysis..., sap fico",2.11
sap financial test engineer - automation testing - qtp/uft,"automation testing, qtp, test engineering..., test scripts",4,8,"automation testing, qtp, test engineering..., test scripts",2.11
sap financial test specialist - automation testing,"application testing..., automation testing, qtp, test scripts",4,8,"application testing..., automation testing, qtp, test scripts",2.11
sap functional expert - co/mm modules,"budgeting, copa, product costing..., project accounting",4,8,"budgeting, copa, product costing..., project accounting",2.11
sap hana,"conversions, sap hana, stored procedures, views",4,8,"conversions, sap hana, stored procedures, views",2.11
artificial intelligence/machine learning developer,"deep learning, information retrieval..., neural networks, nlp",4,8,"deep learning, information retrieval..., neural networks, nlp",2.11
artificial intelligence/machine learning role - blockchain - iim/ xlri,"artificial intelligence, machine learning, python, user experience...",4,8,"artificial intelligence, machine learning, python, user experience...",2.11
team member - debt syndication - real estate,"banking, debt syndication, finance, relationship management...",4,8,"banking, debt syndication, finance, relationship management...",2.11
lead consultant - advanced analytics,"machine learning, predictive modeling, sas..., text mining",4,8,"machine learning, predictive modeling, sas..., text mining",2.11
lead consultant - technology (java) - premium institute,"business analytics..., java ee, software development, technical leadership",4,8,"business analytics..., java ee, software development, technical leadership",2.11
hris consultant (successfactors,"employee central..., hris, sap successfactors consultant, successfactors",4,8,"employee central..., hris, sap successfactors consultant, successfactors",2.11
hyperion pbcs jnr.consultant,"balance sheet, hyperion planning, root cause analysis, third party",4,8,"balance sheet, hyperion planning, root cause analysis, third party",2.11
assistant manager - model monitoring - kpo,"banking, credit cards, requirement gathering..., skill matrix",4,8,"banking, credit cards, requirement gathering..., skill matrix",2.11
technical support executive(voice,"helpdesk..., technical support, technical support executive, voice support",4,8,"helpdesk..., technical support, technical support executive, voice support",2.11
sap pp consultant,"sap pp module, sap production planning, shop floor control, wm...",4,8,"sap pp module, sap production planning, shop floor control, wm...",2.11
financial analysis consultant,"cost reduction..., financial analysis, forecasting, strong analytical skills",4,8,"cost reduction..., financial analysis, forecasting, strong analytical skills",2.11
"exl: us health insurance + sas, r, python, hadoop - avp","health insurance, healthcare, machine learning..., sas",4,8,"health insurance, healthcare, machine learning..., sas",2.11
facilities manager - soft services,"administration, facilities..., facility management, soft services",4,8,"administration, facilities..., facility management, soft services",2.11
failure analysis - met lab,"failure analysis..., new product development, ppap, warranty analysis",4,8,"failure analysis..., new product development, ppap, warranty analysis",2.11
nextracker - engineering manager - product development,"driveworks..., mechanical failure analysis, product development, solidworks",4,8,"driveworks..., mechanical failure analysis, product development, solidworks",2.11
ofsaa(oracle financial services analytical applications,"data management, epm, financial services, oracle financials",4,8,"data management, epm, financial services, oracle financials",2.11
online / digital advertising sales : quikr india pvt ltd,"ad sales, client servicing, key account management..., space selling",4,8,"ad sales, client servicing, key account management..., space selling",2.11
sas aml consultant - full time,"aml, anti money laundering, sas, sas va",4,8,"aml, anti money laundering, sas, sas va",2.11
content writer - urgent requirement in a top usa based company,"communication skills..., content development, content writing, writing",4,8,"communication skills..., content development, content writing, writing",2.11
sem analyst,"google adwords, pay per click, search engine marketing, sem...",4,8,"google adwords, pay per click, search engine marketing, sem...",2.11
sas- senior,"sas, sas business rules manager, sas visual analytics, visual analytics...",4,8,"sas, sas business rules manager, sas visual analytics, visual analytics...",2.11
corporate sales officer,"business development, business management skills, sales, salesforce...",4,8,"business development, business management skills, sales, salesforce...",2.11
corporate treasury analyst/ manager - manufacturing,"accounting..., finance, financial analysis, portfolio management",4,8,"accounting..., finance, financial analysis, portfolio management",2.11
corporate/ international tax professional,"corporate taxation, international taxation, law, senior level...",4,8,"corporate taxation, international taxation, law, senior level...",2.11
country controller analyst,"balance sheet, journal entries, operations..., tax returns",4,8,"balance sheet, journal entries, operations..., tax returns",2.11
financial planning analysis in mumbai,"financial planning, financial planning and analysis..., fp&a, fpa",4,8,"financial planning, financial planning and analysis..., fp&a, fpa",2.11
net senior systems analyst,".net, senior developer..., software development, system analyst",4,8,".net, senior developer..., software development, system analyst",2.11
finance controller - ca - gaap,"accounting, finance control, financial reporting..., taxation",4,8,"accounting, finance control, financial reporting..., taxation",2.11
team lead_qa automation,"api testing..., automation testing, exploratory testing, selenium webdriver",4,8,"api testing..., automation testing, exploratory testing, selenium webdriver",2.11
team leader - equity analyst - financial securities firm,"accounting, financial risk management..., financial statements, mba",4,8,"accounting, financial risk management..., financial statements, mba",2.11
assistant manager/manager,"big data, campaign analytics, python, sas",4,8,"big data, campaign analytics, python, sas",2.11
"assistant manager/manager, business research & advisory","client management, project management, strategy consulting..., team management",4,8,"client management, project management, strategy consulting..., team management",2.11
team leader openings at factset,"mba finance, people management..., performance improvement, report preparation",4,8,"mba finance, people management..., performance improvement, report preparation",2.11
team leader-research & strategic planning,"marketing, strategic planning, strategy..., team management",4,8,"marketing, strategic planning, strategy..., team management",2.11
assistant sales manager (usa & canada,"detailing, product service, sales management, solution design",4,8,"detailing, product service, sales management, solution design",2.11
tas_dna_epb_assistant manager,"accounting, financial analysis..., financial planning, public accounting",4,8,"accounting, financial analysis..., financial planning, public accounting",2.11
taxation manager / audit & tax manager / statutory compliance,"internal audit..., senior manager, statutory audit, tax & compliance manager",4,8,"internal audit..., senior manager, statutory audit, tax & compliance manager",2.11
assistant manager - social media marketing,"facebook marketing, marketing automation, media strategy, twitter...",4,8,"facebook marketing, marketing automation, media strategy, twitter...",2.11
assistant manager / deputy manager - internal audit,"auditing, internal audit, internal process audit..., process audit",4,8,"auditing, internal audit, internal process audit..., process audit",2.11
lead engineer - ai/analytics technology,"business development, partnerships, strategy, technology consulting...",4,8,"business development, partnerships, strategy, technology consulting...",2.11
lead functional consultant,"implementation, project management, solution design, user training...",4,8,"implementation, project management, solution design, user training...",2.11
assistant manager crm,"crm strategy, customer experience..., data analytics, marketing campaigns",4,8,"crm strategy, customer experience..., data analytics, marketing campaigns",2.11
finance manager ( 10-15 yrs ca qualified) doddaballapura,"ca, finance function, financial analysis..., financial management",4,8,"ca, finance function, financial analysis..., financial management",2.11
scheduled drive | pre-sales consultant |cyber security,"presales, solution design, solution selling..., technical architecture",4,8,"presales, solution design, solution selling..., technical architecture",2.11
search analyst - google analytics,"css, keyword research, web analytics..., website analysis",4,8,"css, keyword research, web analytics..., website analysis",2.11
sector expert - energy/ oil & gas,"financial analysis, mba finance, pitch books, ratio analysis...",4,8,"financial analysis, mba finance, pitch books, ratio analysis...",2.11
"security analyst (ids, ips, siem) - noida, uttar pradesh","ips, security analyst ids, siem - noida, uttar pradesh",4,8,"ips, security analyst ids, siem - noida, uttar pradesh",2.11
consultant/senior consultant - data analyst,"data mining, machine learning, statistical modeling..., text mining",4,8,"data mining, machine learning, statistical modeling..., text mining",2.11
senior actuarial analyst - kpo,"actuarial, actuarial analyst, project management, statistics",4,8,"actuarial, actuarial analyst, project management, statistics",2.11
contact center operations - team lead - arabic - hyderabad,"contact center operations, people management, shrinkage, team leader...",4,8,"contact center operations, people management, shrinkage, team leader...",2.11
model validation role - bank,"model development..., model validation, sas sql, segmentation",4,8,"model development..., model validation, sas sql, segmentation",2.11
modeler - sas - iit/ fms/ dce/ mdi/ dse/ imt/ sp jain,"logistic regression, predictive modeling, sas, statistical modeling...",4,8,"logistic regression, predictive modeling, sas, statistical modeling...",2.11
ms dynamics crm administrator,"ms dynamics crm, office skills, production support..., technical support",4,8,"ms dynamics crm, office skills, production support..., technical support",2.11
financial analyst/ senior financial analyst,"budgeting, financial analysis, financial planning, variance analysis...",4,8,"budgeting, financial analysis, financial planning, variance analysis...",2.11
financial model development: leading financial service firm: bangalore,"corporate finance, regression analysis, sql, statistical modeling...",4,8,"corporate finance, regression analysis, sql, statistical modeling...",2.11
financial planning & analyst (fp&a,"budgeting, finance, financial analysis, financial planning...",4,8,"budgeting, finance, financial analysis, financial planning...",2.11
senior analyst - operation - algorithm & investment management - data,"capacity planning..., metrics, networking, software product development",4,8,"capacity planning..., metrics, networking, software product development",2.11
tableau data analyst,"business analysis, business intelligence, presales..., project management",4,8,"business analysis, business intelligence, presales..., project management",2.11
assistant manager procurement,"contract management, it procurement, market analysis..., monitoring",4,8,"contract management, it procurement, market analysis..., monitoring",2.11
assistant manager- business research - tmt sector,"business research, project management..., research, strategy consulting",4,8,"business research, project management..., research, strategy consulting",2.11
assistant manager- quantitative research & modeling - insurance,"finance..., investment strategies, qualitative, quantitative research",4,8,"finance..., investment strategies, qualitative, quantitative research",2.11
assistant manager/ manager - business analytics - nbfc,"advanced analytics, business analytics, business planning, machine learning...",4,8,"advanced analytics, business analytics, business planning, machine learning...",2.11
system analyst,"application support, communication, problem solving, software support...",4,8,"application support, communication, problem solving, software support...",2.11
hr business partner - startup,"hr, performance management, talent acquisition, training...",4,8,"hr, performance management, talent acquisition, training...",2.11
hr counselor for training institute immediate needed,"counselling, hr, hr generalist, training",4,8,"counselling, hr, hr generalist, training",2.11
assistant marketing manager- plum,"data analytics..., digital marketing, excel, marketing management",4,8,"data analytics..., digital marketing, excel, marketing management",2.11
lead/ head - product management - ecommerce - iit/ nit/ iim/ xlri/ fms,"customer acquisition..., customer experience, iim, web analytics",4,8,"customer acquisition..., customer experience, iim, web analytics",2.11
lead/senior/junior research analyst - healthcare/commodities,"finance, investment research, portfolio management..., research analysis",4,8,"finance, investment research, portfolio management..., research analysis",2.11
looking for adwords expert @ wns,"campaign management, campaigns, google adwords, strategy",4,8,"campaign management, campaigns, google adwords, strategy",2.11
looking for business assistant-corporate travel,"business analysis..., organizing, problem solving, reporting",4,8,"business analysis..., organizing, problem solving, reporting",2.11
systems analyst - jira/confluence - contract,"oracle, sharepoint, software development life cycle..., sql server",4,8,"oracle, sharepoint, software development life cycle..., sql server",2.11
senior analytics consultant,"client engagement..., data analytics, excel powerpoint, team management",4,8,"client engagement..., data analytics, excel powerpoint, team management",2.11
"consultant,supply chain analytics","big data analytics, logistics, predictive analytics..., sql",4,8,"big data analytics, logistics, predictive analytics..., sql",2.11
consultant/am/manager - internal audit - ca - bfs,"accounting standards, auditing..., internal audit, sox compliance",4,8,"accounting standards, auditing..., internal audit, sox compliance",2.11
fresher - analytics,"analytics, machine learning, python, sql",4,8,"analytics, machine learning, python, sql",2.11
microsoft power bi developer - data visualization & analysis,"data analysis, data visualization, microsoft power bi developer, power bi...",4,8,"data analysis, data visualization, microsoft power bi developer, power bi...",2.11
mis/data analyst,"data analysis, information technology..., management information system, mis",4,8,"data analysis, information technology..., management information system, mis",2.11
model development,"machine learning, regression analysis, sql, statistical modeling...",4,8,"machine learning, regression analysis, sql, statistical modeling...",2.11
strategy & operations role - mbbs + mba,"healthcare operations, medical, strategic planning..., team management",4,8,"healthcare operations, medical, strategic planning..., team management",2.11
strategy assistant to founder/chairman - iim/isb/mdi/fms,"corporate strategy, executive assistant, marketing..., strategy assistant",4,8,"corporate strategy, executive assistant, marketing..., strategy assistant",2.11
strategy consultant,"business development, marketing, primary research, research analysis...",4,8,"business development, marketing, primary research, research analysis...",2.11
senior analyst - listed derivatives reconciliation,"communication skills, derivatives..., finance, financial services",4,8,"communication skills, derivatives..., finance, financial services",2.11
associate - asset management - strategy & algorithm - high frequency,".net, high frequency trading, machine learning, quantitative analysis...",4,8,".net, high frequency trading, machine learning, quantitative analysis...",2.11
consultant/senior consultant - market research,"factor analysis..., market research, project management, quantitative research",4,8,"factor analysis..., market research, project management, quantitative research",2.11
consultant - immunology / biosimilars,"business growth..., business strategy, clinical development, life sciences",4,8,"business growth..., business strategy, clinical development, life sciences",2.11
senior associate - corporate strategy,"corporate strategy, finance, strategic planning..., strategy consulting",4,8,"corporate strategy, finance, strategic planning..., strategy consulting",2.11
senior audit specialist,"business development, project management..., qualitative analysis, strategy",4,8,"business development, project management..., qualitative analysis, strategy",2.11
general manager (it,"data center management, it infrastructure, it management, it operations...",4,8,"data center management, it infrastructure, it management, it operations...",2.11
general manager - civil,"bar bending schedule..., client billing, construction, cost estimation",4,8,"bar bending schedule..., client billing, construction, cost estimation",2.11
walk-in for executive/ senior executive (research,"online research..., research analyst, research associate, research executive",4,8,"online research..., research analyst, research associate, research executive",2.11
media/ pharma internal audit ca/mba - big 4- mumbai,"auditing..., enterprise risk management, internal audit, sox 404",4,8,"auditing..., enterprise risk management, internal audit, sox 404",2.11
microsoft azure machine learning,"analytics, business process..., machine learning, manager quality assurance",4,8,"analytics, business process..., machine learning, manager quality assurance",2.11
fintech commercial credit risk analyst rating underwriter structuring,"credit analysis, credit appraisal, credit rating..., credit risk",4,8,"credit analysis, credit appraisal, credit rating..., credit risk",2.11
survey programmer (confirmit) - bangalore location,"confirm it, confirmit, survey programmer, survey programming",4,8,"confirm it, confirmit, survey programmer, survey programming",2.11
sr. wealth rm mnc bank - mumbai,"hni client handling, mutual funds..., portfolio management, sales",4,8,"hni client handling, mutual funds..., portfolio management, sales",2.11
sr.data analyst/data analyst,"data analysis, data analytics, data governance..., data steward",4,8,"data analysis, data analytics, data governance..., data steward",2.11
looking mgr business analyst for analytics product,"advanced excel..., business analysis, sales analytics, sas",4,8,"advanced excel..., business analysis, sales analytics, sas",2.11
lead wealth management - digital,"analytics, customer focus, pricing, wealth management",4,8,"analytics, customer focus, pricing, wealth management",2.11
hiring for manager -supply chain operations,"daily operations..., data analysis, data modeling, supply chain operations",4,8,"daily operations..., data analysis, data modeling, supply chain operations",2.11
hiring for non voice process - salary 3 lakhs,"communication skills..., international bpo, kpo, marketing communication",4,8,"communication skills..., international bpo, kpo, marketing communication",2.11
senior avp - model development - bank - iim/ mdi/ isb,"analytics, banking, model development, people management skills...",4,8,"analytics, banking, model development, people management skills...",2.11
senior business analysis & intelligence consultant,"business analysis, data analytics..., sales analytics, use cases",4,8,"business analysis, data analytics..., sales analytics, use cases",2.11
senior business analyst - it,"business analysis..., communication skills, data migration, detailing",4,8,"business analysis..., communication skills, data migration, detailing",2.11
cofounder - marketing,"advertising, crm..., marketing communication, online marketing",4,8,"advertising, crm..., marketing communication, online marketing",2.11
coimpact investment leader,"assessment..., financial analysis, financial impact, market research",4,8,"assessment..., financial analysis, financial impact, market research",2.11
computer operator,"marketing, people management skills..., product analysis, sales",4,8,"marketing, people management skills..., product analysis, sales",2.11
senior business analyst - sas/model development/analytics - kpo,"advanced excel, business analysis..., customer segmentation, sql",4,8,"advanced excel, business analysis..., customer segmentation, sql",2.11
"staff engineer, r&d engineering","data analysis, material science, nand flash..., statistical analysis",4,8,"data analysis, material science, nand flash..., statistical analysis",2.11
it operations delivery manager,"apm, appdynamics..., it operations delivery manager, splunk",4,8,"apm, appdynamics..., it operations delivery manager, splunk",2.11
strategic trends advisor,"competitive intelligence, data analytics, market research, qualitative...",4,8,"competitive intelligence, data analytics, market research, qualitative...",2.11
career opportunity for sr. consultant_retail banking analytics_mumbai,"business analytics, linear regression..., sales support, sas",4,8,"business analytics, linear regression..., sales support, sas",2.11
"zonal sales (planning & analytics) manager-west & north,mumbai & delhi","business development, sales development, sales planning, zonal...",4,8,"business development, sales development, sales planning, zonal...",2.11
senior business intelligence analyst,"business intelligence analyst, data analysis, data analytics..., healthcare",4,8,"business intelligence analyst, data analysis, data analytics..., healthcare",2.11
strategy consultant/project leader - iim/isb/mdi/fms,"b2b..., business development, strategic planning, strategy consulting",4,8,"b2b..., business development, strategic planning, strategy consulting",2.11
clinical trial manager,"clinical research, clinical trials..., ich - gcp guidelines, pharmacovigilance",4,8,"clinical research, clinical trials..., ich - gcp guidelines, pharmacovigilance",2.11
marketo specialist/expert,"campaigns, global marketing, marketing automation..., marketing programs",4,8,"campaigns, global marketing, marketing automation..., marketing programs",2.11
matlab developer,"developer, matlab, matlab developer, software developer",4,8,"developer, matlab, matlab developer, software developer",2.11
matlab programmer and scientific computing,"artificial intelligence, machine learning, mathematics..., matlab",4,8,"artificial intelligence, machine learning, mathematics..., matlab",2.11
media manager - digital planning - internet/online,"data management, digital planning, media manager, media planning...",4,8,"data management, digital planning, media manager, media planning...",2.11
functional audit consultant,"finance, financial auditing, process compliance..., project management",4,8,"finance, financial auditing, process compliance..., project management",2.11
functional consultant - erp,"customer management, gap analysis, issue resolution..., team management",4,8,"customer management, gap analysis, issue resolution..., team management",2.11
associate analyst- data and opex,"advanced analytics, data manipulation..., machine learning, sql",4,8,"advanced analytics, data manipulation..., machine learning, sql",2.11
associate director / director - credit & operations,"credit operations..., customer service delivery, mba finance, underwriting",4,8,"credit operations..., customer service delivery, mba finance, underwriting",2.11
associate director-business development,"business development management, it sales, marketing, strategic alliances...",4,8,"business development management, it sales, marketing, strategic alliances...",2.11
associate hr reporting,"accounting, hr reporting, internal control, variance analysis...",4,8,"accounting, hr reporting, internal control, variance analysis...",2.11
"associate lead software engineer (java, hadoop","computer science, continuous improvement..., healthcare, web services",4,8,"computer science, continuous improvement..., healthcare, web services",2.11
hiring for web analytics specialist for and australian mnc,"dtm..., google analytics, web analytics, web technologies",4,8,"dtm..., google analytics, web analytics, web technologies",2.11
hiring revenue manager for the oberoi group of hotels,"monthly reports, revenue management, revenue manager, yield management...",4,8,"monthly reports, revenue management, revenue manager, yield management...",2.11
manager - analytics - consumer electronics,"campaign analytics, marketing automation, project management, sas...",4,8,"campaign analytics, marketing automation, project management, sas...",2.11
lte enodeb developers,"data analytics, data cleansing, data reporting, troubleshooting skills...",4,8,"data analytics, data cleansing, data reporting, troubleshooting skills...",2.11
manager - analytics - online/ecommerce - iit/iim/isb/isi/iift,"digital marketing, e - commerce..., promotions, segmentation",4,8,"digital marketing, e - commerce..., promotions, segmentation",2.11
associate / manager - statistical modeling & quantitative research,"data analytics, excel powerpoint, quantitative research..., sas",4,8,"data analytics, excel powerpoint, quantitative research..., sas",2.11
associate analyst,"internet marketing..., keyword research, link building, seo analysis",4,8,"internet marketing..., keyword research, link building, seo analysis",2.11
functional consultants - general insurance - allianz technology india,"business analysis, general insurance, p&c..., techno functional",4,8,"business analysis, general insurance, p&c..., techno functional",2.11
senior consultant - healthcare,"primary..., project leading, project management, stakeholder management",4,8,"primary..., project leading, project management, stakeholder management",2.11
senior consultant - sas - bfsi domain - iit/iim/isi,"analytics, consultant - sas, consulting, sas",4,8,"analytics, consultant - sas, consulting, sas",2.11
senior data analyst - quantum,"data analysis, data validation, quantum, spss",4,8,"data analysis, data validation, quantum, spss",2.11
chief executive officer - investment management firm - iit/iim/isb,"business administration, corporate strategy, finance, risk analysis...",4,8,"business administration, corporate strategy, finance, risk analysis...",2.11
chief financial officer - foods,"finance, financial accounting, financial analysis..., financial statements",4,8,"finance, financial accounting, financial analysis..., financial statements",2.11
chief researcher,"market research, research, research analyst, web technologies",4,8,"market research, research, research analyst, web technologies",2.11
client partner/ demand generation executive (night shift,"cold calling, field sales, lead generation, market research...",4,8,"cold calling, field sales, lead generation, market research...",2.11
senior data analyst / team leader - analytics with cross-tab group,"clustering..., data analysis, predictive analytics, predictive modeling",4,8,"clustering..., data analysis, predictive analytics, predictive modeling",2.11
category head (dgm) - fmcg,"consumer insights, market research..., sales, trade marketing",4,8,"consumer insights, market research..., sales, trade marketing",2.11
ccar unsecured model implementation and validation,"analytics, consulting, forecasting..., production manager",4,8,"analytics, consulting, forecasting..., production manager",2.11
general manager sales & marketing,"brand management..., consumer insights, marketing strategy, sales strategy",4,8,"brand management..., consumer insights, marketing strategy, sales strategy",2.11
client service executive,"client relationship, client servicing, lead generation executive..., sales",4,8,"client relationship, client servicing, lead generation executive..., sales",2.11
manager/sr manager branding,"advertising, brand communication..., brand management, marketing communication",4,8,"advertising, brand communication..., brand management, marketing communication",2.11
manual tester - insurance domain,"automation testing, general insurance..., manual testing, mobile testing",4,8,"automation testing, general insurance..., manual testing, mobile testing",2.11
market analyst - business development - iot enterprise solutions,"business development, digital marketing, lead generation..., sales",4,8,"business development, digital marketing, lead generation..., sales",2.11
market research @ gurgaon ( textile industry,"market research, qualitative..., quantitative research, secondary research",4,8,"market research, qualitative..., quantitative research, secondary research",2.11
marketing & sales analyst,"business operations..., marketing, product placement, sales analysis",4,8,"business operations..., marketing, product placement, sales analysis",2.11
marketing analyst ii traveltriangle,"marketing analysis, marketing analyst, product development, sql...",4,8,"marketing analysis, marketing analyst, product development, sql...",2.11
marketing analytics for mumbai - andheri east,"marketing analysis, marketing analytics, sales analytics, sql queries...",4,8,"marketing analysis, marketing analytics, sales analytics, sql queries...",2.11
cfs senior analyst senior,"financial research, qualitative, quantitative research..., research analysis",4,8,"financial research, qualitative, quantitative research..., research analysis",2.11
sr. online marketing manager,"internet marketing, link building..., online marketing, seo analysis",4,8,"internet marketing, link building..., online marketing, seo analysis",2.11
sr. research analyst - retail / media & entertainment industry,"bloomberg, market analysis, market intelligence..., research analysis",4,8,"bloomberg, market analysis, market intelligence..., research analysis",2.11
sr. sas consultant/practice head,"analytics, base sas, relationship management..., team management",4,8,"analytics, base sas, relationship management..., team management",2.11
account receivable (ar) executive,"accounting, accounts receivable, ar, health insurance",4,8,"accounting, accounts receivable, ar, health insurance",2.11
manager/sr manager - credit (commodity finance,"credit analysis..., credit analyst, credit appraisal, credit manager",4,8,"credit analysis..., credit analyst, credit appraisal, credit manager",2.11
general manager - product management,"competitive analysis, market research, marketing, product management...",4,8,"competitive analysis, market research, marketing, product management...",2.11
general manager - product management - premium institute,"competitive analysis, market research, marketing, product management...",4,8,"competitive analysis, market research, marketing, product management...",2.11
manager - analytics - model development - credit card domain,"analytics, manager - analytics, model development, strategy development...",4,8,"analytics, manager - analytics, model development, strategy development...",2.11
sr. data stage administrator - highly reputed us mnc,"data analysis, data management, data processing, data stage administrator...",4,8,"data analysis, data management, data processing, data stage administrator...",2.11
associate manager commercial,"accounting, advanced excel, budget management, mis reporting...",4,8,"accounting, advanced excel, budget management, mis reporting...",2.11
sr. hr business partner,"analytics, business strategy..., change management, performance management",4,8,"analytics, business strategy..., change management, performance management",2.11
channel market research,"analytical skills..., market research, qualitative research, sales support",4,8,"analytical skills..., market research, qualitative research, sales support",2.11
chemist,"chemist, qc chemist, quality analyst, tester",4,8,"chemist, qc chemist, quality analyst, tester",2.11
senior digital marketing executive/expert,"digital marketing, marketing campaigns, roi..., social media",4,8,"digital marketing, marketing campaigns, roi..., social media",2.11
senior engineer- power system analysis and grid integration,"application engineering..., data analysis, power system, transmission planning",4,8,"application engineering..., data analysis, power system, transmission planning",2.11
senior engineer/ staff/ senior staff - rtl/gds design,"b.tech, design engineering..., design verification, signal integrity",4,8,"b.tech, design engineering..., design verification, signal integrity",2.11
senior etl developer - talend,"data integration, data modeling, data warehousing..., sql queries",4,8,"data integration, data modeling, data warehousing..., sql queries",2.11
senior exploit and vulnerability researcher,"analytical skills, communication skills, problem solving..., team skills",4,8,"analytical skills, communication skills, problem solving..., team skills",2.11
senior financial analyst - corporate accounting,"corporate accounting, finance, financial auditing, us gaap...",4,8,"corporate accounting, finance, financial auditing, us gaap...",2.11
category analyst,"category management, demand forecasting, supply chain, tender analysis",4,8,"category management, demand forecasting, supply chain, tender analysis",2.11
manager - business development - internet/ online,"..., business development management, marketing automation, sales presentations",4,8,"..., business development management, marketing automation, sales presentations",2.11
manager - business development - internet/online,"business development management, events, marketing automation, strategy...",4,8,"business development management, events, marketing automation, strategy...",2.11
manager - ccar modeling - retail banking,"ccar modeling, ccar..., manager - ccar modeling, modeling",4,8,"ccar modeling, ccar..., manager - ccar modeling, modeling",2.11
genpact adobe analytics immediate joinee direct walk-in,"adobe analytics, digital marketing, e - commerce..., strategy",4,8,"adobe analytics, digital marketing, e - commerce..., strategy",2.11
hiring for big data technical consultant - cummins india limited,"big data, data processing, design development, hadoop",4,8,"big data, data processing, design development, hadoop",2.11
associate/ senior associate - business analysis/ consulting,"consulting, direct marketing, marketing initiatives, wealth management...",4,8,"consulting, direct marketing, marketing initiatives, wealth management...",2.11
associate/senior associate- billing,"billing, invoice processing, preparing invoices, preparing reconciliation...",4,8,"billing, invoice processing, preparing invoices, preparing reconciliation...",2.11
"sr researcher, primary research","cluster analysis, factor analysis, multivariate analysis..., sas",4,8,"cluster analysis, factor analysis, multivariate analysis..., sas",2.11
senior fundamental equity research,"datastream..., equity research, financial modelling, fundamental analysis",4,8,"datastream..., equity research, financial modelling, fundamental analysis",2.11
buyer,"buyer..., hospitality management, hotel management, resorts management",4,8,"buyer..., hospitality management, hotel management, resorts management",2.11
c and c developer - senior software engineer,"computer science, data structures, instrumentation..., windows",4,8,"computer science, data structures, instrumentation..., windows",2.11
growth manager - seo,"content strategy, on - page optimization, people management..., seo",4,8,"content strategy, on - page optimization, people management..., seo",2.11
acn - digital - analytics - fs analytics,"account management, financial services, logistics, operations research...",4,8,"account management, financial services, logistics, operations research...",2.11
manager/senior manager - od & learning & development - it - xlri/tiss,"hr, performance management, succession planning..., training need analysis",4,8,"hr, performance management, succession planning..., training need analysis",2.11
manager/senior manager - python/analytics - insurance domain,"insurance analytics, model development, project management, strategy...",4,8,"insurance analytics, model development, project management, strategy...",2.11
manager/senior manager - revenue & pricing,"b2b sales, inventory management, pricing strategy..., revenue management",4,8,"b2b sales, inventory management, pricing strategy..., revenue management",2.11
sr analyst (business analytics department,"advanced access, advanced excel..., advanced macros, business analytics",4,8,"advanced access, advanced excel..., advanced macros, business analytics",2.11
sr analyst/ associate consultant [ am ] - r&a,"client management, consulting..., project management, scope",4,8,"client management, consulting..., project management, scope",2.11
sr manager/dgm project finance,"finance, financial analysis, financial modelling, project appraisal...",4,8,"finance, financial analysis, financial modelling, project appraisal...",2.11
sr wealth / portfolio manager - mumbai /pune leading mnc bank,"investment advisory, relationship management..., sales, wealth management",4,8,"investment advisory, relationship management..., sales, wealth management",2.11
associate vice president - analytics consulting/management consulting,"advanced analytics, project planning..., site management, team management",4,8,"advanced analytics, project planning..., site management, team management",2.11
campaign manager - bpo/ites,"b2b, integrated marketing, marketing campaigns, web analysis...",4,8,"b2b, integrated marketing, marketing campaigns, web analysis...",2.11
senior investment analyst - renewable energy,"deal structuring, finance, financial modelling, investment analysis...",4,8,"deal structuring, finance, financial modelling, investment analysis...",2.11
senior level role : projects and transitions- credit,"client servicing, commercial lending, service excellence..., team handling",4,8,"client servicing, commercial lending, service excellence..., team handling",2.11
head - collections - bfsi,"collections process, collections strategy, recovery, risk analytics...",4,8,"collections process, collections strategy, recovery, risk analytics...",2.11
manager-research and data analyst,"data analysis, data management..., primary, secondary research",4,8,"data analysis, data management..., primary, secondary research",2.11
google adwords expert,"google adwords, google analytics, pay per click..., ppc",4,8,"google adwords, google analytics, pay per click..., ppc",2.11
google cloud architect,"java..., solution architecture, technical architecture, technical sales",4,8,"java..., solution architecture, technical architecture, technical sales",2.11
gpm-leading pharma co- tb care respi-mumbai,"brand strategy..., conferences, marketing management, sales management",4,8,"brand strategy..., conferences, marketing management, sales management",2.11
senior manager - digital supply chain solutions with analytics & iot,"analytics..., iot, logistics management, warehouse management",4,8,"analytics..., iot, logistics management, warehouse management",2.11
associate vice president - technical architect,"java, quality improvement..., spring, technical architecture",4,8,"java, quality improvement..., spring, technical architecture",2.11
manager - analytics and insights,"campaign management..., database marketing, digital marketing, email marketing",4,8,"campaign management..., database marketing, digital marketing, email marketing",2.11
accenture is hiring for analyst ( investment banking,"equity market, investment banking, securities market..., stock market",4,8,"equity market, investment banking, securities market..., stock market",2.11
senior manager - etrm front office,"etrm..., front office, software development methodologies, waterfall",4,8,"etrm..., front office, software development methodologies, waterfall",2.11
"senior manager - las, coe - nbfc","data analysis, policy, retail loan, risk assessment",4,8,"data analysis, policy, retail loan, risk assessment",2.11
hiring for analytics sme from bangalore to kolkata location,"analytics, regression, statistical modeling, variable reduction...",4,8,"analytics, regression, statistical modeling, variable reduction...",2.11
senior manager - persistency - renewal collections - life insurance,"collections, renewal collections, strategy management, strategy...",4,8,"collections, renewal collections, strategy management, strategy...",2.11
business intelligence data analyst- leading company - mumbai,"bi, big data analytics, business analytics, business intelligence",4,8,"bi, big data analytics, business analytics, business intelligence",2.11
business intelligence manager - finance (10-12 yrs,"consolidation..., financial accounting, financial management, mba finance",4,8,"consolidation..., financial accounting, financial management, mba finance",2.11
business manager-bi & analytics,"business management, p&l, planning, strategy",4,8,"business management, p&l, planning, strategy",2.11
"business marketing head , delhi/ncr","business marketing, business mktg, planning mktg..., strategy mktg",4,8,"business marketing, business mktg, planning mktg..., strategy mktg",2.11
business operations consultant - rpa,"business operations, operational excellence, strategy, value stream mapping...",4,8,"business operations, operational excellence, strategy, value stream mapping...",2.11
business planning analyst,"business planning..., data analysis, hp software, process improvement",4,8,"business planning..., data analysis, hp software, process improvement",2.11
business strategy_manager_ecommerce_bangalore,"business development, business planning..., business strategy, planning",4,8,"business development, business planning..., business strategy, planning",2.11
senior manager - sas + predictive modelling,"base sas, linear regression, predictive modeling, segmentation...",4,8,"base sas, linear regression, predictive modeling, segmentation...",2.11
manager - digital marketing - hair care domain - fmcg,"brand campaigns..., digital marketing, mobile marketing, search marketing",4,8,"brand campaigns..., digital marketing, mobile marketing, search marketing",2.11
manager - field/trade marketing - fmcg/food/beverages,"field marketing, marketing, marketing budget management..., trade marketing",4,8,"field marketing, marketing, marketing budget management..., trade marketing",2.11
avp - financial planning & analysis - ca/iim/isb/md,"finance, financial planning, information analysis..., revenue planning",4,8,"finance, financial planning, information analysis..., revenue planning",2.11
avp pre-sales & solutions,"interpersonal skills..., presales, presentation skills, sales support",4,8,"interpersonal skills..., presales, presentation skills, sales support",2.11
avp/ senior manager- fund administration (private equity,"fund administration, hedge funds..., portfolio management, private equity",4,8,"fund administration, hedge funds..., portfolio management, private equity",2.11
avp/ senior manager- project finance- topmost infrastructure developer,"financial analysis..., financial modelling, project appraisal, project finance",4,8,"financial analysis..., financial modelling, project appraisal, project finance",2.11
"sr principal engineer, sw - adas algorithm","computer vision, deep learning, software architecture..., training analysis",4,8,"computer vision, deep learning, software architecture..., training analysis",2.11
spark developer at hyderabad,"backend developer, software development, software engineering..., spark",4,8,"backend developer, software development, software engineering..., spark",2.11
specialist - data science,"data science, data science programming, r..., specialist - data science",4,8,"data science, data science programming, r..., specialist - data science",2.11
specialized analytics senior manager,"big data, corporate banking, machine learning..., trade finance",4,8,"big data, corporate banking, machine learning..., trade finance",2.11
spinning maintenance manager/ sr. manager,"maintenance management, problem solving, ring frame..., technical analysis",4,8,"maintenance management, problem solving, ring frame..., technical analysis",2.11
hiring for equity research role in financial services,"dcf, equity research, financial modelling, relative valuation...",4,8,"dcf, equity research, financial modelling, relative valuation...",2.11
manager - credit strategy - credit card domain,"banking analytics, credit card domain, credit risk, ms office...",4,8,"banking analytics, credit card domain, credit risk, ms office...",2.11
senior manager - technology consulting/project management,"b2c, cross functional coordination, project management..., team management",4,8,"b2c, cross functional coordination, project management..., team management",2.11
senior manager - tender management,"bidding, mis preparation, new product development, verbal communication...",4,8,"bidding, mis preparation, new product development, verbal communication...",2.11
senior manager data scientist,"data analytics, data science, predictive modeling..., statistical modeling",4,8,"data analytics, data science, predictive modeling..., statistical modeling",2.11
senior manager fundraising,"donor acquisition..., financial forecasting, fund raising, ngo",4,8,"donor acquisition..., financial forecasting, fund raising, ngo",2.11
ios lead - objective c,"ios, ios lead, memory management, objective c",4,8,"ios, ios lead, memory management, objective c",2.11
inventory manager - category management - ecommerce - iim/iit/isb/bits,"campaign planning, category management, e - commerce..., marketing",4,8,"campaign planning, category management, e - commerce..., marketing",2.11
senior qa analyst,"data analytics, senior qa analyst, senior qa engineer, sql queries...",4,8,"data analytics, senior qa analyst, senior qa engineer, sql queries...",2.11
senior quality assurance engineer - selenium/appium,"appium, quality assurance engineering, regression testing, selenium...",4,8,"appium, quality assurance engineering, regression testing, selenium...",2.11
"senior quantitative analyst, gartner research & advisory","data analysis, data analytics, data visualization, statistical modeling...",4,8,"data analysis, data analytics, data visualization, statistical modeling...",2.11
senior manager - media & digital - research & consumer insights firm,"consumer insights, market research, nielsen..., service sales",4,8,"consumer insights, market research, nielsen..., service sales",2.11
business development manager - police / forensic lab,"business development management, cyber security, forensic..., sales",4,8,"business development management, cyber security, forensic..., sales",2.11
business development manager- dm services,"business development..., excel powerpoint, market research, sales",4,8,"business development..., excel powerpoint, market research, sales",2.11
business development manager- franchise business,"competitor analysis, international business, international sales..., marketing",4,8,"competitor analysis, international business, international sales..., marketing",2.11
head - sales & marketing - fintech,"b2b sales, branding, marketing analytics, sales forecasting...",4,8,"b2b sales, branding, marketing analytics, sales forecasting...",2.11
head - sales - farm equipment,"business development, market analysis..., sales forecasting, sales strategy",4,8,"business development, market analysis..., sales forecasting, sales strategy",2.11
manager mis & data analytics || gurgaon|| experience from healthcare,"data analysis..., data analytics, management information system, mis",4,8,"data analysis..., data analytics, management information system, mis",2.11
product manager - web & mobile,"product management, product quality, user stories, web technologies...",4,8,"product management, product quality, user stories, web technologies...",2.11
"manager, software engineering (java","digital marketing, java, software engineering, unit testing...",4,8,"digital marketing, java, software engineering, unit testing...",2.11
manager- project and process re-engineering (us/uk banks,"business analysis, lending..., process re - engineering, project documentation",4,8,"business analysis, lending..., process re - engineering, project documentation",2.11
hcl - python automation testing - 5 to 9 years - noida,"python qa lead..., python test engineer, python test lead, python testing",4,8,"python qa lead..., python test engineer, python test lead, python testing",2.11
hcl is hirng for business analyst for insurance domain,"business analysis, business analyst..., project documentation, uat",4,8,"business analysis, business analyst..., project documentation, uat",2.11
head - b2b sales - sme/msme - nbfc,"b2b sales, performance management..., team handling, team management",4,8,"b2b sales, performance management..., team handling, team management",2.11
avp insurance analytics/ avp analytics( retail / telecom) for gurgaon,"data analytics, insurance analytics, predictive analytics, sas...",4,8,"data analytics, insurance analytics, predictive analytics, sas...",2.11
manager - hr analytics - financial services,"finance..., hr analytics, human resource management, investment banking",4,8,"finance..., hr analytics, human resource management, investment banking",2.11
walk-in for senior document specialist/presentation specialist,"document specialist..., powerpoint presentation, pptp, presentation",4,8,"document specialist..., powerpoint presentation, pptp, presentation",2.11
manager - inside sales (us market) - noida,"business development, inbound sales, lead generation, outbound sales...",4,8,"business development, inbound sales, lead generation, outbound sales...",2.11
manager - investment banking - tmt sector - iit/iim,"financial modelling, pitch books, relative valuation, valuation analysis...",4,8,"financial modelling, pitch books, relative valuation, valuation analysis...",2.11
manager - m&a integration/financial transformation,"corporate finance, financial analysis, financial transformation, mba...",4,8,"corporate finance, financial analysis, financial transformation, mba...",2.11
hgs looking for seo executive-bangalore,"google webmaster tools, link building, off - page optimization..., seo writing",4,8,"google webmaster tools, link building, off - page optimization..., seo writing",2.11
hil test engineer / test lead,"dspace, ecu, hil, test engineering",4,8,"dspace, ecu, hil, test engineering",2.11
solutions delivery manager- clinical trials,"clinical data management, clinical trials, pharma, technology solutions...",4,8,"clinical data management, clinical trials, pharma, technology solutions...",2.11
avp - market research - automotive/semi-conductor/technology,"data analysis, market research, primary research, process planning...",4,8,"data analysis, market research, primary research, process planning...",2.11
business finance analyst- on contract @ flipkart bangalore,"budgeting, business finance, financial planning, forecasting...",4,8,"budgeting, business finance, financial planning, forecasting...",2.11
business finance partner,"analysis..., business finance, business rules, financial control",4,8,"analysis..., business finance, business rules, financial control",2.11
senior msbi developer,"dw, msbi, ssas, ssrs",4,8,"dw, msbi, ssas, ssrs",2.11
senior network engineer,"hardware, network engineering, networking, troubleshooting...",4,8,"hardware, network engineering, networking, troubleshooting...",2.11
senior product manager/ associate director products- premium institute,"customer research..., machine learning, natural language processing, sales",4,8,"customer research..., machine learning, natural language processing, sales",2.11
"senior project manager, manager information technology","pmp, project governance..., project management, project tracking",4,8,"pmp, project governance..., project management, project tracking",2.11
senior python developer,"keyword research..., python, search engine optimization, seo analysis",4,8,"keyword research..., python, search engine optimization, seo analysis",2.11
azure architect,"architect, azure, cloud, iot",4,8,"architect, azure, cloud, iot",2.11
ba with mdm skill,"ba, business analyst, master data management, mdm",4,8,"ba, business analyst, master data management, mdm",2.11
software research engineer,"architectural design..., data analytics, machine learning, software design",4,8,"architectural design..., data analytics, machine learning, software design",2.11
software tester - manual & automation testing,"automation testing..., regression testing, test cases, test execution",4,8,"automation testing..., regression testing, test cases, test execution",2.11
solution analyst (osc) - osi pi / rt duet,"plant maintenance..., project management, scope, technical architecture",4,8,"plant maintenance..., project management, scope, technical architecture",2.11
senior risk analyst - cat modelling,"business analytics..., data analytics, risk analytics, risk management",4,8,"business analytics..., data analytics, risk analytics, risk management",2.11
business analyst- srl bangalore,"budgeting, business analysis, finance, senior management...",4,8,"budgeting, business analysis, finance, senior management...",2.11
business analyst-financial modelling,"banking, finance, financial projections, senior management",4,8,"banking, finance, financial projections, senior management",2.11
business analytics,"business analytics, market data, power bi, strategic planning",4,8,"business analytics, market data, power bi, strategic planning",2.11
business analytics manager,"business research, competitive analysis..., finance, industry analysis",4,8,"business research, competitive analysis..., finance, industry analysis",2.11
manager business intelligence,"business analysis, business intelligence, data visualization, etl...",4,8,"business analysis, business intelligence, data visualization, etl...",2.11
manager crm (customer relationship management,"customer loyalty, customer retention..., customer reward, loyalty programs",4,8,"customer loyalty, customer retention..., customer reward, loyalty programs",2.11
manager demand planning,"demand planning, forecasting, inventory control, supply planning...",4,8,"demand planning, forecasting, inventory control, supply planning...",2.11
head - digital marketing & strategy - internet/ online,"branding, digital marketing, marketing strategy..., online marketing",4,8,"branding, digital marketing, marketing strategy..., online marketing",2.11
head - digital marketing & strategy - internet/online,"branding, digital marketing, marketing strategy..., online marketing",4,8,"branding, digital marketing, marketing strategy..., online marketing",2.11
manager - financial control at bangalore,"corporate accounting, finance, financial control..., taxation",4,8,"corporate accounting, finance, financial control..., taxation",2.11
business analyst / product manager,"business analysis, consulting, product management, sales",4,8,"business analysis, consulting, product management, sales",2.11
senior sw engineer - it,"data integration, data modeling, sql, supply chain planning...",4,8,"data integration, data modeling, sql, supply chain planning...",2.11
head - enterprise sales,"enterprise sales, forecasting..., head - enterprise sales, sales",4,8,"enterprise sales, forecasting..., head - enterprise sales, sales",2.11
head - finance - ca - ecommerce startup,"cost accounting, finance control, financial analysis, financial reporting...",4,8,"cost accounting, finance control, financial analysis, financial reporting...",2.11
head - financial planning and analysis for a leading insurance client,"financial analysis, financial planning, fpa, variance analysis",4,8,"financial analysis, financial planning, fpa, variance analysis",2.11
senior security analyst -cdrc,"security analyst, security operations, soc, vulnerability assessment...",4,8,"security analyst, security operations, soc, vulnerability assessment...",2.11
senior security operation analyst,"network protocols..., security operation analyst, security operations, unix",4,8,"network protocols..., security operation analyst, security operations, unix",2.11
wanted - production / process - chemical & pharma industries,"lab analyst, process engineer, production, production engineer...",4,8,"lab analyst, process engineer, production, production engineer...",2.11
senior seo manager(email himanshu@geekassured.com,"ppc, search engine optimization, sem, seo",4,8,"ppc, search engine optimization, sem, seo",2.11
senior software developer - cassandra,"cassandra..., data modeling, data warehousing, software development life cycle",4,8,"cassandra..., data modeling, data warehousing, software development life cycle",2.11
"business analyst,,testing applications,software testing life cycle","business analyst, software functionality..., system engineer, team leader it",4,8,"business analyst, software functionality..., system engineer, team leader it",2.11
business analyst- catalyst services ( reporting & analytics,"analytics, business analysis, business reporting, data quality...",4,8,"analytics, business analysis, business reporting, data quality...",2.11
business analyst- chemicals,"patents, technology landscaping, technology research, technology scouting...",4,8,"patents, technology landscaping, technology research, technology scouting...",2.11
business analyst- generic research,"company profiling, industry reports, primary research..., secondary research",4,8,"company profiling, industry reports, primary research..., secondary research",2.11
software development manager - java,"agile methodology..., java, shipping, software development",4,8,"agile methodology..., java, shipping, software development",2.11
aws engineer l2,"auditing, iam, identity access management, it infrastructure...",4,8,"auditing, iam, identity access management, it infrastructure...",2.11
biotechnology walk in interview,"company profiling, market sizing, primary..., secondary research",4,8,"company profiling, market sizing, primary..., secondary research",2.11
biu - business analyst (abr,"business reporting, sas sql, tableau, technology consulting...",4,8,"business reporting, sas sql, tableau, technology consulting...",2.11
big data analyst - r/python/scripting,"data mining, hadoop, machine learning, statistical modeling...",4,8,"data mining, hadoop, machine learning, statistical modeling...",2.11
head of media and content,"advertising, mobile marketing, promotional strategies..., sales process",4,8,"advertising, mobile marketing, promotional strategies..., sales process",2.11
head of product (b2b,"marketing..., product management, product strategy, sales",4,8,"marketing..., product management, product strategy, sales",2.11
head of product- unified communication,"business analyst, head of product, product management, product manager",4,8,"business analyst, head of product, product management, product manager",2.11
manager - strategy - life insurance,"competitive intelligence, primary..., product marketing, sales",4,8,"competitive intelligence, primary..., product marketing, sales",2.11
manager - talent acquisition - bfs/real estate,"hiring..., manager - talent acquisition, talent acquisition, talent management",4,8,"hiring..., manager - talent acquisition, talent acquisition, talent management",2.11
manager - talent acquisition - ecommerce,"employer branding, hr, recruitment management, talent acquisition...",4,8,"employer branding, hr, recruitment management, talent acquisition...",2.11
manager - talent management - investment firm,"employee engagement, hr, policies..., talent management",4,8,"employee engagement, hr, policies..., talent management",2.11
manager / group manager- study abroad expert,"counselling, overseas education, study abroad, universities...",4,8,"counselling, overseas education, study abroad, universities...",2.11
manager / senior manager - marketing,"brand building, campaigns..., marketing budget, marketing communication",4,8,"brand building, campaigns..., marketing budget, marketing communication",2.11
manager - product marketing - saas/ b2b domain - ecommerce,"content marketing..., digital marketing, google adwords, google analytics",4,8,"content marketing..., digital marketing, google adwords, google analytics",2.11
social media marketing manager (1- 4 years,"smo, social media marketing, social media optimization, web analytics...",4,8,"smo, social media marketing, social media optimization, web analytics...",2.11
big data etl developer,"big data, data warehousing, distribution system..., sql queries",4,8,"big data, data warehousing, distribution system..., sql queries",2.11
workforce management analyst (dialer) - jana bank,"dialer management, inbound, outbound, workforce management...",4,8,"dialer management, inbound, outbound, workforce management...",2.11
manager - rpa - business transformation,"advanced analytics, business transformation, presales, solutioning...",4,8,"advanced analytics, business transformation, presales, solutioning...",2.11
manager - search engine optimization,"content optimisation, google analytics, market research..., seo",4,8,"content optimisation, google analytics, market research..., seo",2.11
business analyst - banking domain,"business analysis, requirement gathering, test scenarios..., user stories",4,8,"business analysis, requirement gathering, test scenarios..., user stories",2.11
it manager (leading mnc manufacturing company,"data governance, information analysis..., it projects, web technologies",4,8,"data governance, information analysis..., it projects, web technologies",2.11
manager - risk & information management,"credit risk management, linear regression, model development, sas...",4,8,"credit risk management, linear regression, model development, sas...",2.11
it recruiter / recruitment specialist / talent acquisition specialist,"non it recruiter, recruiter, recruitment executive..., technical recruiter",4,8,"non it recruiter, recruiter, recruitment executive..., technical recruiter",2.11
principle test engineer- silicon valley bank,"functional testing, manual testing, regression testing..., software testing",4,8,"functional testing, manual testing, regression testing..., software testing",2.11
process executive - voice,"customer support, digital marketing..., outbound, product support",4,8,"customer support, digital marketing..., outbound, product support",2.11
process manager,"market research, process improvement..., process training, research analysis",4,8,"market research, process improvement..., process training, research analysis",2.11
procurement executive (supply chain,"contract negotiations, market research..., procurement, supply chain",4,8,"contract negotiations, market research..., procurement, supply chain",2.11
director - internal audit - ca - big4,"accounting, auditing, internal audit, risk advisory...",4,8,"accounting, auditing, internal audit, risk advisory...",2.11
director - m&a & investor relations - iim/xlri/jbims/sibm/fms/mdi,"financial analysis, financial modeling, investor relations, m&a",4,8,"financial analysis, financial modeling, investor relations, m&a",2.11
site reliability engineer,"devops, devops engineer..., linux administration, unix administration",4,8,"devops, devops engineer..., linux administration, unix administration",2.11
hiring digital marketing analyst | ces ltd - cmmi level 5 | chennai,"digital marketing, search engine marketing, sem..., seo",4,8,"digital marketing, search engine marketing, sem..., seo",2.11
product aiit - enterprise transformation - crm - sap/siebel/ms dynamic,"business consulting, data management, data modeling..., salesforce",4,8,"business consulting, data management, data modeling..., salesforce",2.11
product development / production executive,"pharmaceutical..., product design, product development, production engineering",4,8,"pharmaceutical..., product design, product development, production engineering",2.11
adobe campaign specalist - marketing cloud,"campaign - analytics, campaign data model, campaigns, data modeling",4,8,"campaign - analytics, campaign data model, campaigns, data modeling",2.11
advance analyst - bm,"capital iq..., company profiling, industry research, qualitative",4,8,"capital iq..., company profiling, industry research, qualitative",2.11
head - strategy & customer acquisition - telecom/ media/ fmcg/ online,"business strategy, customer acquisition, data analysis, strategy & customer...",4,8,"business strategy, customer acquisition, data analysis, strategy & customer...",2.11
program project mgmt,"outsourcing..., project planning, solution architecture",3,10,"outsourcing..., project planning, solution architecture",1.97
business development manager - enterprise solutions - bi/crm/saas,"business development management, lead generation..., sales management",3,9,"business development management, lead generation..., sales management",1.78
fs senior analyst senior,"corporate finance, corporate strategy..., financial modelling",3,9,"corporate finance, corporate strategy..., financial modelling",1.78
senior access product manager,"competitive analysis, global sales, product management...",3,9,"competitive analysis, global sales, product management...",1.78
training manager,"behavioural training..., training delivery, training need analysis",3,9,"behavioural training..., training delivery, training need analysis",1.78
opening for agri science specialist-crop protection,"farm management, organic farming, query resolution",3,9,"farm management, organic farming, query resolution",1.78
dis technology analyst - digitial/ecommerce/eai/bpm/services,"design development, development testing, knowledge management...",3,9,"design development, development testing, knowledge management...",1.78
"director, compendial development laboratory","method development, method validation..., project development",3,9,"method development, method validation..., project development",1.78
root cause analyst,"data management, process improvement, root cause analysis...",3,9,"data management, process improvement, root cause analysis...",1.78
payments business analyst,"business analysis, it services..., strong analytical skills",3,9,"business analysis, it services..., strong analytical skills",1.78
institutional equity sales professional - apac region,"business development, equity sales, new client acquisition...",3,9,"business development, equity sales, new client acquisition...",1.78
warehouse/depot manager,"3pl, supply chain operations, warehouse management...",3,9,"3pl, supply chain operations, warehouse management...",1.78
corporate sales manager,"business development, corporate sales, sales",3,9,"business development, corporate sales, sales",1.78
manager - information security,"application security testing, information security..., penetration testing",3,9,"application security testing, information security..., penetration testing",1.78
manager scm analytics - supply chain analytics @ mnc bpo,"analytics, predictive modeling, scm analytics...",3,9,"analytics, predictive modeling, scm analytics...",1.78
senior manager/associate director - mdm architect - analytics firm,"informatica power center..., master data management, mdm architect",3,9,"informatica power center..., master data management, mdm architect",1.78
walk in drive for fixed income settlements profile for analyst,"equity derivatives, investment banking, trade settlements",3,9,"equity derivatives, investment banking, trade settlements",1.78
growth manager @ wheelseye technologies,"business planning..., competitive analysis, strategic planning",3,9,"business planning..., competitive analysis, strategic planning",1.78
cash and accounting(analytics) fico expert,"accounting, fi, fico",3,9,"accounting, fi, fico",1.78
"strategic planning manager , chemical industry , mumbai","business strategy, corporate strategy, strategic planning...",3,9,"business strategy, corporate strategy, strategic planning...",1.78
equity research analyst,"equity research, finance, research analysis...",3,8,"equity research, finance, research analysis...",1.58
digital research specialist,"business research, market research, secondary research",3,8,"business research, market research, secondary research",1.58
php developer,"javascript, jquery, mysql",3,8,"javascript, jquery, mysql",1.58
"corporate recruiter opportunity at ascenthr, bangalore- walk in","corporate hr, recruitment, non it recruiter",3,8,"corporate hr, recruitment, non it recruiter",1.58
brand manager - tea house - iim/ mdi/ isb/ fms,"brand management, integrated marketing, brand communication",3,8,"brand management, integrated marketing, brand communication",1.58
senior manager / manager - model development - banking domain,"manager - model development, model development, strategy development...",3,8,"manager - model development, model development, strategy development...",1.58
assistant manager - application engineering,"application engineering, customer interaction..., r&d engineer",3,7,"application engineering, customer interaction..., r&d engineer",1.38
chartered accountant,"finance, chartered accountant..., general ledger accounting",3,7,"finance, chartered accountant..., general ledger accounting",1.38
institutional equity research analyst - fmcg,"equity research, financial models..., institutional equity research analyst",3,7,"equity research, financial models..., institutional equity research analyst",1.38
tableau,"business process, outsourcing, sql",3,7,"business process, outsourcing, sql",1.38
sw/application tech support practitioner,"outsourcing, analytics, operations",3,7,"outsourcing, analytics, operations",1.38
frontend developer,"javascript, front end, html",3,7,"javascript, front end, html",1.38
business analyst - hyper local startup,"business analysis, business analyst, data mining...",3,7,"business analysis, business analyst, data mining...",1.38
people analytics manager,"manpower management, quantitative analysis",2,10,"manpower management, quantitative analysis",1.32
lead business analyst - fintech,"business analysis, business analytics, collections strategy...",3,6,"business analysis, business analytics, collections strategy...",1.18
"walkin event @ rivera,hiring 4 it help desk/technical support/upto 4l","it helpdesk, technical support, uk shift",3,6,"it helpdesk, technical support, uk shift",1.18
ea to md (mba mandatory,"budget analysis, data analysis, international clients",3,6,"budget analysis, data analysis, international clients",1.18
walk in bde / sales executive - id tech solutions,"business development..., communication skills, corporate sales",3,6,"business development..., communication skills, corporate sales",1.18
walk in interviews -sales & marketing-domestic & international,"cold calling, production planning, sales",3,6,"cold calling, production planning, sales",1.18
walk-in drive for .net developers,"api, asp.net mvc, jquey",3,6,"api, asp.net mvc, jquey",1.18
business analyst (bi/big data)_with onsite opporunity,"business analyst, business intelligence..., requirement gathering",3,6,"business analyst, business intelligence..., requirement gathering",1.18
"business analyst (sql, tableau) - delhi ncr/ hyderabad","business analyst sql, hyderabad multiple locations, tableau - delhi ncr",3,6,"business analyst sql, hyderabad multiple locations, tableau - delhi ncr",1.18
shift operations incharge,"electrical maintenance, electricals, power generation...",3,6,"electrical maintenance, electricals, power generation...",1.18
hiring 4 security operations/ technical analyst/ b2b process/ uk shift,"action plan, security operations, technical analysis",3,6,"action plan, security operations, technical analysis",1.18
manager - marketing analytics - banking domain,"machine learning..., market segmentation, marketing management",3,6,"machine learning..., market segmentation, marketing management",1.18
director - contact center operations,"contact center operations..., corporate marketing, sales process",3,6,"contact center operations..., corporate marketing, sales process",1.18
director - product - it,"product pricing..., product strategy, software product management",3,6,"product pricing..., product strategy, software product management",1.18
product head -insurance,"product training, relationship management..., team management",3,6,"product training, relationship management..., team management",1.18
ad network marketing analyst / affiliate marketing executive,"ad network marketing analyst, affiliate marketing executive, marketing...",3,6,"ad network marketing analyst, affiliate marketing executive, marketing...",1.18
walk-in kdp support analyst role with amazon hyderabad- 02nd november,"communication skills..., customer service management, verbal communication",3,6,"communication skills..., customer service management, verbal communication",1.18
account director,"customer engagement, customer relationship..., key account management",3,6,"customer engagement, customer relationship..., key account management",1.18
investment advisor | hni/ ultra hni clients | finance company,"hni client handling..., market analysis, revenue generation",3,6,"hni client handling..., market analysis, revenue generation",1.18
investment analyst,"financial modelling, investment analysis, presentation skills",3,6,"financial modelling, investment analysis, presentation skills",1.18
advisory_sap hana analytics_bangalore_staff_44,"sap hana, sql scripting for procedures, views...",3,6,"sap hana, sql scripting for procedures, views...",1.18
we are hiring for analyst / jr.analyst,"investment banking, nav calculation, reconciliation",3,6,"investment banking, nav calculation, reconciliation",1.18
account manager - iit/ nit/ bits,"account management, client satisfaction, energy efficiency...",3,6,"account management, client satisfaction, energy efficiency...",1.18
"net technology project manager, taazaa inc. sector 63, noida","analyze design & dev customize apps, asp.net mvc..., tech proposal",3,6,"analyze design & dev customize apps, asp.net mvc..., tech proposal",1.18
assistant general manager,"business development, marketing intelligence..., project sales",3,6,"business development, marketing intelligence..., project sales",1.18
teradata data warehousing engineer - production support,"data warehousing, production engineering..., teradata dba",3,6,"data warehousing, production engineering..., teradata dba",1.18
teradata is looking for engineering manager for hyderabad location,"data structures..., enterprise software, software development",3,6,"data structures..., enterprise software, software development",1.18
cybage software - hiring tableau consultant - pune,"data analysis, tableau, tableau 10",3,6,"data analysis, tableau, tableau 10",1.18
online marketing manager - fintech company - pune,"online marketing..., search engine marketing, social media marketing",3,6,"online marketing..., search engine marketing, social media marketing",1.18
opening fo avp digital marketing -immediate joinee,"digital marketing, seo analysis..., social media marketing",3,6,"digital marketing, seo analysis..., social media marketing",1.18
sales executive,"market research, market segmentation..., sales executive activities",3,6,"market research, market segmentation..., sales executive activities",1.18
sales executive/senior sales executive,"competitive analysis, market research, product presentation...",3,6,"competitive analysis, market research, product presentation...",1.18
technical manager (.net,"project management, technical management..., technology solutions",3,6,"project management, technical management..., technology solutions",1.18
technical product manager,"product management, product marketing, product owner...",3,6,"product management, product marketing, product owner...",1.18
technical specialist: full stack development,"angular2, full stack developer, typescript",3,6,"angular2, full stack developer, typescript",1.18
technical support (voice)(international,"tech support, technical support, technical support executive...",3,6,"tech support, technical support, technical support executive...",1.18
executive/associate marketing and communication,"digital marketing, online marketing..., social media marketing",3,6,"digital marketing, online marketing..., social media marketing",1.18
executive/sr. executive- sales- hiring for an it client in kandivali,"sales executive activities, sales presentations, sales strategy...",3,6,"sales executive activities, sales presentations, sales strategy...",1.18
sap extended warehouse management,"operations..., outsourcing, warehouse management",3,6,"operations..., outsourcing, warehouse management",1.18
manager - modeling - kpo,"forecasting, machine learning, predictive analytics",3,6,"forecasting, machine learning, predictive analytics",1.18
manager - portfolio analytics - nbfc - iit/nit/bits,"analytics..., manager - portfolio analytics, portfolio analytics",3,6,"analytics..., manager - portfolio analytics, portfolio analytics",1.18
servienow reporting and analytics,"analytics, reporting, servicenow",3,6,"analytics, reporting, servicenow",1.18
sfdc developer,"development testing..., operational support, technical skills",3,6,"development testing..., operational support, technical skills",1.18
branch credit manager / credit manager,"branch credit manager, credit manager, credit underwriter...",3,6,"branch credit manager, credit manager, credit underwriter...",1.18
manager - statistical analytics | pvt bank | 1 - 3 years in analytics,"predictive models, statistical analysis, statistical models...",3,6,"predictive models, statistical analysis, statistical models...",1.18
head - trading - mineral - iit/nit/bits/iim,"operations, trading, trading head",3,6,"operations, trading, trading head",1.18
"programmer, warehouse management system","cost analysis..., project planning, warehouse management system",3,6,"cost analysis..., project planning, warehouse management system",1.18
product manager/ senior product manager - startup - iit/nit/bits/nsit,"design engineering, product development..., product management",3,6,"design engineering, product development..., product management",1.18
enterprise mobility suite,"azure ad, enterprise mobility, rms",3,6,"azure ad, enterprise mobility, rms",1.18
principal engineer - technical architect,"root cause analysis..., software design, software development",3,6,"root cause analysis..., software design, software development",1.18
vice president- operations & support services- infra/telecom/oil & gas,"hr, strategic business planning, strategic management...",3,6,"hr, strategic business planning, strategic management...",1.18
product manager (2-6 years,"it product architecture..., product data management, product management",3,6,"it product architecture..., product data management, product management",1.18
product manager - customer engagement,"customer engagement..., marketing automation, product management",3,6,"customer engagement..., marketing automation, product management",1.18
predictive analytics & lead,"incident management..., network operations, predictive analytics",3,6,"incident management..., network operations, predictive analytics",1.18
engagement manager - growth - big data & analytics mnc,"big data analytics..., primary research, secondary research",3,6,"big data analytics..., primary research, secondary research",1.18
digital marketing ex,"digital marketing, digital marketing excutive, marketing campaigns...",3,6,"digital marketing, digital marketing excutive, marketing campaigns...",1.18
service now implementation specialist,"csm, discovery, itom",3,6,"csm, discovery, itom",1.18
senior ui developer,"css, html5, ui development",3,6,"css, html5, ui development",1.18
manager - product marketing,"marketing automation, marketing campaigns..., product marketing",3,6,"marketing automation, marketing campaigns..., product marketing",1.18
big data architect - bi/dw/etl,"enterprise architecture, project management, technical architecture...",3,6,"enterprise architecture, project management, technical architecture...",1.18
bharti airtel ltd.- solution architect role - mumbai,"competitor analysis, enterprise architect..., partner management",3,6,"competitor analysis, enterprise architect..., partner management",1.18
bi engineer /us based mnc / noida,"bi, database, ssis",3,6,"bi, database, ssis",1.18
"software development engineering, professional","application support, flex, lan",3,6,"application support, flex, lan",1.18
senior solution sales executive - analytics,"regional sales, sales management, solution sales...",3,6,"regional sales, sales management, solution sales...",1.18
senior supply chain consultant - sap ecc & apo,"demand planning, logistics, supply network planning...",3,6,"demand planning, logistics, supply network planning...",1.18
"business analyst - operations, reporting & analytics - mnc - 3-8 lpa","business analysis, business analyst, data analysis",3,6,"business analysis, business analyst, data analysis",1.18
senior technical consultant,"account management..., business analysis, client requirement specialist",3,6,"account management..., business analysis, client requirement specialist",1.18
senior technical product manager - product platform - internet /online,"product management..., product manager, senior technical product manager",3,6,"product management..., product manager, senior technical product manager",1.18
manager - model validation - cash equities - python - execution,"cash equities, model validation, monthly reports",3,6,"cash equities, model validation, monthly reports",1.18
pmo lead,"pmo, project management, stakeholder management",3,6,"pmo, project management, stakeholder management",1.18
equity analyst in a life insurance com,"equity analysis, financial modelling, financial statements...",3,6,"equity analysis, financial modelling, financial statements...",1.18
agile coaching,"agile methodology, outsourcing, scrum",3,6,"agile methodology, outsourcing, scrum",1.18
agile delivery management,"agile methodology, outsourcing, scrum",3,6,"agile methodology, outsourcing, scrum",1.18
software engineer (database developer,"database development, postgresql, sql developer",3,6,"database development, postgresql, sql developer",1.18
avp/vp/associate director - real estate advisory - investment bank,"corporate finance, debt syndication..., financial modelling",3,6,"corporate finance, debt syndication..., financial modelling",1.18
azure developer,"hadoop, hive, spark",3,6,"hadoop, hive, spark",1.18
solution architect,"customer service, quality improvement..., technical support",3,6,"customer service, quality improvement..., technical support",1.18
business analyst-aircraft maintenance-abu dhabi,"business analysis..., ms office tools, planning engineering",3,6,"business analysis..., ms office tools, planning engineering",1.18
business analyst/strategy manager,"board conference, business analysis, business intelligence...",3,6,"board conference, business analysis, business intelligence...",1.18
manager / sr.manager - fp&a with mnc (only excel expertise required,"banking, environmental monitoring, finance",3,6,"banking, environmental monitoring, finance",1.18
manager /lead - machine learning/ analytics,"analytics, machine learning, natural language processing...",3,6,"analytics, machine learning, natural language processing...",1.18
manager business development - land acquisitions - real estate group,"analytical skills..., business development management, presentable",3,6,"analytical skills..., business development management, presentable",1.18
project management office,"communication skills, software quality..., verbal communication",3,6,"communication skills, software quality..., verbal communication",1.18
practice leader - cyber security - it,"cloud security, infrastructure security, presentation skills...",3,6,"cloud security, infrastructure security, presentation skills...",1.18
pre-sales bidw bigdata requirement for lti pune,"bi, big data, dw",3,6,"bi, big data, dw",1.18
senior manager - general accounts - ca,"accounts receivable..., corporate finance, general ledger accounting",3,6,"accounts receivable..., corporate finance, general ledger accounting",1.18
solution integration & implementation manager,"customer relationships, data..., solution integration & implementation manager",3,6,"customer relationships, data..., solution integration & implementation manager",1.18
manager - financial planning & analysis,"analysis, budgeting, financial planning",3,6,"analysis, budgeting, financial planning",1.18
head purchase-- medical equipment- multi specialty hospital -kochi,"cost analysis..., purchase vendor development, strategic sourcing",3,6,"cost analysis..., purchase vendor development, strategic sourcing",1.18
avp - marketing strategy - bank,"customer life cycle management..., customer retention, customer service",3,6,"customer life cycle management..., customer retention, customer service",1.18
senior medical writer / key account manager / scientific writer,"medical..., scientific medical writer, senior medical writer",3,6,"medical..., scientific medical writer, senior medical writer",1.18
senior product manager - web & mobile products,"product manager, technical architecture, technical product management...",3,6,"product manager, technical architecture, technical product management...",1.18
senior quantity surveyor- only from road projects,"highway"" "", quantity surveying..., quantity surveyor""",3,6,"highway"" "", quantity surveying..., quantity surveyor""",1.18
senior research analyst- equity research,"equity research, financial modelling, valuation",3,6,"equity research, financial modelling, valuation",1.18
business development manager - mep service,"business development management, market penetration..., sales support",3,6,"business development management, market penetration..., sales support",1.18
"manager, operations - product","healthcare, operations management, vendor management...",3,6,"healthcare, operations management, vendor management...",1.18
analyst - capital markets - mnc hiring in gurgaon,"capital market, settlements, trade settlements",3,6,"capital market, settlements, trade settlements",1.18
urgently required management consultant in australia/canada on pr visa,"business consultant..., business consulting, management consulting",3,6,"business consultant..., business consulting, management consulting",1.18
vice president - business re-sales,"corporate alliances, enterprise alliances, financial analysis...",3,6,"corporate alliances, enterprise alliances, financial analysis...",1.18
purchase manager - automobiles/vehicles/trucks,"purchase management, purchase order..., vendor development",3,6,"purchase management, purchase order..., vendor development",1.18
plant hr & ir manager,"grievance handling..., performance management, talent management",3,6,"grievance handling..., performance management, talent management",1.18
"qa analyst, quality analyst","communication skills, qa analysis, quality analysis",3,6,"communication skills, qa analysis, quality analysis",1.18
database tester opening : xccedance,"bug reporting, test case design..., test case execution",3,6,"bug reporting, test case design..., test case execution",1.18
analyst / sr. analyst in the competitive intelligence team,"clinical development..., competitive intelligence, secondary research",3,6,"clinical development..., competitive intelligence, secondary research",1.18
urgent requirement for data scientist with dxc(csc)-bangalore/chennai,"..., data scientist"" "", machine learning""",3,6,"..., data scientist"" "", machine learning""",1.18
am analytics - marketing / customer / operations analytics @ mnc bpo,"analytics, predictive modeling, scm analytics",3,6,"analytics, predictive modeling, scm analytics",1.18
am/manager - affiliate marketing (u/ ede/affi/m,"market intelligence, marketing campaigns, strategy development...",3,6,"market intelligence, marketing campaigns, strategy development...",1.18
"manager, sales strategy & operations","business planning, sales operations, strategic planning",3,6,"business planning, sales operations, strategic planning",1.18
avp - program management - business/customer/supply chain strategy,"program management..., project management, statistical software",3,6,"program management..., project management, statistical software",1.18
specialist - digital marketing - global ngo- chennai,"email marketing..., google adwords, google analytics",3,6,"email marketing..., google adwords, google analytics",1.18
speech recognition researcher/scientist - dsp,"dsp, speech recognition researcher, speech recognition scientist...",3,6,"dsp, speech recognition researcher, speech recognition scientist...",1.18
manager - collection analytics - bfs,"analytics..., collection analytics, manager - collection analytics",3,6,"analytics..., collection analytics, manager - collection analytics",1.18
senior manager-reporting & analytics (insurance domain,"data analysis, data analytics, tableau",3,6,"data analysis, data analytics, tableau",1.18
senior manager/ manager - analytics - kpo - iit/ nit/ bits,"client relationship, project management, regression modeling...",3,6,"client relationship, project management, regression modeling...",1.18
business development manager - enterprise solutions - bi/ crm,"business development management, lead generation..., sales management",3,6,"business development management, lead generation..., sales management",1.18
business development manager - enterprise solutions - bi/crm/ saas,"business development management, lead generation..., sales management",3,6,"business development management, lead generation..., sales management",1.18
business development manager - enterprise solutions - bi/crm/saas prod,"business development management, lead generation..., sales management",3,6,"business development management, lead generation..., sales management",1.18
business operations manager (home loans/construction finance,"credit administration, credit operations..., operations management",3,6,"credit administration, credit operations..., operations management",1.18
business research lead / manager,"business research, competitive intelligence..., market sizing",3,6,"business research, competitive intelligence..., market sizing",1.18
automation quality assurance engineer,"automation testing, manual testing, test cases...",3,6,"automation testing, manual testing, test cases...",1.18
avp - digital marketing,"digital marketing, sem, social media",3,6,"digital marketing, sem, social media",1.18
"sr analyst, field ts","preventive maintenance, process development..., project management",3,6,"preventive maintenance, process development..., project management",1.18
sr consultant-internal audit,"enterprise risk management, internal audit, risk compliance...",3,6,"enterprise risk management, internal audit, risk compliance...",1.18
associate vice president - banking analytics - kpo - iim/xlri/fms/tiss,"banking analytics, customer management, customer service orientation...",3,6,"banking analytics, customer management, customer service orientation...",1.18
cae vehicle crash modeler /sr. modeler/analyst,"cae, hypermesh, ls - dyna",3,6,"cae, hypermesh, ls - dyna",1.18
campaign manager,"monitoring, seo, social media",3,6,"monitoring, seo, social media",1.18
campaign manager - female preferred,"customer retention, marketing campaigns, public relations...",3,6,"customer retention, marketing campaigns, public relations...",1.18
senior manager,"assurance, consulting, taxation",3,6,"assurance, consulting, taxation",1.18
international sales,"business development, international sales, revenue generation...",3,6,"business development, international sales, revenue generation...",1.18
internet analyst / transcription analyst,"analyst, data analyst, research executive",3,6,"analyst, data analyst, research executive",1.18
informatica (data integration)developer/programmer,"data integration, informatica, informatica developer",3,6,"data integration, informatica, informatica developer",1.18
information security risk manager - banking domain ( 8-12 yrs,"core banking, information security analyst, it security analyst...",3,6,"core banking, information security analyst, it security analyst...",1.18
infrastructure security analyst,"infrastructure security, infrastructure security analyst, owasp zap...",3,6,"infrastructure security, infrastructure security analyst, owasp zap...",1.18
urgent opening | financial analyst | gurgaon,"budgeting..., financial planning financial reporting, forecasting",3,6,"budgeting..., financial planning financial reporting, forecasting",1.18
urgent requirement : hr manager at bhubaneswar,"hr policies, human resource management, od interventions",3,6,"hr policies, human resource management, od interventions",1.18
"urgent requirement for business analyst, insurance","business analysis, business planning, functional decomposition...",3,6,"business analysis, business planning, functional decomposition...",1.18
urgent requirement for cluster,"cluster analysis..., cluster maintenance, cluster operations",3,6,"cluster analysis..., cluster maintenance, cluster operations",1.18
analyst - real estate investment,"credit risk, finance, financial modelling",3,6,"credit risk, finance, financial modelling",1.18
pifs managed services devops senior2/3,"high availability..., service delivery management, sql server administration",3,6,"high availability..., service delivery management, sql server administration",1.18
analyst - valuation analysis & financial modeling - investment banking,"new business development..., private equity, valuation analysis",3,6,"new business development..., private equity, valuation analysis",1.18
head - customer analytics - customer experience - internet/online,"customer analytics..., investment banking, strategy consulting",3,6,"customer analytics..., investment banking, strategy consulting",1.18
manager-electronics commodity,"cost reduction initiatives, process monitoring, vendor contracts...",3,6,"cost reduction initiatives, process monitoring, vendor contracts...",1.18
manager - business development - high frequency trading firm- iim/xlri,"business development management, market research..., strategic partnerships",3,6,"business development management, market research..., strategic partnerships",1.18
manager - cash equities quant - algo trading - tca,"equity, quantitative analysis, quantitative research",3,6,"equity, quantitative analysis, quantitative research",1.18
manager - client services - bfsi,"client interaction, client servicing, gap analysis...",3,6,"client interaction, client servicing, gap analysis...",1.18
manager/senior manager - financial due diligence - big4 shared service,"accounting, credit research..., financial statement analysis",3,6,"accounting, credit research..., financial statement analysis",1.18
manager/senior manager - international business,"business development, channel development, consumer goods...",3,6,"business development, channel development, consumer goods...",1.18
manager/senior manager - product management - tyre,"channel sales, customer research..., marketing planning",3,6,"channel sales, customer research..., marketing planning",1.18
sr. engineer/ asst. manager - process engineering (network design and,"modeling, network design, process engineering",3,6,"modeling, network design, process engineering",1.18
"job opportunity- data analyst ( python, nlp, machine learning) mumbai","machine learning, nlp, python",3,6,"machine learning, nlp, python",1.18
quantitative research role - media,"addressing, analysing, quantitative research",3,6,"addressing, analysing, quantitative research",1.18
regional business manager (sales west zone,"channel distribution..., marketing analytics, sales strategy",3,6,"channel distribution..., marketing analytics, sales strategy",1.18
pas ems ces - analyst,"account management, engagement management, service delivery...",3,6,"account management, engagement management, service delivery...",1.18
associate manager- digital campaigns,"campaign management, digital campaigns..., digital marketing",3,6,"campaign management, digital campaigns..., digital marketing",1.18
associate manager/ npd / medical devices/ delhi- ncr,"design development, performance review..., product development",3,6,"design development, performance review..., product development",1.18
associate team leader / team leader - equity operations,"associate group leader..., associate team leader, team leader",3,6,"associate group leader..., associate team leader, team leader",1.18
sr. investment analyst | real estate pe fund | noida,"business model evaluation..., financial modeling, market research",3,6,"business model evaluation..., financial modeling, market research",1.18
sr. manager abstraction-noida,"contract abstraction, database management..., web hosting",3,6,"contract abstraction, database management..., web hosting",1.18
senior dynamics nav technical consultant (males only,"erp navision, microsoft dynamics navision, navision technical consultant...",3,6,"erp navision, microsoft dynamics navision, navision technical consultant...",1.18
senior engineering manager - bi/analytics,"agile development..., leadership skills, project management",3,6,"agile development..., leadership skills, project management",1.18
senior financial analyst,"accounting software, business finance..., financial analysis",3,6,"accounting software, business finance..., financial analysis",1.18
payments clear2pay,"monitoring, outsourcing, risk management",3,6,"monitoring, outsourcing, risk management",1.18
excel specialist (night shift,"advanced excel, night shift, problem solving",3,6,"advanced excel, night shift, problem solving",1.18
urgent opening for data analyst @ bangalore,"excel, online marketing analyst, social media executive...",3,6,"excel, online marketing analyst, social media executive...",1.18
senior business analyst - fmcg sector - iit/nit,"business analysis, data analytics, excel powerpoint",3,6,"business analysis, data analytics, excel powerpoint",1.18
cognizant - walk-in interview for fresher / experienced (0 -12 yrs,"competitive intelligence, journalism..., mass communication",3,6,"competitive intelligence, journalism..., mass communication",1.18
category head - fmcg,"market research..., sales, trade marketing",3,6,"market research..., sales, trade marketing",1.18
category manager,"business generation, sales, technology marketing",3,6,"business generation, sales, technology marketing",1.18
hiring lead statistical programmer for an mnc at bangalore,"sas programmer, statistical programmer..., statistical programming",3,6,"sas programmer, statistical programmer..., statistical programming",1.18
hiring power point professional for one of the big 4,"ms office powerpoint, power point presentation, powerpoint",3,6,"ms office powerpoint, power point presentation, powerpoint",1.18
m3 technical and functional consultant,"m3 functional, m3 technical, m3 techno functional",3,6,"m3 functional, m3 technical, m3 techno functional",1.18
magento developer,"magento developer, magento programmer..., technical analysis",3,6,"magento developer, magento programmer..., technical analysis",1.18
client financial management analyst,"budgeting, financial planning, forecasting",3,6,"budgeting, financial planning, forecasting",1.18
senior developer- cloud platform,"cloud foundry, engineering services..., performance engineering",3,6,"cloud foundry, engineering services..., performance engineering",1.18
senior business analyst/assistant manager - machine learning/r/python,"deep learning, machine learning, natural language processing...",3,6,"deep learning, machine learning, natural language processing...",1.18
senior business financial analyst,"corporate finance, financial accounting, financial analysis...",3,6,"corporate finance, financial accounting, financial analysis...",1.18
urgent opening for campaign success manager,"business development, digital marketing, social media marketing...",3,6,"business development, digital marketing, social media marketing...",1.18
analyst/associate - investments,"finance, financial modelling, financial statement analysis...",3,6,"finance, financial modelling, financial statement analysis...",1.18
inside product specialist - global compute and networking,"intellectual property, technical sales representative..., virtualization",3,6,"intellectual property, technical sales representative..., virtualization",1.18
instrumentation & control engineer,"field instrumentation, production engineering, project leadership...",3,6,"field instrumentation, production engineering, project leadership...",1.18
email support executive,"email application support, email support, email support analyst...",3,6,"email application support, email support, email support analyst...",1.18
key accounts manager,"client servicing..., operations management, project management",3,6,"client servicing..., operations management, project management",1.18
urgent iqvia hiring : medical technologist (flow cytometry,"flow cytometer, flow cytometry, phd researcher",3,6,"flow cytometer, flow cytometry, phd researcher",1.18
relationship manager/ sales executive,"marketing, sales executive activities, sales management...",3,6,"marketing, sales executive activities, sales management...",1.18
oracle apps - financials techno functional,"accounts receivable, ar, oracle apps",3,6,"accounts receivable, ar, oracle apps",1.18
out-patient coding,"cpc certification, epic experience, out - patient medical coding",3,6,"cpc certification, epic experience, out - patient medical coding",1.18
overseas placement for business services managers,"accounting firm manager..., contact centre manager, service management",3,6,"accounting firm manager..., contact centre manager, service management",1.18
p&bm analyst,"analytics, p&bm analyst, visual basics",3,6,"analytics, p&bm analyst, visual basics",1.18
paid advertising specialist,"facebook, paid advertising specialist, ppc",3,6,"facebook, paid advertising specialist, ppc",1.18
client service/ relationship manager - internet marketing optimization,"client servicing, internet marketing, relationship management...",3,6,"client servicing, internet marketing, relationship management...",1.18
mechanical engineer,"finite element analysis, piping fea..., piping stress analysis",3,6,"finite element analysis, piping fea..., piping stress analysis",1.18
full stack software developer,"product development, software development, software engineering...",3,6,"product development, software development, software engineering...",1.18
associate consultant-csr (corporate social responsibility,"corporate social responsibility, report writing..., research analysis",3,6,"corporate social responsibility, report writing..., research analysis",1.18
associate director - outsourcing - business development - bfsi vertica,"business development, client account management..., solution selling",3,6,"business development, client account management..., solution selling",1.18
sr. technologist - mining,"process efficiency, process improvement..., process mapping",3,6,"process efficiency, process improvement..., process mapping",1.18
leadership role - cybersecurity,"business development, information security management..., solution selling",3,6,"business development, information security management..., solution selling",1.18
senior analyst: voice and accent training: chandigarh,"behavioral training, knowledge management..., soft skills training",3,6,"behavioral training, knowledge management..., soft skills training",1.18
consultant knol,"mysql, oracle, product development",3,6,"mysql, oracle, product development",1.18
commodity research analyst,"fundamental research, research analysis..., technical analysis",3,6,"fundamental research, research analysis..., technical analysis",1.18
community manager - american sports,"community management, community manager, content management...",3,6,"community management, community manager, content management...",1.18
senior business analyst- mumbai (telecom,"business analysis, senior management, strategy",3,6,"business analysis, senior management, strategy",1.18
hiring for quality analyst - bangalore,"educational qualification, kpi, quality analysis",3,6,"educational qualification, kpi, quality analysis",1.18
hiring for relationship manager_wealth(cross selling)_thane location,"business development, relationship management..., sales",3,6,"business development, relationship management..., sales",1.18
statistical analysis,"change management, manager quality assurance, problem management...",3,6,"change management, manager quality assurance, problem management...",1.18
strategic trends lead,"competitive intelligence, market research, strategy consulting...",3,6,"competitive intelligence, market research, strategy consulting...",1.18
structural engineering expert,"structural analysis..., structural design, structural engineering",3,6,"structural analysis..., structural design, structural engineering",1.18
subject matter expert - biology / psychology / statistics,"sme, subject matter expertise, subject matter specialist...",3,6,"sme, subject matter expertise, subject matter specialist...",1.18
construction manager leader,"construction management..., maintenance management, planning",3,6,"construction management..., maintenance management, planning",1.18
senior associate - learning at zs,"curriculum development, learning, learning & development...",3,6,"curriculum development, learning, learning & development...",1.18
senior automation test engineer,"software testing, test engineering, test scripts...",3,6,"software testing, test engineering, test scripts...",1.18
executive custome executive (merchandising,"communication skills, html, xml",3,6,"communication skills, html, xml",1.18
opportunities for analyst programmer in australia psma,"analyst programmer, debugging, programmer analyst",3,6,"analyst programmer, debugging, programmer analyst",1.18
opportunities for ict business analyst in australia chsat,"business analysis, business analyst..., system analyst",3,6,"business analysis, business analyst..., system analyst",1.18
opportunities for ict business analyst in australia jpan,"business analysis, business analyst..., system analyst",3,6,"business analysis, business analyst..., system analyst",1.18
trainer and senior trainer,"ojt, tna, training need analysis",3,6,"ojt, tna, training need analysis",1.18
training coordinator,"management systems, training coordination, training management",3,6,"management systems, training coordination, training management",1.18
applications engineer,"product design, software development life cycle, software solutions...",3,6,"product design, software development life cycle, software solutions...",1.18
revenue management analytics & operations support @ bangalore,"revenue analysis, revenue analyst, revenue management",3,6,"revenue analysis, revenue analyst, revenue management",1.18
rf domain expert,"competitive analysis, interpersonal communication, rf testing...",3,6,"competitive analysis, interpersonal communication, rf testing...",1.18
urgent hiring for business analyst - leading it company @greater noida,"business analysis, business analyst, insurance",3,6,"business analysis, business analyst, insurance",1.18
junior product owner - roadmap/ strategy,"project analysis..., project management, requirement gathering",3,6,"project analysis..., project management, requirement gathering",1.18
junior quantitative analyst - active quantitative equities,"data science, quantitative research..., research analysis",3,6,"data science, quantitative research..., research analysis",1.18
metal operator,"contract administration..., risk mitigation, trade finance",3,6,"contract administration..., risk mitigation, trade finance",1.18
supply chain solutions analyst | mnc,"scm solutions, supply chain analyst, supply chain solutions...",3,6,"scm solutions, supply chain analyst, supply chain solutions...",1.18
product manager/ product solution analyst/ security consultant,"end user, information security..., product management",3,6,"end user, information security..., product management",1.18
sas analytics - banking domain - iit,"analytics, preferred banking, sas analytics",3,6,"analytics, preferred banking, sas analytics",1.18
senior analyst - analytics,"deep learning, machine learning, natural language processing...",3,6,"deep learning, machine learning, natural language processing...",1.18
financial planning & analysis manager / dm - mnc - offrole - chennai,"financial planning, fp&a, manager financial planning analysis...",3,6,"financial planning, fp&a, manager financial planning analysis...",1.18
senior analyst- accounting,"accounting, accrual accounting"", budgeting...",3,6,"accounting, accrual accounting"", budgeting...",1.18
product manager - internet / mobile,"process orientation..., product development, product management",3,6,"process orientation..., product development, product management",1.18
tableau developer / it mnc / bangalore,"tableau developer, tableau programmer, tableau software engineer",3,6,"tableau developer, tableau programmer, tableau software engineer",1.18
assistant manager- mis analyst,"data analyst, mis, mis analyst",3,6,"data analyst, mis, mis analyst",1.18
assistant manager-acoustic/acoustic engineer,"equipment maintenance, production supervising, supervision...",3,6,"equipment maintenance, production supervising, supervision...",1.18
tas - dna senior analyst- epb,"fixed income securities, options, structured products...",3,6,"fixed income securities, options, structured products...",1.18
lead enterprise applications architect,"project leading, project management, technical leadership...",3,6,"project leading, project management, technical leadership...",1.18
tr customer support officer,"analytical, computer fundamentals, customer support",3,6,"analytical, computer fundamentals, customer support",1.18
area home sales lead,"customer acquisition, distribution, sales",3,6,"customer acquisition, distribution, sales",1.18
inbound - sr marketing specialist - social marketing specialist,"corporate marketing..., marketing campaigns, social media marketing",3,6,"corporate marketing..., marketing campaigns, social media marketing",1.18
lead - data analytics - customer experience management,"customer experience management, data analytics, data quality...",3,6,"customer experience management, data analytics, data quality...",1.18
icg misg business analytics specialist,"business analytics, icg misg business analytics..., quality assurance",3,6,"business analytics, icg misg business analytics..., quality assurance",1.18
coporate opportunity for researchers-apac/ uk shift,"international bpo..., international call center, rpo",3,6,"international bpo..., international call center, rpo",1.18
lead campaign analyst,"display advertising, marketing campaigns, product positioning...",3,6,"display advertising, marketing campaigns, product positioning...",1.18
the business continuity & risk analyst,"business continuity management, risk analysis..., risk management",3,6,"business continuity management, risk analysis..., risk management",1.18
threat hunting specialist - edr products,"carbon black..., networking protocols, system administration",3,6,"carbon black..., networking protocols, system administration",1.18
"royal bank of scotland, chennai: vacancies for analyst","customer satisfaction..., customer service operations, process training",3,6,"customer satisfaction..., customer service operations, process training",1.18
rpa configuration specialist,"change management..., sap crm, service operations management",3,6,"change management..., sap crm, service operations management",1.18
"rsa technical analyst, development & support","application support..., stakeholder management, technical analysis",3,6,"application support..., stakeholder management, technical analysis",1.18
lead software designer,"java concurrency, java multithreading, soa",3,6,"java concurrency, java multithreading, soa",1.18
lead software development engineer/principal engineer - big data/java,"big data, hive, java",3,6,"big data, hive, java",1.18
lead system designer - it products,"customer satisfaction, design analysis, design development...",3,6,"customer satisfaction, design analysis, design development...",1.18
hiring sales professionals in it domain with international experience,"business development, international sales, it solution sales...",3,6,"business development, international sales, it solution sales...",1.18
hr analytic & reporting analyst,"hr analytics, hr operations, recruitment",3,6,"hr analytics, hr operations, recruitment",1.18
finance controller - ca/ cs - internet/ online,"accounting operations, accounts payable..., finance control",3,6,"accounting operations, accounts payable..., finance control",1.18
search engine marketing expert,"digital marketing, display advertising..., search engine marketing",3,6,"digital marketing, display advertising..., search engine marketing",1.18
security operations analyst,"nessus, splunk, wireshark",3,6,"nessus, splunk, wireshark",1.18
walk-in interview for various position in lincoln pharma @ corporate,"analytical method development..., analytical method validation, hplc",3,6,"analytical method development..., analytical method validation, hplc",1.18
lead / principal lead business planning / cost accounting,"business planner, business planning, cost accounting",3,6,"business planner, business planning, cost accounting",1.18
assistant manager operations,"daily operations..., operational excellence, operations management",3,6,"daily operations..., operational excellence, operations management",1.18
team lead/ assistant manager/ manager- regulatory reporting & control,"auditing..., operational risk management, team leading",3,6,"auditing..., operational risk management, team leading",1.18
tech lead - business intelligence & data science & analytics,"business intelligence..., predictive analytics, statistical modeling",3,6,"business intelligence..., predictive analytics, statistical modeling",1.18
"tech lead/sse mvc angular, taazaa inc. noida","client mgt, effort estimation..., tech proposal",3,6,"client mgt, effort estimation..., tech proposal",1.18
tech mahindra is hiring for freshers for the role of scm @ hyderabad,"analytical skills, scm, supply chain management",3,6,"analytical skills, scm, supply chain management",1.18
technical business analyst - mobile,"application development, business analysis, mobile development...",3,6,"application development, business analysis, mobile development...",1.18
"technical business analyst, associate","business analyst, business technical analyst, technical analyst",3,6,"business analyst, business technical analyst, technical analyst",1.18
technical expert - food & beverage,"plc, preventive maintenance, technical analysis",3,6,"plc, preventive maintenance, technical analysis",1.18
product manager - insurance - iit/ nit/ iim/ isb,"business improvement..., customer experience, product management",3,6,"business improvement..., customer experience, product management",1.18
assistant manager - content & knowledge management,"knowledge management, process improvement..., team management",3,6,"knowledge management, process improvement..., team management",1.18
"assistant manager - market intelligence, hyderabad","competitive intelligence..., data analysis, market intelligence",3,6,"competitive intelligence..., data analysis, market intelligence",1.18
data analytics director,"big data analytics, delivery management..., technical architecture",3,6,"big data analytics, delivery management..., technical architecture",1.18
test analyst - technology,".net, c#, test cases",3,6,".net, c#, test cases",1.18
immediate opening for core java/spring/rest,"core java, rest, spring",3,6,"core java, rest, spring",1.18
adobe analytics/ digital analyst -immediate joiners,"adobe analytics, digital analyst, digital marketing",3,6,"adobe analytics, digital analyst, digital marketing",1.18
app develop tech lead - informatica,"app develop tech lead - informatica, applications engineer",2,6,"app develop tech lead - informatica, applications engineer",0.79
selenium,"outsourcing, selenium",2,6,"outsourcing, selenium",0.79
microstrategy,"microstrategy, outsourcing",2,6,"microstrategy, outsourcing",0.79
data science analyst,"data science, tableau",2,6,"data science, tableau",0.79
"sr. it erp/sap business process analyst - sap mm, srm, and tax","mm, srm",2,6,"mm, srm",0.79
technical writer,"technical documentation, technical writing",2,6,"technical documentation, technical writing",0.79
sem manager,"sem, ppc",2,5,"sem, ppc",0.66
hr manager,"recruitment, hr",2,5,"recruitment, hr",0.66
sales analyst,"sales analysis, advanced excel",2,5,"sales analysis, advanced excel",0.66
ibm datastage,"datastage, sql",2,5,"datastage, sql",0.66
international business development executive,"international business development, market research",2,5,"international business development, market research",0.66
senior security analyst,"security analysis, siem",2,5,"security analysis, siem",0.66
associate manager,"channel partners, top management",2,4,"channel partners, top management",0.53
chief executive officer,"client relationship management, competitive market analysis...",2,4,"client relationship management, competitive market analysis...",0.53
fro tir projects avp,"ba, business analyst",2,4,"ba, business analyst",0.53
sre engineer,"..., sre engineer",2,4,"..., sre engineer",0.53
mobilization program management,"client management, solution architecture",2,4,"client management, solution architecture",0.53
microsoft dynamics navision finance consultant,"microsoft dynamics navision finance consultant, microsoft dynamics navision...",2,4,"microsoft dynamics navision finance consultant, microsoft dynamics navision...",0.53
clinical sas programmer,"adam, sdtm",2,4,"adam, sdtm",0.53
data science (jupyter/azure ml/matlab,"matlab, python",2,4,"matlab, python",0.53
"senior financial analyst - hyderabad, ts","senior financial analyst - hyderabad, ts",2,4,"senior financial analyst - hyderabad, ts",0.53
senior executive - catalog-operations analyst for a leading e-commerce,"competitive analysis, strong interpersonal skills...",2,4,"competitive analysis, strong interpersonal skills...",0.53
distribution resource planning analyst,"demand planning, supply chain",2,4,"demand planning, supply chain",0.53
"walk-in drive for python developer on 15-oct @ eclerx (hinjewadi, pune","python developer, python programmer",2,4,"python developer, python programmer",0.53
walkin drive - quality analyst (call monitoring) between 4pm to 6pm,"call monitoring, quality analysis",2,4,"call monitoring, quality analysis",0.53
angularjs 2 plus developer for usa startup in post launch stage,"angularjs, javascript",2,4,"angularjs, javascript",0.53
cost accountant,"auditing, finance",2,4,"auditing, finance",0.53
data quality analyst - bi tools,"informatica..., sql",2,4,"informatica..., sql",0.53
arcsight security information and event management,"outsourcing, siem",2,4,"outsourcing, siem",0.53
"architecture analyst - hyderabad, ts","architecture analyst - hyderabad, ts",2,4,"architecture analyst - hyderabad, ts",0.53
financial planning & analysis -- bangalore,"finance, financial planning",2,4,"finance, financial planning",0.53
talend etl,"crm, recruitment",2,4,"crm, recruitment",0.53
immediate hiring on power bi for gurgaon location,"power bi"", powerbi",2,4,"power bi"", powerbi",0.53
tech operations analyst,"software engineer, tech operations analyst",2,4,"software engineer, tech operations analyst",0.53
urgent opening for technical sales coordinator,"sales coordination, technical sales",2,4,"sales coordination, technical sales",0.53
performance test engineer,"performance testing, test engineering",2,4,"performance testing, test engineering",0.53
manager - brand communication & client services - loyalty campaign,"marketing, sales analysis",2,4,"marketing, sales analysis",0.53
urgent opening for digital analytics - adobe analytics,"html"", javascript",2,4,"html"", javascript",0.53
we have opening for business analyst - it at santacruz location,"business analysis, real estate",2,4,"business analysis, real estate",0.53
sales strategy & operations sales force optimization associate,"data analytics, sales strategy",2,4,"data analytics, sales strategy",0.53
technical lead - etl/ informatica,"etl, informatica",2,4,"etl, informatica",0.53
sap s/4hana accounting,"outsourcing, project management",2,4,"outsourcing, project management",0.53
sap successfactors workforce analytics developer,"sap successfactors workforce analytics developer, sap successfactors...",2,4,"sap successfactors workforce analytics developer, sap successfactors...",0.53
sap hana studios,"business process, outsourcing",2,4,"business process, outsourcing",0.53
assistant manager - marketing - payment gateway,"digital marketing, sales",2,4,"digital marketing, sales",0.53
accounts officer,"accounting, finance",2,4,"accounting, finance",0.53
sap master data governance for material data (mdg-m tool,"business process, sap",2,4,"business process, sap",0.53
we are hiring freshers for the roles scm & mdm @ tech mahindra _ hyd,"scm, supply chain management",2,4,"scm, supply chain management",0.53
"assistant manager - accounting - hyderabad, ts","assistant manager - accounting - hyderabad, ts",2,4,"assistant manager - accounting - hyderabad, ts",0.53
financial accountant,"finance, financial accounting",2,4,"finance, financial accounting",0.53
rpa - automation anywhere,"aa, automation anywhere",2,4,"aa, automation anywhere",0.53
female hr business manager for a bank in mumbai,"hr business associate..., hr business partner",2,4,"hr business associate..., hr business partner",0.53
immediate oppurtunity for security analyst with mnc client @ bangalore,"dlp and checkpoint or cisco or asa or fortigate, siem",2,4,"dlp and checkpoint or cisco or asa or fortigate, siem",0.53
immediate: osi pi openings with cmmi level 5 company -pune/bangalore,"osi, pi",2,4,"osi, pi",0.53
immediate openings for python developer - chennai,"django, python",2,4,"django, python",0.53
consultant,"advanced excel, secondary research",2,4,"advanced excel, secondary research",0.53
"associate data analyst - hyderabad, ts","associate data analyst - hyderabad, ts",2,4,"associate data analyst - hyderabad, ts",0.53
systems analyst,"senior analyst, siebel",2,4,"senior analyst, siebel",0.53
"senior data scientist - hyderabad, ts","senior data scientist - hyderabad, ts",2,4,"senior data scientist - hyderabad, ts",0.53
java with hadoop developer f2f on sep 15th saturday@ bangalore,"hadoop developer, java",2,4,"hadoop developer, java",0.53
hiring for it business system analyst - sap,"business system, system analysis",2,4,"business system, system analysis",0.53
dell boomi,"business process, outsourcing",2,4,"business process, outsourcing",0.53
commodity analyst - research analyst,"balance sheet, research analysis",2,4,"balance sheet, research analysis",0.53
"senior business analyst - ie - noida, up","senior business analyst - ie - noida, up",2,4,"senior business analyst - ie - noida, up",0.53
strategy consultant - education/hr/supply chain/construction/finance,"business research, market research",2,4,"business research, market research",0.53
senior big data engineer,"big data, hadoop",2,4,"big data, hadoop",0.53
patent agent (electronics/computers/mechanical) - drafting must,"engineering patent agent, patent agent",2,4,"engineering patent agent, patent agent",0.53
quant analyst - content development - algorithmic/quantitative trading,"computer science, content development",2,4,"computer science, content development",0.53
pay per click expert,"ppc, tracking",2,4,"ppc, tracking",0.53
general manager - sales & marketing - payment gateway,"b2b sales, sales forecasting...",2,4,"b2b sales, sales forecasting...",0.53
etl developer job opening,"etl, talend",2,4,"etl, talend",0.53
digital marketing manager/ executive noida -62,"digital marketing, marketing management",2,4,"digital marketing, marketing management",0.53
internal audit professional (insurance sector,"auditing, internal audit",2,4,"auditing, internal audit",0.53
"manager data science - hyderabad, ts","manager data science - hyderabad, ts",2,4,"manager data science - hyderabad, ts",0.53
deputy manager - plant finance,"accounts payable, fixed asset accounting",2,4,"accounts payable, fixed asset accounting",0.53
java developer / sr. java developer / lead java developer,"j2ee, java",2,4,"j2ee, java",0.53
business analyst | it mnc of aeronube technology | chennai,"business analyst, wealth management",2,4,"business analyst, wealth management",0.53
java platform language and class libraries,"business process, outsourcing",2,4,"business process, outsourcing",0.53
product manager 3,"manager, product",2,4,"manager, product",0.53
head - trading - market making/high frequency trading - iit/ nit/ bits,"high frequency trading, trading",2,4,"high frequency trading, trading",0.53
pmt - (pm / sr. pm / gpm) - mumbai,"marketing, pain management",2,4,"marketing, pain management",0.53
service now developer @ hyd.contract to hire- interview @ 03-nov(sat,"service now, servicenow",2,4,"service now, servicenow",0.53
software engineer - ecommerce platform,"mysql, php",2,4,"mysql, php",0.53
software quality analyst (sqa,"cmmi, iso",2,4,"cmmi, iso",0.53
senior software development engineer - test,"java, testng",2,4,"java, testng",0.53
project coordinator,project coordination,1,4,project coordination,0.26
hiring for a software engineer,core java,1,3,core java,0.2
java/j2ee project management @ pune(immediate/30 days,java,1,3,java,0.2
credit analyst,credit analysis,1,3,credit analysis,0.2
technical support engineer,technical support,1,3,technical support,0.2
java full stack developer,java,1,3,java,0.2
senior manager- r modelling - banking/credit card domain - bfsi - iit,analytics,1,2,analytics,0.13
solutions consultant / business analyst,uat,1,2,uat,0.13
"manager, analytics",adobe dtm,1,2,adobe dtm,0.13
"senior manager, email campaign",marketing campaigns,1,2,marketing campaigns,0.13
business finance analyst,business finance,1,2,business finance,0.13
marketing program manager,events,1,2,events,0.13
data scientist - artificial intelligence/machine learning,machine learning,1,2,machine learning,0.13
senior analyst/analyst - business growth & new opportunities - iim/isb,business planning,1,2,business planning,0.13
sales leader - ecommerce & consumer electronics,sales strategy,1,2,sales strategy,0.13
digital marketing expert,seo,1,2,seo,0.13
"software development senior analyst- ""cool:gen",coolgen,1,2,coolgen,0.13
programmer/ analyst,system implementation,1,2,system implementation,0.13
solution architech,system architect,1,2,system architect,0.13
software tester,test cases,1,2,test cases,0.13
automation test engineer,test engineering,1,2,test engineering,0.13
project manager analytics,project management,1,2,project management,0.13
project manager - seo,project manager - seo,1,2,project manager - seo,0.13
manager - fraud analytics - bfsi domain,sas,1,2,sas,0.13
purchase manager,purchase management,1,2,purchase management,0.13
business finance manager,business finance,1,2,business finance,0.13
associate vice president - healthcare analytics - sas + statistical,sas,1,2,sas,0.13
research analyst - banking sector,research analyst,1,2,research analyst,0.13
senior application developer,senior application developer,1,2,senior application developer,0.13
general manager - risk & policy - bfsi,risk management,1,2,risk management,0.13
mobile apps designer,mobile apps designer,1,2,mobile apps designer,0.13
opportunity for application support engineers(immediate/15days joiner,application support,1,2,application support,0.13
opportunity to work as social media specialist in organisation,social media,1,2,social media,0.13
immediate requirement for team manger - business intelligent,team management,1,2,team management,0.13
supply chain / procurement analytics - a con\ con,supply chain,1,2,supply chain,0.13
application support engineer,application support,1,2,application support,0.13
ts- us-senior analyst,accounting,1,2,accounting,0.13
junior accountant,accounting,1,2,accounting,0.13
associate senior software engineer (ror,specialized analytics analyst,1,2,specialized analytics analyst,0.13
associate technical support analyst - desktop support - hyderabad,associate technical support analyst - desktop support - hyderabad,1,2,associate technical support analyst - desktop support - hyderabad,0.13
quality manager,quality management,1,2,quality management,0.13
engagement manager,engagement management,1,2,engagement management,0.13
engineer,agile...,1,2,agile...,0.13
engineer big data,engineer big data,1,2,engineer big data,0.13
digital data engineering practitioner,python,1,2,python,0.13
analyst - application development,application development,1,2,application development,0.13
digital marketing strategist,digital marketing,1,2,digital marketing,0.13
pricing analyst,analytics,1,2,analytics,0.13
seo expert,seo,1,2,seo,0.13
digital marketing faculty,digital marketing,1,2,digital marketing,0.13
manager / senior manager - operational projects,operational projects,1,2,operational projects,0.13
brand manager,brand management,1,2,brand management,0.13
manager - sas analytics - banking & retail domain - kpo,customer segmentation,1,2,customer segmentation,0.13
head finance & accounts,accounting,1,2,accounting,0.13
seo,seo,1,2,seo,0.13
business analyst - bfsi domain,business analysis,1,2,business analysis,0.13
business analyst adm for bangalore location,business analyst adm,1,2,business analyst adm,0.13
payroll executive,payroll,1,2,payroll,0.13
chief financial officer,accounting,1,2,accounting,0.13
senior data engineering analyst - big data - multiple locations,senior data engineering analyst - big data - multiple locations,1,2,senior data engineering analyst - big data - multiple locations,0.13
senior front end developer,javascript,1,2,javascript,0.13
general manager finance & accounts,corporate finance,1,2,corporate finance,0.13
analytics,sas,1,2,sas,0.13
data science engineer,data science,1,2,data science,0.13
paid marketing - be beautiful (hul,paid marketing,1,2,paid marketing,0.13
data scientist - machine learning,machine learning,1,2,machine learning,0.13
senior business analyst - risk capability - testing,software qa,1,2,software qa,0.13
hr data analyst,data analysis,1,2,data analysis,0.13
life enforcenment,life enforcenment,1,2,life enforcenment,0.13
lte senior developer/lead/architect,lte,1,2,lte,0.13
area sales manager,area sales manager,1,2,area sales manager,0.13
openings on aem developer,aem,1,2,aem,0.13
opening for senior manager brand marketing with hungama digital,marketing,1,2,marketing,0.13
ibm sterling commerce,outsourcing,1,2,outsourcing,0.13
sas egrc consultant,sas,1,2,sas,0.13
lead program integrator - java/j2ee,java,1,2,java,0.13
assistant manager accounts payable,accounts payable,1,2,accounts payable,0.13
female recruitment executive / administrative / business dev /back off,recruit,1,2,recruit,0.13
salesforce business analyst,salesforce,1,2,salesforce,0.13
sap purchasing (mm po,outsourcing,1,2,outsourcing,0.13
executive/sr. executive ? data (web) marketing,seo,1,2,seo,0.13
test analyst,qa testing,1,2,qa testing,0.13
finance executive,accounting,1,2,accounting,0.13
territory sales manager,territory sales management,1,2,territory sales management,0.13
opening for business development manager,business development management,1,2,business development management,0.13
accounts manager,finance,1,2,finance,0.13
assistant digital marketing manager,digital marketing,1,2,digital marketing,0.13
process associate / sr process associate / tech associate,voice support,1,2,voice support,0.13
youtube channel manager,management,1,2,management,0.13
tender executive,tender preparation,1,2,tender preparation,0.13
research associate,advanced excel,1,2,advanced excel,0.13
research executive,research,1,2,research,0.13
risk analyst,risk analysis,1,2,risk analysis,0.13
senior manager research scientist - machine learning,machine learning,1,2,machine learning,0.13
manager - csc citilean process analyst,project management,1,2,project management,0.13
sr. designer,sr. designer,1,2,sr. designer,0.13
"business systems analysis, analyst",project management,1,2,project management,0.13
senior java developer,core java,1,2,core java,0.13
sql developer - bi & analytics domain,sql,1,2,sql,0.13
avp - analytics - sas - banking domain,analytics,1,2,analytics,0.13
sr. data analyst,data analysis,1,2,data analysis,0.13
